# vtk DataFile Version 2.0
sampleSurface
ASCII
DATASET POLYDATA
POINTS 12545 float
-3.20419e-08 -0.373704 -0.0808268 0.0107041 -0.373762 -0.0808039 -0.0107041 -0.373762 -0.0808039 -0.020952 -0.373876
-0.0808159 0.0209519 -0.373876 -0.0808159 0.0303635 -0.37397 -0.0809462 -0.0303636 -0.37397 -0.0809463
0.0388636 -0.374002 -0.0811298 -0.0388637 -0.374002 -0.0811298 -0.0465823 -0.373952 -0.0812642 0.0465822
-0.373952 -0.0812642 0.0541645 -0.37384 -0.0812471 -0.0541646 -0.37384 -0.0812471 -0.0624165 -0.37369
-0.0810011 0.0624164 -0.37369 -0.0810012 0.0722706 -0.373497 -0.0805495 -0.0722707 -0.373497 -0.0805495
-0.0841733 -0.373249 -0.0799305 0.0841732 -0.373249 -0.0799305 0.118604 -0.373037 -0.00823268 -0.118604
-0.373037 -0.0082327 0.11857 -0.372801 -0.0162334 -0.11857 -0.372801 -0.0162334 0.118641 -0.373094
-0.00647639 -0.118641 -0.373095 -0.00647636 0.1187 -0.373166 -0.004795 -0.1187 -0.373166 -0.004795
0.118757 -0.373402 0.000238612 -0.118757 -0.373402 0.000238612 0.118508 -0.372297 -0.0343417 -0.118508
-0.372297 -0.0343417 0.118807 -0.373892 0.0103898 -0.118807 -0.373892 0.0103898 -0.0964972 -0.372941
-0.0791434 0.0964971 -0.372941 -0.0791434 0.118945 -0.374535 0.0235203 -0.118945 -0.374535 0.0235203
0.118372 -0.37188 -0.054453 -0.118372 -0.37188 -0.054453 0.10719 -0.372579 -0.0778915 -0.107191
-0.372579 -0.0778915 0.119239 -0.375221 0.0371359 -0.119239 -0.375221 0.0371359 0.117727 -0.371894
-0.067775 -0.117727 -0.371894 -0.067775 0.114575 -0.372202 -0.0747336 -0.114575 -0.372202 -0.0747336
0.119527 -0.375993 0.0512221 -0.119527 -0.375993 0.0512221 -3.17584e-08 -0.382952 0.114621 -0.00891095
-0.382914 0.114621 0.00891089 -0.382914 0.114621 0.0181684 -0.382839 0.114619 -0.0181685 -0.382839
0.114619 0.0278518 -0.382769 0.114612 -0.0278518 -0.382769 0.114612 0.119299 -0.376904 0.0661772
-0.119299 -0.376904 0.0661772 0.0369709 -0.382686 0.114608 -0.0369709 -0.382686 0.114608 0.0446985
-0.382557 0.114624 -0.0446986 -0.382557 0.114624 0.051928 -0.382358 0.114693 -0.051928 -0.382358
0.114693 0.0597413 -0.382066 0.1148 -0.0597414 -0.382066 0.1148 0.116877 -0.377889 0.0815721
-0.116877 -0.377889 0.0815721 0.0682548 -0.381636 0.114702 -0.0682548 -0.381636 0.114702 0.0772644
-0.381062 0.1142 -0.0772644 -0.381062 0.1142 0.0862516 -0.380508 0.113483 -0.0862516 -0.380508
0.113483 0.110976 -0.378844 0.0962869 -0.110976 -0.378844 0.096287 0.0947777 -0.380093 0.112176
-0.0947778 -0.380093 0.112176 0.103039 -0.37961 0.107267 -0.103039 -0.37961 0.107267 0.0940525
-0.462701 0.0665052 -0.0940526 -0.462701 0.0665052 0.0921927 -0.463343 0.0664809 -0.0921928 -0.463343
0.0664809 0.0922171 -0.463598 0.0655807 -0.0922172 -0.463598 0.0655807 0.0940549 -0.463267 0.0654072
-0.094055 -0.463267 0.0654072 0.0922171 -0.463613 0.0673613 -0.0922172 -0.463613 0.0673613 0.0940549
-0.463283 0.0675598 -0.094055 -0.463283 0.0675598 0.0921863 -0.464938 0.0650933 -0.0921864 -0.464938
0.0650933 0.0921327 -0.464926 0.0664211 -0.0921328 -0.464926 0.0664211 0.0940513 -0.464893 0.064526
-0.0940514 -0.464893 0.064526 0.0921863 -0.464967 0.0677468 -0.0921864 -0.464967 0.0677468 0.0940513
-0.464934 0.0683171 -0.0940514 -0.464934 0.0683171 0.106248 -0.462609 0.0665087 -0.106248 -0.462609
0.0665087 0.106248 -0.463199 0.0653732 -0.106248 -0.463199 0.0653732 0.106248 -0.463215 0.0675989
-0.106248 -0.463215 0.0675989 0.0921799 -0.467167 0.0645547 -0.09218 -0.467167 0.0645547 0.0940501
-0.467156 0.0637756 -0.0940502 -0.467156 0.0637756 0.0921241 -0.467192 0.0663354 -0.0921242 -0.467192
0.0663354 0.0921799 -0.467217 0.0681161 -0.0921799 -0.467217 0.0681161 0.106248 -0.464879 0.0644466
-0.106248 -0.464879 0.0644466 0.0940501 -0.467228 0.0688952 -0.0940502 -0.467228 0.0688952 0.106248
-0.464922 0.0683974 -0.106248 -0.464922 0.0683974 0.0921799 -0.469547 0.0640235 -0.09218 -0.469547
0.0640235 0.0940501 -0.469531 0.0630516 -0.0940502 -0.469531 0.0630516 0.0921241 -0.469583 0.066245
-0.0921242 -0.469583 0.066245 0.106248 -0.467155 0.0636643 -0.106248 -0.467155 0.0636643 0.0921799
-0.46962 0.0684664 -0.09218 -0.46962 0.0684664 0.0940501 -0.469635 0.0694383 -0.0940502 -0.469635
0.0694383 0.106248 -0.46723 0.0690065 -0.106248 -0.46723 0.0690065 0.0921799 -0.471927 0.0635194
-0.09218 -0.471927 0.0635194 0.0940501 -0.471907 0.0623665 -0.0940502 -0.471907 0.0623665 0.0921241
-0.471975 0.0661546 -0.0921242 -0.471975 0.0661546 0.106248 -0.46953 0.0629128 -0.106248 -0.46953
0.0629128 0.0921799 -0.472022 0.0687897 -0.09218 -0.472022 0.0687897 0.133859 -0.462609 0.0665087
-0.13386 -0.462609 0.0665087 0.0940501 -0.472042 0.0699426 -0.0940502 -0.472043 0.0699426 0.106248
-0.469637 0.0695772 -0.106248 -0.469637 0.0695772 0.133859 -0.463199 0.0653732 -0.13386 -0.463199
0.0653732 0.133859 -0.463215 0.0675989 -0.13386 -0.463215 0.0675989 0.0921799 -0.474308 0.0630603
-0.09218 -0.474308 0.0630603 0.0940501 -0.474283 0.0617461 -0.0940502 -0.474283 0.0617461 0.106248
-0.471904 0.0622018 -0.106248 -0.471904 0.0622018 0.0921241 -0.474366 0.0660642 -0.0921242 -0.474366
0.0660642 0.133859 -0.464879 0.0644466 -0.13386 -0.464879 0.0644466 0.0921799 -0.474424 0.069068
-0.09218 -0.474424 0.069068 0.133859 -0.464922 0.0683974 -0.13386 -0.464922 0.0683974 0.0940501
-0.474449 0.0703822 -0.0940502 -0.474449 0.0703822 0.106248 -0.472045 0.0701073 -0.106248 -0.472045
0.0701073 0.0921799 -0.476688 0.0626283 -0.09218 -0.476688 0.0626283 0.0940501 -0.476658 0.0611646
-0.0940502 -0.476658 0.0611646 0.106248 -0.474279 0.0615584 -0.106248 -0.474279 0.0615584 0.0921241
-0.476757 0.0659737 -0.0921242 -0.476757 0.0659737 0.133859 -0.467155 0.0636643 -0.13386 -0.467155
0.0636643 0.0921799 -0.476826 0.0693192 -0.09218 -0.476826 0.0693192 0.133859 -0.46723 0.0690065
-0.13386 -0.46723 0.0690065 0.0940501 -0.476856 0.0707829 -0.0940502 -0.476856 0.0707829 0.106248
-0.474453 0.0705699 -0.106248 -0.474453 0.0705699 0.0921799 -0.479146 0.0621824 -0.09218 -0.479146
0.0621824 0.0940501 -0.479111 0.0605648 -0.0940502 -0.479111 0.0605649 0.106248 -0.476654 0.0609555
-0.106248 -0.476654 0.0609555 0.133859 -0.46953 0.0629128 -0.13386 -0.46953 0.0629128 0.0921241
-0.479226 0.0658795 -0.0921242 -0.479226 0.0658795 0.0921799 -0.479306 0.0695766 -0.09218 -0.479306
0.0695766 0.133859 -0.469637 0.0695772 -0.13386 -0.469637 0.0695772 0.0940501 -0.479341 0.0711941
-0.0940502 -0.479341 0.0711941 0.106248 -0.47686 0.0709919 -0.106248 -0.476861 0.0709919 0.106248
-0.479105 0.0603338 -0.106248 -0.479105 0.0603338 0.133859 -0.471904 0.0622018 -0.13386 -0.471904
0.0622018 0.161444 -0.462609 0.0665087 -0.161444 -0.462609 0.0665087 0.0921799 -0.482064 0.0616264
-0.09218 -0.482064 0.0616264 0.0940501 -0.482023 0.0598169 -0.0940502 -0.482023 0.0598169 0.161444
-0.463199 0.0653732 -0.161444 -0.463199 0.0653732 0.161444 -0.463215 0.0675989 -0.161444 -0.463215
0.0675989 0.0921241 -0.482158 0.0657623 -0.0921242 -0.482158 0.0657623 0.133859 -0.472045 0.0701073
-0.13386 -0.472045 0.0701073 0.0921799 -0.482252 0.0698983 -0.09218 -0.482252 0.0698983 0.106248
-0.479346 0.0714252 -0.106248 -0.479346 0.0714252 0.161444 -0.464879 0.0644466 -0.161444 -0.464879
0.0644466 0.0940501 -0.482293 0.0717078 -0.0940502 -0.482293 0.0717078 0.133859 -0.474279 0.0615584
-0.13386 -0.474279 0.0615584 0.161444 -0.464922 0.0683974 -0.161444 -0.464922 0.0683974 0.106248
-0.482017 0.0595584 -0.106248 -0.482017 0.0595584 0.133859 -0.474453 0.0705699 -0.13386 -0.474453
0.0705699 0.0921799 -0.485795 0.0608931 -0.09218 -0.485795 0.0608931 0.0940501 -0.485746 0.0588308
-0.0940502 -0.485746 0.0588308 0.161444 -0.467155 0.0636643 -0.161444 -0.467155 0.0636643 0.17357
-0.462701 0.0665052 -0.17357 -0.462701 0.0665052 0.133859 -0.476654 0.0609555 -0.13386 -0.476654
0.0609555 0.0921241 -0.485908 0.0656071 -0.0921242 -0.485908 0.0656071 0.173569 -0.463267 0.0654072
-0.173569 -0.463267 0.0654072 0.106248 -0.482299 0.0719663 -0.106248 -0.482299 0.0719663 0.161444
-0.46723 0.0690065 -0.161444 -0.46723 0.0690065 0.173569 -0.463283 0.0675598 -0.173569 -0.463283
0.0675598 0.0921799 -0.486021 0.070321 -0.09218 -0.486021 0.070321 0.175365 -0.463343 0.0664809
-0.175365 -0.463343 0.0664809 0.175352 -0.463598 0.0655807 -0.175352 -0.463598 0.0655807 0.175352
-0.463613 0.0673613 -0.175352 -0.463613 0.0673613 0.0940501 -0.48607 0.0723834 -0.0940502 -0.48607
0.0723834 0.133859 -0.47686 0.0709919 -0.13386 -0.47686 0.0709919 0.173571 -0.464893 0.064526
-0.173571 -0.464893 0.064526 0.161444 -0.46953 0.0629128 -0.161444 -0.46953 0.0629128 0.106248
-0.485739 0.0585361 -0.106248 -0.485739 0.0585361 0.173571 -0.464934 0.0683171 -0.173571 -0.464934
0.0683171 0.133859 -0.479105 0.0603338 -0.13386 -0.479105 0.0603338 0.175368 -0.464938 0.0650933
-0.175368 -0.464938 0.0650933 0.175396 -0.464926 0.0664211 -0.175396 -0.464926 0.0664211 0.161444
-0.469637 0.0695772 -0.161444 -0.469637 0.0695772 0.175368 -0.464967 0.0677468 -0.175368 -0.464967
0.0677468 0.173572 -0.467156 0.0637756 -0.173572 -0.467156 0.0637756 0.0921799 -0.490256 0.0600876
-0.09218 -0.490256 0.0600876 0.0940501 -0.490197 0.0577505 -0.0940502 -0.490197 0.0577505 0.161444
-0.471904 0.0622018 -0.161444 -0.471904 0.0622018 0.133859 -0.479346 0.0714252 -0.13386 -0.479346
0.0714252 0.106248 -0.486077 0.072678 -0.106248 -0.486077 0.072678 0.175371 -0.467167 0.0645547
-0.175371 -0.467167 0.0645547 0.173572 -0.467228 0.0688952 -0.173572 -0.467228 0.0688952 0.0921241
-0.49039 0.0654295 -0.0921242 -0.49039 0.0654295 0.175401 -0.467192 0.0663354 -0.175401 -0.467192
0.0663354 0.175371 -0.467217 0.0681161 -0.175371 -0.467217 0.0681161 0.133859 -0.482017 0.0595584
-0.13386 -0.482017 0.0595584 0.161444 -0.472045 0.0701073 -0.161444 -0.472045 0.0701073 0.0921799
-0.490524 0.0707714 -0.09218 -0.490524 0.0707714 0.173572 -0.469531 0.0630516 -0.173572 -0.469531
0.0630516 0.161444 -0.474279 0.0615584 -0.161444 -0.474279 0.0615584 0.0940501 -0.490582 0.0731085
-0.0940502 -0.490582 0.0731085 0.106248 -0.490189 0.0574167 -0.106248 -0.490189 0.0574167 0.175371
-0.469547 0.0640235 -0.175371 -0.469547 0.0640235 0.173572 -0.469635 0.0694383 -0.173572 -0.469635
0.0694383 0.175401 -0.469583 0.066245 -0.175401 -0.469583 0.066245 0.133859 -0.482299 0.0719663
-0.13386 -0.482299 0.0719663 0.175371 -0.46962 0.0684664 -0.175371 -0.46962 0.0684664 0.161444
-0.474453 0.0705699 -0.161444 -0.474453 0.0705699 0.173572 -0.471907 0.0623665 -0.173572 -0.471907
0.0623665 0.161444 -0.476654 0.0609555 -0.161444 -0.476654 0.0609555 0.0940501 -0.495189 0.0567335
-0.0940502 -0.495189 0.0567335 0.133859 -0.485739 0.0585361 -0.13386 -0.485739 0.0585361 0.0921799
-0.495257 0.0593232 -0.09218 -0.495257 0.0593232 0.106248 -0.490591 0.0734424 -0.106248 -0.490591
0.0734424 0.175371 -0.471927 0.0635194 -0.175371 -0.471927 0.0635194 0.173572 -0.472042 0.0699426
-0.173572 -0.472043 0.0699426 0.175401 -0.471975 0.0661546 -0.175401 -0.471975 0.0661546 0.0921241
-0.495412 0.0652424 -0.0921242 -0.495412 0.0652424 0.175371 -0.472022 0.0687897 -0.175371 -0.472022
0.0687897 0.161444 -0.47686 0.0709919 -0.161444 -0.476861 0.0709919 0.173572 -0.474283 0.0617461
-0.173572 -0.474283 0.0617461 0.0921799 -0.495568 0.0711616 -0.09218 -0.495568 0.0711616 0.161444
-0.479105 0.0603338 -0.161444 -0.479105 0.0603338 0.133859 -0.486077 0.072678 -0.13386 -0.486077
0.072678 0.106248 -0.495179 0.0563636 -0.106248 -0.495179 0.0563636 0.175371 -0.474308 0.0630603
-0.175371 -0.474308 0.0630603 0.0940501 -0.495636 0.0737512 -0.0940502 -0.495636 0.0737512 0.175401
-0.474366 0.0660642 -0.175401 -0.474366 0.0660642 0.173572 -0.474449 0.0703822 -0.173572 -0.474449
0.0703822 0.175371 -0.474424 0.069068 -0.175371 -0.474424 0.069068 0.161444 -0.479346 0.0714252
-0.161444 -0.479346 0.0714252 0.173572 -0.476658 0.0611646 -0.173572 -0.476658 0.0611646 0.133859
-0.490189 0.0574167 -0.13386 -0.490189 0.0574167 0.175371 -0.476688 0.0626283 -0.175371 -0.476688
0.0626283 0.161444 -0.482017 0.0595584 -0.161444 -0.482017 0.0595584 0.175401 -0.476757 0.0659737
-0.175401 -0.476757 0.0659737 0.106248 -0.495645 0.0741212 -0.106248 -0.495645 0.0741212 0.0940501
-0.500549 0.0557573 -0.0940502 -0.500549 0.0557573 0.173572 -0.476856 0.0707829 -0.173572 -0.476856
0.0707829 0.0921799 -0.500627 0.0585748 -0.09218 -0.500627 0.0585748 0.175371 -0.476826 0.0693192
-0.175371 -0.476826 0.0693192 0.173572 -0.479111 0.0605648 -0.173572 -0.479111 0.0605649 0.0921241
-0.500804 0.0650147 -0.0921242 -0.500804 0.0650147 0.161444 -0.482299 0.0719663 -0.161444 -0.482299
0.0719663 0.133859 -0.490591 0.0734424 -0.13386 -0.490591 0.0734424 0.175371 -0.479146 0.0621824
-0.175371 -0.479146 0.0621824 0.0921799 -0.500981 0.0714546 -0.09218 -0.500981 0.0714546 0.175401
-0.479226 0.0658795 -0.175401 -0.479226 0.0658795 0.106248 -0.500539 0.0553548 -0.106248 -0.500539
0.0553548 0.173572 -0.479341 0.0711941 -0.173572 -0.479341 0.0711941 0.175371 -0.479306 0.0695766
-0.175371 -0.479306 0.0695766 0.0940501 -0.501059 0.0742721 -0.0940502 -0.501059 0.0742721 0.161444
-0.485739 0.0585361 -0.161444 -0.485739 0.0585361 0.173572 -0.482023 0.0598169 -0.173572 -0.482023
0.0598169 0.133859 -0.495179 0.0563636 -0.13386 -0.495179 0.0563636 0.175371 -0.482064 0.0616264
-0.175371 -0.482064 0.0616264 0.175401 -0.482158 0.0657623 -0.175401 -0.482158 0.0657623 0.161444
-0.486077 0.072678 -0.161444 -0.486077 0.072678 0.173572 -0.482293 0.0717078 -0.173572 -0.482293
0.0717078 0.106248 -0.50107 0.0746746 -0.106248 -0.50107 0.0746746 0.0940501 -0.506122 0.0547767
-0.0940502 -0.506122 0.0547767 0.0921799 -0.506209 0.0578024 -0.09218 -0.506209 0.0578024 0.175371
-0.482252 0.0698983 -0.175371 -0.482252 0.0698983 0.133859 -0.495645 0.0741212 -0.13386 -0.495645
0.0741212 0.0921241 -0.506408 0.0647184 -0.0921242 -0.506408 0.0647184 0.173572 -0.485746 0.0588308
-0.173572 -0.485746 0.0588308 0.161444 -0.490189 0.0574167 -0.161444 -0.490189 0.0574167 0.0921799
-0.506607 0.0716344 -0.09218 -0.506607 0.0716344 0.106248 -0.506109 0.0543444 -0.106248 -0.506109
0.0543444 0.175371 -0.485795 0.0608931 -0.175371 -0.485795 0.0608931 0.0940501 -0.506694 0.0746602
-0.0940502 -0.506694 0.0746602 0.175401 -0.485908 0.0656071 -0.175401 -0.485908 0.0656071 0.133859
-0.500539 0.0553548 -0.13386 -0.500539 0.0553548 0.173572 -0.48607 0.0723834 -0.173572 -0.48607
0.0723834 0.175371 -0.486021 0.070321 -0.175371 -0.486021 0.070321 0.161444 -0.490591 0.0734424
-0.161444 -0.490591 0.0734424 0.0940501 -0.511795 0.0538362 -0.0940502 -0.511795 0.0538362 0.106248
-0.506707 0.0750924 -0.106248 -0.506707 0.0750924 0.173572 -0.490197 0.0577505 -0.173572 -0.490197
0.0577505 0.0921799 -0.511892 0.0570455 -0.09218 -0.511892 0.0570455 0.161444 -0.495179 0.0563636
-0.161444 -0.495179 0.0563636 0.133859 -0.50107 0.0746746 -0.13386 -0.50107 0.0746746 0.175371
-0.490256 0.0600876 -0.175371 -0.490256 0.0600876 0.0921241 -0.512113 0.064381 -0.0921242 -0.512113
0.064381 0.175401 -0.49039 0.0654295 -0.175401 -0.49039 0.0654295 0.106248 -0.511781 0.0533777
-0.106248 -0.511781 0.0533777 0.0921799 -0.512335 0.0717165 -0.09218 -0.512335 0.0717165 0.173572
-0.490582 0.0731085 -0.173572 -0.490582 0.0731085 0.175371 -0.490524 0.0707714 -0.175371 -0.490524
0.0707714 0.133859 -0.506109 0.0543444 -0.13386 -0.506109 0.0543444 0.0940501 -0.512432 0.0749258
-0.0940502 -0.512432 0.0749258 0.161444 -0.495645 0.0741212 -0.161444 -0.495645 0.0741212 0.173572
-0.495189 0.0567335 -0.173572 -0.495189 0.0567335 0.0940501 -0.517486 0.0530101 -0.0940502 -0.517486
0.0530101 0.175371 -0.495257 0.0593232 -0.175371 -0.495257 0.0593232 0.106248 -0.512446 0.0753842
-0.106248 -0.512446 0.0753842 0.0921799 -0.517592 0.0563656 -0.09218 -0.517592 0.0563656 0.161444
-0.500539 0.0553548 -0.161444 -0.500539 0.0553548 0.133859 -0.506707 0.0750924 -0.13386 -0.506707
0.0750924 0.175401 -0.495412 0.0652424 -0.175401 -0.495412 0.0652424 0.0921241 -0.517834 0.0640352
-0.0921242 -0.517834 0.0640352 0.173572 -0.495636 0.0737512 -0.173572 -0.495636 0.0737512 0.175371
-0.495568 0.0711616 -0.175371 -0.495568 0.0711616 0.106248 -0.517471 0.0525307 -0.106248 -0.517471
0.0525307 0.10851 -0.519685 -0.00319604 -0.10851 -0.519685 -0.00319604 0.108397 -0.519575 -0.0156841
-0.108397 -0.519575 -0.0156841 0.108748 -0.519704 0.00965761 -0.108748 -0.519704 0.00965761 0.0921799
-0.518075 0.0717049 -0.09218 -0.518075 0.0717049 0.108365 -0.519473 -0.0255164 -0.108365 -0.519473
-0.0255164 0.108997 -0.519622 0.0227748 -0.108997 -0.519622 0.0227747 0.108342 -0.519464 -0.0307176
-0.108342 -0.519465 -0.0307176 0.133859 -0.511781 0.0533777 -0.13386 -0.511781 0.0533777 0.108323
-0.519506 -0.0327599 -0.108323 -0.519506 -0.0327599 0.161444 -0.50107 0.0746746 -0.161444 -0.50107
0.0746746 0.108317 -0.519521 -0.0345541 -0.108318 -0.519521 -0.0345541 0.0940501 -0.518181 0.0750604
-0.0940502 -0.518181 0.0750604 0.108864 -0.519536 0.036493 -0.108864 -0.519536 0.036493 0.108357
-0.519436 -0.0413164 -0.108357 -0.519436 -0.0413164 0.173572 -0.500549 0.0557573 -0.173572 -0.500549
0.0557573 0.106988 -0.51988 0.0507207 -0.106988 -0.51988 0.0507207 0.108422 -0.519333 -0.0564434
-0.108422 -0.519333 -0.0564434 0.175371 -0.500627 0.0585748 -0.175371 -0.500627 0.0585748 0.161444
-0.506109 0.0543444 -0.161444 -0.506109 0.0543444 0.0940501 -0.523185 0.0524026 -0.0940502 -0.523185
0.0524026 0.0921799 -0.523295 0.0558351 -0.09218 -0.523295 0.0558351 0.106248 -0.518196 0.0755397
-0.106248 -0.518196 0.0755397 0.175401 -0.500804 0.0650147 -0.175401 -0.500804 0.0650147 0.102294
-0.520986 0.0646637 -0.102294 -0.520986 0.0646637 0.133859 -0.512446 0.0753842 -0.13386 -0.512446
0.0753842 0.0921241 -0.523546 0.0636808 -0.0921242 -0.523546 0.0636808 0.173572 -0.501059 0.0742721
-0.173572 -0.501059 0.0742721 0.175371 -0.500981 0.0714546 -0.175371 -0.500981 0.0714546 0.108288
-0.519916 -0.0737482 -0.108288 -0.519916 -0.0737482 0.106248 -0.523169 0.0519122 -0.106248 -0.523169
0.0519122 0.0958131 -0.522431 0.0751481 -0.0958132 -0.522431 0.0751481 0.0921799 -0.523798 0.0715265
-0.09218 -0.523798 0.0715265 0.133859 -0.517471 0.0525307 -0.13386 -0.517471 0.0525307 0.161444
-0.506707 0.0750924 -0.161444 -0.506707 0.0750924 -0.0887678 -0.523741 0.0796434 0.0887677 -0.523741
0.0796433 -0.081046 -0.524993 0.0805729 0.0810459 -0.524993 0.0805729 0.0724425 -0.526324 0.080949
-0.0724425 -0.526324 0.080949 0.0940501 -0.523907 0.074959 -0.0940502 -0.523907 0.074959 0.0417487
-0.529794 0.0808617 -0.0417488 -0.529794 0.0808617 0.0637135 -0.52756 0.0811849 -0.0637136 -0.52756
0.0811849 0.0484293 -0.529218 0.0809512 -0.0484293 -0.529218 0.0809512 0.0348382 -0.530321 0.0808361
-0.0348383 -0.530321 0.0808361 0.0556762 -0.528508 0.0811267 -0.0556763 -0.528508 0.0811267 0.0269795
-0.530861 0.0808109 -0.0269796 -0.530861 0.0808109 -0.0183378 -0.531403 0.08078 0.0183378 -0.531403
0.0807799 0.173572 -0.506122 0.0547767 -0.173572 -0.506122 0.0547767 -0.0092681 -0.531884 0.0807523
0.00926804 -0.531884 0.0807524 -3.20281e-08 -0.532099 0.0807403 0.175371 -0.506209 0.0578024 -0.175371
-0.506209 0.0578024 0.161444 -0.511781 0.0533777 -0.161444 -0.511781 0.0533777 0.107412 -0.521738
-0.0862543 -0.107412 -0.521738 -0.0862543 0.0940501 -0.528897 0.0520793 -0.0940502 -0.528897 0.0520793
0.175401 -0.506408 0.0647184 -0.175401 -0.506408 0.0647184 0.0921799 -0.529003 0.0554979 -0.09218
-0.529003 0.0554979 0.106248 -0.523923 0.0754494 -0.106248 -0.523923 0.0754494 0.133859 -0.518196
0.0755397 -0.13386 -0.518196 0.0755397 0.173572 -0.506694 0.0746602 -0.173572 -0.506694 0.0746602
0.175371 -0.506607 0.0716344 -0.175371 -0.506607 0.0716344 0.0921241 -0.529245 0.0633119 -0.0921242
-0.529245 0.0633119 0.106248 -0.528882 0.0515909 -0.106248 -0.528882 0.0515909 0.0921799 -0.529487
0.071126 -0.09218 -0.529487 0.071126 0.104195 -0.524141 -0.0934102 -0.104196 -0.524141 -0.0934102
0.133859 -0.523169 0.0519122 -0.13386 -0.523169 0.0519122 0.161444 -0.512446 0.0753842 -0.161444
-0.512446 0.0753842 0.0940501 -0.529593 0.0745446 -0.0940502 -0.529593 0.0745446 0.173572 -0.511795
0.0538362 -0.173572 -0.511795 0.0538362 -0.05529 -0.531802 -0.0986824 0.0552899 -0.531802 -0.0986824
0.0420797 -0.53295 -0.0990193 -0.0420798 -0.53295 -0.0990193 0.0484227 -0.532436 -0.0988986 -0.0484228
-0.532436 -0.0988986 0.0354106 -0.533434 -0.0990643 -0.0354107 -0.533434 -0.0990643 0.0639974 -0.53093
-0.098347 -0.0639974 -0.53093 -0.098347 0.0278179 -0.533938 -0.0990603 -0.027818 -0.533938 -0.0990603
0.0192489 -0.534373 -0.0990665 -0.019249 -0.534373 -0.0990665 0.00984761 -0.534639 -0.0991233 -0.00984768
-0.534639 -0.0991233 -3.18967e-08 -0.534726 -0.0991631 0.097261 -0.526328 -0.0964538 -0.0972611 -0.526328
-0.0964538 -0.0752925 -0.529718 -0.0978844 0.0752925 -0.529718 -0.0978844 0.175371 -0.511892 0.0570455
-0.175371 -0.511892 0.0570455 0.087183 -0.528177 -0.0973521 -0.0871831 -0.528177 -0.0973521 0.161444
-0.517471 0.0525307 -0.161444 -0.517471 0.0525307 0.175401 -0.512113 0.064381 -0.175401 -0.512113
0.064381 0.0940501 -0.534617 0.0519212 -0.0940502 -0.534617 0.0519212 0.106248 -0.529609 0.075033
-0.106248 -0.529609 0.075033 0.0921799 -0.534714 0.055273 -0.09218 -0.534714 0.055273 0.133859
-0.523923 0.0754494 -0.13386 -0.523923 0.0754494 0.173572 -0.512432 0.0749258 -0.173572 -0.512432
0.0749258 0.175371 -0.512335 0.0717165 -0.175371 -0.512335 0.0717165 0.0921241 -0.534936 0.0629345
-0.0921242 -0.534936 0.0629345 0.106248 -0.534603 0.0514423 -0.106248 -0.534603 0.0514423 0.0921799
-0.535158 0.0705959 -0.09218 -0.535158 0.0705959 0.133859 -0.528882 0.0515909 -0.13386 -0.528882
0.0515909 0.161444 -0.518196 0.0755397 -0.161444 -0.518196 0.0755397 0.173572 -0.517486 0.0530101
-0.173572 -0.517486 0.0530101 0.0940501 -0.535255 0.0739477 -0.0940502 -0.535255 0.0739477 0.175371
-0.517592 0.0563656 -0.175371 -0.517592 0.0563656 0.161444 -0.523169 0.0519122 -0.161444 -0.523169
0.0519122 0.175401 -0.517834 0.0640352 -0.175401 -0.517834 0.0640352 0.106248 -0.535269 0.0744266
-0.106248 -0.535269 0.0744266 0.0940501 -0.540245 0.0518165 -0.0940502 -0.540245 0.0518165 0.0921799
-0.540333 0.0550869 -0.09218 -0.540333 0.0550869 0.133859 -0.529609 0.075033 -0.13386 -0.529609
0.075033 0.173572 -0.518181 0.0750604 -0.173572 -0.518181 0.0750604 0.175371 -0.518075 0.0717049
-0.175371 -0.518075 0.0717049 0.0921241 -0.540533 0.0625621 -0.0921242 -0.540533 0.0625621 0.106248
-0.540232 0.0513493 -0.106248 -0.540232 0.0513493 0.0921799 -0.540734 0.0700373 -0.09218 -0.540734
0.0700373 0.161444 -0.523923 0.0754494 -0.161444 -0.523923 0.0754494 0.133859 -0.534603 0.0514423
-0.13386 -0.534603 0.0514423 0.173572 -0.523185 0.0524026 -0.173572 -0.523185 0.0524026 0.0940501
-0.540822 0.0733077 -0.0940502 -0.540822 0.0733077 0.175371 -0.523295 0.0558351 -0.175371 -0.523295
0.0558351 0.161444 -0.528882 0.0515909 -0.161444 -0.528882 0.0515909 0.0940501 -0.545317 0.0518677
-0.0940502 -0.545317 0.0518677 0.175401 -0.523546 0.0636808 -0.175401 -0.523546 0.0636808 0.0921799
-0.545396 0.0550213 -0.09218 -0.545396 0.0550213 0.106248 -0.540834 0.0737749 -0.106248 -0.540834
0.0737749 0.133859 -0.535269 0.0744266 -0.13386 -0.535269 0.0744266 0.0921241 -0.545576 0.0622295
-0.0921242 -0.545576 0.0622295 0.173572 -0.523907 0.074959 -0.173572 -0.523907 0.074959 0.175371
-0.523798 0.0715265 -0.175371 -0.523798 0.0715265 0.0921799 -0.545757 0.0694377 -0.09218 -0.545757
0.0694377 0.106248 -0.545305 0.0514172 -0.106248 -0.545305 0.0514172 0.0940501 -0.545836 0.0725913
-0.0940502 -0.545836 0.0725913 0.161444 -0.529609 0.075033 -0.161444 -0.529609 0.075033 0.133859
-0.540232 0.0513493 -0.13386 -0.540232 0.0513493 0.173572 -0.528897 0.0520793 -0.173572 -0.528897
0.0520793 0.0940501 -0.549461 0.0521786 -0.0940502 -0.549461 0.0521786 0.0921799 -0.549533 0.0551565
-0.09218 -0.549533 0.0551565 0.175371 -0.529003 0.0554979 -0.175371 -0.529003 0.0554979 0.0921241
-0.549696 0.0619631 -0.0921242 -0.549696 0.0619631 0.161444 -0.534603 0.0514423 -0.161444 -0.534603
0.0514423 0.106248 -0.545847 0.0730418 -0.106248 -0.545847 0.0730418 0.175401 -0.529245 0.0633119
-0.175401 -0.529245 0.0633119 0.0921799 -0.549859 0.0687696 -0.09218 -0.549859 0.0687697 0.133859
-0.540834 0.0737749 -0.13386 -0.540834 0.0737749 0.106248 -0.549451 0.0517532 -0.106248 -0.549451
0.0517532 0.173572 -0.529593 0.0745446 -0.173572 -0.529593 0.0745446 0.175371 -0.529487 0.071126
-0.175371 -0.529487 0.071126 0.0940501 -0.54993 0.0717475 -0.0940502 -0.54993 0.0717475 0.0940501
-0.553049 0.0526454 -0.0940502 -0.553049 0.0526454 0.0921799 -0.553114 0.0554122 -0.09218 -0.553114
0.0554122 0.133859 -0.545305 0.0514172 -0.13386 -0.545305 0.0514172 0.161444 -0.535269 0.0744266
-0.161444 -0.535269 0.0744266 0.0921241 -0.553261 0.0617364 -0.0921242 -0.553261 0.0617364 0.173572
-0.534617 0.0519212 -0.173572 -0.534617 0.0519212 0.106248 -0.54994 0.0721729 -0.106248 -0.54994
0.0721729 0.0921799 -0.553408 0.0680605 -0.09218 -0.553408 0.0680605 0.175371 -0.534714 0.055273
-0.175371 -0.534714 0.055273 0.106248 -0.553041 0.0522501 -0.106248 -0.553041 0.0522501 0.0940501
-0.553472 0.0708274 -0.0940502 -0.553472 0.0708274 0.161444 -0.540232 0.0513493 -0.161444 -0.540232
0.0513493 0.175401 -0.534936 0.0629345 -0.175401 -0.534936 0.0629345 0.133859 -0.545847 0.0730418
-0.13386 -0.545847 0.0730418 0.0921799 -0.556602 0.0556913 -0.09218 -0.556602 0.0556913 0.0940501
-0.556545 0.0531435 -0.0940502 -0.556545 0.0531435 0.173572 -0.535255 0.0739477 -0.173572 -0.535255
0.0739477 0.175371 -0.535158 0.0705959 -0.175371 -0.535158 0.0705959 0.0921241 -0.556734 0.0615149
-0.0921242 -0.556734 0.0615149 0.133859 -0.549451 0.0517532 -0.13386 -0.549451 0.0517532 0.106248
-0.553481 0.0712226 -0.106248 -0.553481 0.0712226 0.0921799 -0.556865 0.0673384 -0.09218 -0.556865
0.0673384 0.106248 -0.556537 0.0527795 -0.106248 -0.556537 0.0527796 0.0940501 -0.556922 0.0698862
-0.0940502 -0.556922 0.0698862 0.161444 -0.540834 0.0737749 -0.161444 -0.540834 0.0737749 0.173572
-0.540245 0.0518165 -0.173572 -0.540245 0.0518165 0.0921799 -0.560091 0.0559907 -0.09218 -0.560091
0.0559907 0.0940501 -0.560041 0.0536744 -0.0940502 -0.560041 0.0536744 0.133859 -0.54994 0.0721729
-0.13386 -0.54994 0.0721729 0.175371 -0.540333 0.0550869 -0.175371 -0.540333 0.0550869 0.161444
-0.545305 0.0514172 -0.161444 -0.545305 0.0514172 0.0921241 -0.560206 0.0612851 -0.0921242 -0.560206
0.0612851 0.106248 -0.55693 0.0702502 -0.106248 -0.55693 0.0702502 0.133859 -0.553041 0.0522501
-0.13386 -0.553041 0.0522501 0.175401 -0.540533 0.0625621 -0.175401 -0.540533 0.0625621 0.0921799
-0.560322 0.0665795 -0.09218 -0.560322 0.0665795 0.0940501 -0.560372 0.0688958 -0.0940502 -0.560372
0.0688958 0.106248 -0.560034 0.0533435 -0.106248 -0.560034 0.0533435 0.173572 -0.540822 0.0733077
-0.173572 -0.540822 0.0733077 0.175371 -0.540734 0.0700373 -0.175371 -0.540734 0.0700373 0.0921799
-0.563507 0.0563366 -0.09218 -0.563507 0.0563366 -0.0940502 -0.563463 0.0542748 0.0940501 -0.563464
0.0542748 0.133859 -0.553481 0.0712226 -0.13386 -0.553481 0.0712226 0.161444 -0.545847 0.0730418
-0.161444 -0.545847 0.0730418 0.0921241 -0.563607 0.0610494 -0.0921242 -0.563607 0.0610495 0.106248
-0.560379 0.0692267 -0.106248 -0.560379 0.0692267 0.173572 -0.545317 0.0518677 -0.173572 -0.545317
0.0518677 0.133859 -0.556537 0.0527795 -0.13386 -0.556537 0.0527796 0.0921799 -0.563706 0.0657623
-0.09218 -0.563706 0.0657623 0.161444 -0.549451 0.0517532 -0.161444 -0.549451 0.0517532 0.175371
-0.545396 0.0550213 -0.175371 -0.545396 0.0550213 0.0940501 -0.56375 0.0678241 -0.0940502 -0.56375
0.0678241 0.106248 -0.563457 0.0539802 -0.106248 -0.563457 0.0539802 0.175401 -0.545576 0.0622295
-0.175401 -0.545576 0.0622295 0.0921799 -0.566488 0.0567803 -0.09218 -0.566488 0.0567803 0.0940501
-0.56645 0.0549982 -0.0940502 -0.56645 0.0549982 0.133859 -0.55693 0.0702502 -0.13386 -0.55693
0.0702502 0.0921241 -0.566573 0.0608538 -0.0921242 -0.566573 0.0608538 0.173572 -0.545836 0.0725913
-0.173572 -0.545836 0.0725913 0.175371 -0.545757 0.0694377 -0.175371 -0.545757 0.0694377 0.161444
-0.54994 0.0721729 -0.161444 -0.54994 0.0721729 0.106248 -0.563756 0.0681187 -0.106248 -0.563756
0.0681187 0.0921799 -0.566659 0.0649273 -0.09218 -0.566659 0.0649273 0.133859 -0.560034 0.0533435
-0.13386 -0.560034 0.0533435 0.0940501 -0.566696 0.0667095 -0.0940502 -0.566696 0.0667095 0.161444
-0.553041 0.0522501 -0.161444 -0.553041 0.0522501 0.173572 -0.549461 0.0521786 -0.173572 -0.549461
0.0521786 0.106248 -0.566445 0.0547436 -0.106248 -0.566445 0.0547436 0.0921799 -0.568741 0.0573567
-0.09218 -0.568741 0.0573567 0.0940501 -0.568709 0.0558776 -0.0940502 -0.568709 0.0558776 0.0921241
-0.568816 0.0607374 -0.0921242 -0.568816 0.0607374 0.175371 -0.549533 0.0551565 -0.175371 -0.549533
0.0551565 0.0921799 -0.568891 0.0641181 -0.09218 -0.568891 0.0641181 0.133859 -0.560379 0.0692267
-0.13386 -0.560379 0.0692267 0.175401 -0.549696 0.0619631 -0.175401 -0.549696 0.0619631 0.0940501
-0.568923 0.0655971 -0.0940502 -0.568923 0.0655971 0.106248 -0.566702 0.066964 -0.106248 -0.566702
0.0669641 0.0921799 -0.57056 0.0580105 -0.0921799 -0.57056 0.0580105 0.161444 -0.553481 0.0712226
-0.161444 -0.553481 0.0712226 0.0940501 -0.570531 0.0568473 -0.0940502 -0.570531 0.0568473 0.173572
-0.54993 0.0717475 -0.173572 -0.54993 0.0717475 0.0921241 -0.570625 0.0606692 -0.0921242 -0.570625
0.0606692 0.106248 -0.568704 0.0556663 -0.106248 -0.568704 0.0556663 0.175371 -0.549859 0.0687696
-0.175371 -0.549859 0.0687697 0.0921799 -0.57069 0.063328 -0.09218 -0.57069 0.063328 0.133859
-0.563457 0.0539802 -0.13386 -0.563457 0.0539802 0.161444 -0.556537 0.0527795 -0.161444 -0.556537
0.0527796 0.0940501 -0.570719 0.0644912 -0.0940502 -0.570719 0.0644912 0.173572 -0.553049 0.0526454
-0.173572 -0.553049 0.0526454 0.106248 -0.568928 0.0658084 -0.106248 -0.568928 0.0658084 0.0921863
-0.572197 0.0586847 -0.0921864 -0.572197 0.0586847 0.0940513 -0.572201 0.0578595 -0.0940514 -0.572201
0.0578595 0.0921327 -0.57227 0.0606123 -0.0921328 -0.57227 0.0606123 0.175371 -0.553114 0.0554122
-0.175371 -0.553114 0.0554122 0.0921863 -0.572306 0.0625412 -0.0921864 -0.572306 0.0625412 0.106248
-0.570527 0.0566812 -0.106248 -0.570527 0.0566812 0.133859 -0.563756 0.0681187 -0.13386 -0.563756
0.0681187 0.0940513 -0.572358 0.0633645 -0.0940514 -0.572358 0.0633645 0.0922171 -0.57319 0.059312
-0.0922172 -0.57319 0.059312 0.175401 -0.553261 0.0617364 -0.175401 -0.553261 0.0617364 0.0922171
-0.57327 0.0618463 -0.0922172 -0.57327 0.0618463 0.0921927 -0.57342 0.0605726 -0.0921928 -0.57342
0.0605726 0.0940549 -0.57342 0.0590515 -0.094055 -0.57342 0.0590515 0.161444 -0.55693 0.0702502
-0.161444 -0.55693 0.0702502 0.106248 -0.570723 0.0646573 -0.106248 -0.570723 0.0646573 0.173572
-0.553472 0.0708274 -0.173572 -0.553472 0.0708274 0.0940549 -0.573519 0.0620902 -0.094055 -0.573519
0.0620902 0.175371 -0.553408 0.0680605 -0.175371 -0.553408 0.0680605 0.133859 -0.566445 0.0547436
-0.13386 -0.566445 0.0547436 0.0940525 -0.573886 0.0605564 -0.0940526 -0.573886 0.0605564 0.106248
-0.572207 0.0577438 -0.106248 -0.572207 0.0577438 0.161444 -0.560034 0.0533435 -0.161444 -0.560034
0.0533435 0.173572 -0.556545 0.0531435 -0.173572 -0.556545 0.0531435 0.106248 -0.572371 0.0634796
-0.106248 -0.572371 0.0634796 0.133859 -0.566702 0.066964 -0.13386 -0.566702 0.066964 0.106248
-0.573467 0.0590007 -0.106248 -0.573467 0.0590007 0.175371 -0.556602 0.0556913 -0.175371 -0.556602
0.0556913 0.106248 -0.573571 0.0621376 -0.106248 -0.573571 0.0621376 0.106248 -0.573953 0.0605541
-0.106248 -0.573953 0.0605541 0.133859 -0.568704 0.0556663 -0.13386 -0.568704 0.0556663 0.175401
-0.556734 0.0615149 -0.175401 -0.556734 0.0615149 0.161444 -0.560379 0.0692267 -0.161444 -0.560379
0.0692267 0.173572 -0.556922 0.0698862 -0.173572 -0.556922 0.0698862 0.175371 -0.556865 0.0673384
-0.175371 -0.556865 0.0673384 0.133859 -0.568928 0.0658084 -0.13386 -0.568928 0.0658084 0.161444
-0.563457 0.0539802 -0.161444 -0.563457 0.0539802 0.133859 -0.570527 0.0566812 -0.13386 -0.570527
0.0566812 0.173572 -0.560041 0.0536744 -0.173572 -0.560041 0.0536744 0.175371 -0.560091 0.0559907
-0.175371 -0.560091 0.0559907 0.133859 -0.570723 0.0646573 -0.13386 -0.570723 0.0646573 0.175401
-0.560206 0.0612851 -0.175401 -0.560206 0.0612851 0.161444 -0.563756 0.0681187 -0.161444 -0.563756
0.0681187 0.133859 -0.572207 0.0577438 -0.13386 -0.572207 0.0577438 0.173572 -0.560372 0.0688958
-0.173572 -0.560372 0.0688958 0.175371 -0.560322 0.0665795 -0.175371 -0.560322 0.0665795 0.133859
-0.572371 0.0634796 -0.13386 -0.572371 0.0634796 0.161444 -0.566445 0.0547436 -0.161444 -0.566445
0.0547436 0.133859 -0.573467 0.0590007 -0.13386 -0.573467 0.0590007 -0.173572 -0.563463 0.0542748
0.173572 -0.563464 0.0542748 0.133859 -0.573571 0.0621376 -0.13386 -0.573571 0.0621376 0.133859
-0.573953 0.0605541 -0.13386 -0.573953 0.0605541 0.175371 -0.563507 0.0563366 -0.175371 -0.563507
0.0563366 0.161444 -0.566702 0.066964 -0.161444 -0.566702 0.0669641 0.175401 -0.563607 0.0610494
-0.175401 -0.563607 0.0610495 0.173572 -0.56375 0.0678241 -0.173572 -0.56375 0.0678241 0.161444
-0.568704 0.0556663 -0.161444 -0.568704 0.0556663 0.175371 -0.563706 0.0657623 -0.175371 -0.563706
0.0657623 0.173572 -0.56645 0.0549982 -0.173572 -0.56645 0.0549982 0.161444 -0.568928 0.0658084
-0.161444 -0.568928 0.0658084 0.161444 -0.570527 0.0566812 -0.161444 -0.570527 0.0566812 0.175371
-0.566488 0.0567803 -0.175371 -0.566488 0.0567803 0.175401 -0.566573 0.0608538 -0.175401 -0.566573
0.0608538 0.173572 -0.566696 0.0667095 -0.173572 -0.566696 0.0667095 0.161444 -0.570723 0.0646573
-0.161444 -0.570723 0.0646573 0.175371 -0.566659 0.0649273 -0.175371 -0.566659 0.0649273 0.173572
-0.568709 0.0558776 -0.173572 -0.568709 0.0558776 0.161444 -0.572207 0.0577438 -0.161444 -0.572207
0.0577438 0.175371 -0.568741 0.0573567 -0.175371 -0.568741 0.0573567 0.161444 -0.572371 0.0634796
-0.161444 -0.572371 0.0634796 0.175401 -0.568816 0.0607374 -0.175401 -0.568816 0.0607374 0.173572
-0.568923 0.0655971 -0.173572 -0.568923 0.0655971 0.161444 -0.573467 0.0590007 -0.161444 -0.573467
0.0590007 0.175371 -0.568891 0.0641181 -0.175371 -0.568891 0.0641181 0.173572 -0.570531 0.0568473
-0.173572 -0.570531 0.0568473 0.161444 -0.573571 0.0621376 -0.161444 -0.573571 0.0621376 0.161444
-0.573953 0.0605541 -0.161444 -0.573953 0.0605541 0.175371 -0.57056 0.0580105 -0.175371 -0.57056
0.0580105 0.173572 -0.570719 0.0644912 -0.173572 -0.570719 0.0644912 0.175401 -0.570625 0.0606692
-0.175401 -0.570625 0.0606692 0.175371 -0.57069 0.063328 -0.175371 -0.57069 0.063328 0.173571
-0.572201 0.0578595 -0.173571 -0.572201 0.0578595 0.175368 -0.572197 0.0586847 -0.175368 -0.572197
0.0586847 0.173571 -0.572358 0.0633645 -0.173571 -0.572358 0.0633645 0.175396 -0.57227 0.0606123
-0.175396 -0.57227 0.0606123 0.175368 -0.572306 0.0625412 -0.175368 -0.572306 0.0625412 0.173569
-0.57342 0.0590515 -0.173569 -0.57342 0.0590515 0.175352 -0.57319 0.059312 -0.175352 -0.57319
0.059312 0.173569 -0.573519 0.0620902 -0.173569 -0.573519 0.0620902 0.17357 -0.573886 0.0605564
-0.17357 -0.573886 0.0605564 0.175352 -0.57327 0.0618463 -0.175352 -0.57327 0.0618463 0.175365
-0.57342 0.0605726 -0.175365 -0.57342 0.0605726 0.100788 -0.717693 -0.00623554 -0.100788 -0.717694
-0.00623554 -0.102416 -0.717648 -0.0179782 0.102416 -0.717648 -0.0179782 0.096659 -0.720066 0.00540782
-0.0966591 -0.720066 0.00540782 0.102511 -0.71883 -0.0292597 -0.102511 -0.71883 -0.0292597 -0.102282
-0.719869 -0.0401248 0.102282 -0.719869 -0.0401248 0.0909229 -0.723653 0.0141938 -0.090923 -0.723653
0.0141938 -0.102072 -0.720525 -0.05084 0.102072 -0.720525 -0.05084 0.10197 -0.720865 -0.0613552
-0.101971 -0.720865 -0.0613552 0.101944 -0.721058 -0.0701304 -0.101944 -0.721058 -0.0701304 -0.0846024
-0.727112 0.0178876 0.0846023 -0.727112 0.0178876 0.101938 -0.721253 -0.0757564 -0.101938 -0.721253
-0.0757564 0.101938 -0.721426 -0.0788344 -0.101938 -0.721426 -0.0788344 0.101948 -0.721511 -0.0810102
-0.101948 -0.721511 -0.0810102 0.102018 -0.721461 -0.0860965 -0.102018 -0.721461 -0.0860965 0.0773865
-0.730402 0.0185449 -0.0773866 -0.730402 0.0185449 -0.102099 -0.721608 -0.0968486 0.102099 -0.721609
-0.0968486 0.0689791 -0.733678 0.018742 -0.0689792 -0.733678 0.018742 0.101695 -0.723796 -0.109627
-0.101695 -0.723796 -0.109627 0.0604739 -0.736581 0.0188467 -0.060474 -0.736581 0.0188467 0.0529974
-0.738766 0.0187401 -0.0529975 -0.738766 0.0187401 0.0464145 -0.740466 0.0185649 -0.0464146 -0.740466
0.018565 0.0402409 -0.742011 0.0184781 -0.040241 -0.742011 0.018478 0.0338573 -0.743569 0.0184315
-0.0338573 -0.743569 0.0184315 0.0267047 -0.745224 0.0183489 -0.0267047 -0.745224 0.0183489 -0.100127
-0.729411 -0.119995 0.100127 -0.729411 -0.119995 -0.0186012 -0.746899 0.0182449 0.0186011 -0.7469
0.0182449 0.00956019 -0.748378 0.0181564 -0.00956026 -0.748378 0.0181564 -3.19174e-08 -0.749032 0.018119
0.0964214 -0.736517 -0.12672 -0.0964215 -0.736517 -0.12672 0.0898046 -0.742827 -0.129779 -0.0898047
-0.742827 -0.129779 0.0805991 -0.747982 -0.130768 -0.0805992 -0.747982 -0.130768 0.0697301 -0.752092
-0.13135 -0.0697302 -0.752092 -0.13135 0.0594401 -0.755203 -0.131814 -0.0594402 -0.755203 -0.131814
0.0516343 -0.757407 -0.132131 -0.0516344 -0.757407 -0.132131 0.0455518 -0.75905 -0.132345 -0.0455519
-0.75905 -0.132345 0.0398869 -0.760506 -0.132506 -0.039887 -0.760506 -0.132506 0.0338206 -0.762021
-0.132619 -0.0338207 -0.762021 -0.132619 0.0267767 -0.763704 -0.132684 -0.0267767 -0.763704 -0.132684
0.0186633 -0.765235 -0.132737 -0.0186634 -0.765235 -0.132737 0.00959168 -0.766245 -0.132806 -0.00959175
-0.766245 -0.132806 -3.19174e-08 -0.766599 -0.132843 -0.268719 -0.821323 -0.0999481 0.268719 -0.821324
-0.099948 -0.268536 -0.82168 -0.102218 0.268536 -0.821681 -0.102218 -0.245455 -0.829407 -0.0999013
0.245455 -0.829407 -0.0999013 -0.245337 -0.829786 -0.102164 0.245337 -0.829787 -0.102164 -0.293214
-0.814289 -0.101294 0.293214 -0.814289 -0.101293 -0.292964 -0.814624 -0.103569 0.292964 -0.814624
-0.103569 -0.26923 -0.823335 -0.0990857 0.26923 -0.823336 -0.0990856 -0.245924 -0.831428 -0.0990056
0.245924 -0.831429 -0.0990055 -0.293757 -0.816273 -0.100457 0.293757 -0.816274 -0.100457 -0.268746
-0.824567 -0.105638 0.268746 -0.824568 -0.105638 -0.223376 -0.838963 -0.101001 0.223376 -0.838964
-0.101001 -0.245626 -0.832727 -0.105533 0.245626 -0.832728 -0.105533 -0.319008 -0.807664 -0.10413
0.319008 -0.807664 -0.104129 -0.223319 -0.839361 -0.103259 0.223319 -0.839362 -0.103259 -0.29308
-0.817439 -0.107027 0.29308 -0.81744 -0.107027 -0.318689 -0.807986 -0.106401 0.318689 -0.807987
-0.106401 -0.223788 -0.840975 -0.10007 0.223788 -0.840976 -0.10007 -0.270004 -0.827553 -0.0998887
0.270004 -0.827554 -0.0998886 -0.319581 -0.809607 -0.103304 0.319581 -0.809608 -0.103303 -0.246687
-0.83569 -0.0997374 0.246687 -0.835691 -0.0997373 -0.29452 -0.820416 -0.101314 0.29452 -0.820416
-0.101314 -0.223668 -0.842325 -0.106579 0.223668 -0.842326 -0.106579 -0.318706 -0.810733 -0.109865
0.318706 -0.810734 -0.109864 -0.346171 -0.800809 -0.108648 0.346171 -0.80081 -0.108647 -0.202529
-0.849559 -0.103255 0.202528 -0.849559 -0.103255 -0.269379 -0.830017 -0.109931 0.269379 -0.830018
-0.109931 -0.345783 -0.801136 -0.110901 0.345783 -0.801136 -0.110901 -0.202534 -0.849973 -0.105506
0.202534 -0.849974 -0.105506 -0.224508 -0.845239 -0.100729 0.224508 -0.845239 -0.100729 -0.246344
-0.838259 -0.109733 0.246344 -0.83826 -0.109733 -0.320324 -0.813656 -0.104177 0.320325 -0.813657
-0.104177 -0.293602 -0.822772 -0.11139 0.293602 -0.822773 -0.11139 -0.346776 -0.8027 -0.10781
0.346776 -0.802701 -0.10781 -0.20287 -0.851546 -0.102285 0.20287 -0.851546 -0.102284 -0.345701
-0.803835 -0.114317 0.345701 -0.803836 -0.114317 -0.270972 -0.833769 -0.102468 0.270972 -0.83377
-0.102468 -0.202926 -0.852941 -0.108771 0.202926 -0.852942 -0.108771 -0.319107 -0.815941 -0.114241
0.319106 -0.815942 -0.114241 -0.247678 -0.841984 -0.102213 0.247678 -0.841984 -0.102213 -0.295432
-0.826508 -0.103971 0.295432 -0.826509 -0.103971 -0.224434 -0.847884 -0.110687 0.224434 -0.847885
-0.110687 -0.374672 -0.793262 -0.114958 0.374672 -0.793263 -0.114958 -0.347505 -0.806654 -0.108642
0.347505 -0.806655 -0.108642 -0.374216 -0.793617 -0.117173 0.374216 -0.793618 -0.117173 -0.203519
-0.855779 -0.102862 0.203519 -0.85578 -0.102862 -0.182985 -0.860544 -0.10671 0.182984 -0.860545
-0.10671 -0.375314 -0.795093 -0.114082 0.375314 -0.795094 -0.114082 -0.321166 -0.819608 -0.106854
0.321166 -0.819609 -0.106854 -0.225475 -0.851547 -0.103099 0.225475 -0.851547 -0.103099 -0.183055
-0.860978 -0.108947 0.183055 -0.860979 -0.108947 -0.270323 -0.83755 -0.114749 0.270323 -0.83755
-0.114749 -0.345985 -0.80894 -0.118618 0.345985 -0.808941 -0.118618 -0.374047 -0.796303 -0.120474
0.374047 -0.796304 -0.120474 -0.183242 -0.862496 -0.105693 0.183242 -0.862496 -0.105693 -0.294433
-0.830152 -0.116293 0.294433 -0.830153 -0.116293 -0.247367 -0.845895 -0.114433 0.247367 -0.845896
-0.114433 -0.203709 -0.858488 -0.112774 0.203709 -0.858489 -0.112774 -0.183481 -0.863946 -0.112135
0.183481 -0.863947 -0.112135 -0.376041 -0.798962 -0.114799 0.376042 -0.798963 -0.114798 -0.272052
-0.84158 -0.106346 0.272052 -0.841581 -0.106346 -0.348282 -0.812474 -0.111247 0.348282 -0.812475
-0.111247 -0.31981 -0.823152 -0.119157 0.31981 -0.823153 -0.119157 -0.404078 -0.785271 -0.122846
0.404078 -0.785272 -0.122846 -0.29643 -0.834161 -0.107937 0.29643 -0.834162 -0.107936 -0.2488
-0.849899 -0.105971 0.248799 -0.849899 -0.105971 -0.403574 -0.785673 -0.125005 0.403574 -0.785674
-0.125005 -0.204423 -0.862056 -0.105114 0.204423 -0.862056 -0.105114 -0.225488 -0.855549 -0.115266
0.225488 -0.855549 -0.115266 -0.1838 -0.866685 -0.106168 0.1838 -0.866685 -0.106168 -0.374233
-0.801349 -0.124586 0.374233 -0.80135 -0.124586 -0.404746 -0.787032 -0.121906 0.404746 -0.787033
-0.121906 -0.164814 -0.871269 -0.111412 0.164814 -0.87127 -0.111412 -0.164956 -0.871733 -0.113623
0.164956 -0.871734 -0.113623 -0.322063 -0.827083 -0.110834 0.322063 -0.827084 -0.110834 -0.40334
-0.788373 -0.128129 0.40334 -0.788374 -0.128129 -0.346565 -0.816004 -0.123434 0.346565 -0.816005
-0.123433 -0.226582 -0.859487 -0.106733 0.226582 -0.859488 -0.106733 -0.164977 -0.873181 -0.110338
0.164977 -0.873181 -0.110338 -0.376772 -0.804679 -0.117216 0.376772 -0.80468 -0.117216 -0.184261
-0.86947 -0.115999 0.184261 -0.869471 -0.115999 -0.271429 -0.846555 -0.119725 0.271429 -0.846556
-0.119724 -0.40547 -0.790821 -0.122442 0.40547 -0.790822 -0.122442 -0.204754 -0.866129 -0.117213
0.204754 -0.86613 -0.117213 -0.29544 -0.838982 -0.121349 0.29544 -0.838983 -0.121349 -0.0979042
-0.890355 -0.0606142 0.0979041 -0.890355 -0.0606142 -0.165415 -0.874715 -0.116699 0.165415 -0.874715
-0.116699 -0.248533 -0.855016 -0.119287 0.248533 -0.855017 -0.119287 -0.349081 -0.819787 -0.115128
0.349081 -0.819788 -0.115128 0.099488 -0.890372 -0.069901 -0.0994881 -0.890372 -0.069901 -0.184614
-0.872911 -0.108267 0.184614 -0.872912 -0.108267 -0.165429 -0.877326 -0.110677 0.165429 -0.877327
-0.110677 -0.403451 -0.793389 -0.131951 0.403451 -0.79339 -0.13195 -0.433856 -0.777261 -0.132013
0.433857 -0.777262 -0.132013 -0.3207 -0.831786 -0.124214 0.3207 -0.831787 -0.124213 -0.27316
-0.850537 -0.110899 0.27316 -0.850538 -0.110899 -0.374711 -0.808309 -0.129159 0.374711 -0.80831
-0.129159 -0.43334 -0.777722 -0.134102 0.43334 -0.777723 -0.134102 -0.205471 -0.869966 -0.108606
0.205471 -0.869966 -0.108605 0.0938962 -0.894186 -0.0513867 -0.0938963 -0.894186 -0.0513867 -0.297454
-0.842938 -0.112568 0.297454 -0.842939 -0.112568 -0.148053 -0.881175 -0.117305 0.148053 -0.881175
-0.117305 -0.249947 -0.858976 -0.110406 0.249947 -0.858976 -0.110406 -0.0995796 -0.892413 -0.0788174
0.0995795 -0.892413 -0.0788174 -0.434518 -0.778943 -0.130991 0.434518 -0.778944 -0.130991 -0.226663
-0.864701 -0.119986 0.226663 -0.864702 -0.119986 -0.148272 -0.881682 -0.119474 0.148272 -0.881683
-0.119474 -0.406164 -0.796454 -0.124569 0.406164 -0.796455 -0.124569 -0.148112 -0.883046 -0.116163
0.148112 -0.883047 -0.116163 -0.433078 -0.780449 -0.137002 0.433078 -0.78045 -0.137002 -0.32298
-0.835658 -0.115465 0.32298 -0.835659 -0.115464 -0.377493 -0.811872 -0.120858 0.377493 -0.811872
-0.120858 -0.34734 -0.824456 -0.128369 0.34734 -0.824457 -0.128369 -0.166179 -0.880229 -0.120367
0.166179 -0.88023 -0.120367 0.0993593 -0.89421 -0.0874158 -0.0993593 -0.89421 -0.0874158 -0.185269
-0.877067 -0.120256 0.185269 -0.877068 -0.120256 -0.227711 -0.868599 -0.11104 0.227711 -0.868599
-0.111039 -0.435218 -0.782646 -0.131294 0.435218 -0.782648 -0.131294 -0.148765 -0.884701 -0.122394
0.148765 -0.884702 -0.122394 0.0883818 -0.900041 -0.0444193 -0.0883819 -0.900041 -0.0444193 0.0991558
-0.89537 -0.0959051 -0.0991558 -0.89537 -0.0959051 -0.166141 -0.883511 -0.112569 0.166141 -0.883511
-0.112569 -0.40385 -0.800279 -0.136155 0.40385 -0.80028 -0.136155 -0.34989 -0.828179 -0.119639
0.34989 -0.828179 -0.119639 -0.148453 -0.887163 -0.116325 0.148453 -0.887163 -0.116325 -0.185576
-0.880767 -0.111573 0.185576 -0.880768 -0.111573 -0.272549 -0.856423 -0.12449 0.272549 -0.856424
-0.12449 -0.205896 -0.875251 -0.121778 0.205896 -0.875251 -0.121777 0.0990554 -0.896004 -0.104339
-0.0990555 -0.896005 -0.104339 -0.296494 -0.848667 -0.126171 0.296494 -0.848668 -0.126171 -0.433144
-0.785448 -0.140452 0.433144 -0.785449 -0.140451 -0.132585 -0.890059 -0.123919 0.132585 -0.890059
-0.123919 -0.375387 -0.816623 -0.133824 0.375387 -0.816624 -0.133824 0.099029 -0.896373 -0.111995
-0.099029 -0.896374 -0.111995 -0.249682 -0.865005 -0.123948 0.249682 -0.865005 -0.123948 -0.132879
-0.89062 -0.126037 0.132879 -0.89062 -0.126037 -0.463475 -0.769655 -0.142163 0.463475 -0.769656
-0.142163 -0.406822 -0.803556 -0.127845 0.406822 -0.803557 -0.127845 -0.321664 -0.841261 -0.129011
0.321664 -0.841261 -0.129011 0.0990265 -0.89671 -0.118072 -0.0990266 -0.89671 -0.118072 -0.132543
-0.89189 -0.122701 0.132543 -0.891891 -0.122701 -0.206538 -0.879049 -0.11276 0.206538 -0.879049
-0.11276 -0.463002 -0.770183 -0.144172 0.463003 -0.770184 -0.144172 -0.27421 -0.860191 -0.115504
0.27421 -0.860191 -0.115503 -0.0823706 -0.905709 -0.0415004 0.0823706 -0.905709 -0.0415004 -0.43587
-0.788199 -0.133048 0.43587 -0.7882 -0.133048 -0.0990306 -0.896989 -0.122248 0.0990306 -0.896989
-0.122248 -0.298443 -0.852403 -0.117225 0.298443 -0.852404 -0.117225 -0.464078 -0.771247 -0.141045
0.464078 -0.771249 -0.141044 -0.0990441 -0.897125 -0.124873 0.099044 -0.897125 -0.124873 -0.149511
-0.890241 -0.125797 0.14951 -0.890242 -0.125797 -0.251014 -0.868756 -0.114913 0.251014 -0.868757
-0.114912 -0.0991189 -0.897047 -0.128507 0.0991188 -0.897047 -0.128507 -0.378208 -0.820124 -0.125102
0.378208 -0.820125 -0.125102 -0.167137 -0.887795 -0.124372 0.167136 -0.887795 -0.124372 -0.227793
-0.874723 -0.124521 0.227793 -0.874724 -0.124521 -0.133403 -0.893698 -0.128774 0.133403 -0.893699
-0.128774 -0.462759 -0.772935 -0.146811 0.462759 -0.772936 -0.146811 -0.323883 -0.844912 -0.120095
0.323883 -0.844912 -0.120095 0.0991591 -0.89731 -0.13535 -0.0991592 -0.89731 -0.13535 -0.348209
-0.833728 -0.133029 0.348209 -0.833729 -0.133029 -0.14906 -0.893334 -0.117943 0.14906 -0.893334
-0.117943 -0.132775 -0.895991 -0.122663 0.132775 -0.895991 -0.122663 -0.186352 -0.88613 -0.124617
0.186352 -0.886131 -0.124617 -0.167009 -0.891324 -0.115622 0.167008 -0.891324 -0.115621 -0.464713
-0.774853 -0.141076 0.464713 -0.774855 -0.141076 -0.433484 -0.792276 -0.144185 0.433484 -0.792277
-0.144185 -0.404444 -0.808483 -0.140415 0.404444 -0.808484 -0.140415 -0.11826 -0.897808 -0.13068
0.118259 -0.897808 -0.13068 -0.228743 -0.878419 -0.115427 0.228743 -0.87842 -0.115427 -0.0753915
-0.911069 -0.0409961 0.0753914 -0.911069 -0.0409961 -0.118615 -0.89843 -0.132745 0.118615 -0.89843
-0.132745 -0.350695 -0.837233 -0.124134 0.350695 -0.837233 -0.124133 -0.18656 -0.889793 -0.115529
0.18656 -0.889794 -0.115529 -0.11813 -0.8996 -0.129386 0.11813 -0.899601 -0.129386 -0.43647
-0.795216 -0.135859 0.43647 -0.795217 -0.135859 -0.462813 -0.777909 -0.149829 0.462813 -0.77791
-0.149829 0.0984294 -0.900969 -0.143955 -0.0984295 -0.900969 -0.143955 -0.407458 -0.811701 -0.131691
0.407458 -0.811702 -0.13169 -0.27356 -0.866533 -0.128703 0.27356 -0.866534 -0.128703 -0.206972
-0.885239 -0.126157 0.206972 -0.88524 -0.126157 -0.376167 -0.825727 -0.13821 0.376167 -0.825728
-0.13821 -0.297481 -0.858598 -0.130403 0.297481 -0.858599 -0.130402 -0.134124 -0.899292 -0.131873
0.134124 -0.899293 -0.131873 -0.250683 -0.875232 -0.128092 0.250683 -0.875232 -0.128092 -0.119157
-0.90158 -0.135299 0.119157 -0.90158 -0.135299 -0.150413 -0.897813 -0.129469 0.150413 -0.897813
-0.129469 -0.465301 -0.78031 -0.142397 0.465301 -0.780311 -0.142397 0.067042 -0.91633 -0.0408562
-0.0670421 -0.91633 -0.0408562 -0.322603 -0.850981 -0.133188 0.322603 -0.850982 -0.133188 -0.207499
-0.888844 -0.117 0.207499 -0.888844 -0.117 -0.275127 -0.87004 -0.119653 0.275127 -0.870041
-0.119653 -0.133282 -0.902174 -0.123967 0.133282 -0.902175 -0.123967 -0.118264 -0.903694 -0.129146
0.118264 -0.903694 -0.129146 -0.29934 -0.86207 -0.121388 0.29934 -0.862071 -0.121388 -0.104926
-0.90431 -0.137014 0.104926 -0.904311 -0.137014 -0.378921 -0.829019 -0.129326 0.378921 -0.82902
-0.129325 -0.492271 -0.762826 -0.152865 0.492271 -0.762827 -0.152864 -0.491911 -0.763419 -0.154784
0.491911 -0.76342 -0.154784 -0.16815 -0.896804 -0.12846 0.16815 -0.896805 -0.12846 -0.149839
-0.901139 -0.120661 0.149839 -0.90114 -0.120661 -0.105317 -0.904995 -0.139035 0.105317 -0.904995
-0.139035 -0.251913 -0.87873 -0.118999 0.251913 -0.878731 -0.118999 -0.492747 -0.764319 -0.151643
0.492747 -0.76432 -0.151643 -0.104734 -0.906065 -0.135649 0.104734 -0.906065 -0.135649 -0.32473
-0.854369 -0.124202 0.32473 -0.85437 -0.124202 -0.434009 -0.800375 -0.147933 0.434009 -0.800376
-0.147933 -0.349083 -0.843238 -0.137058 0.349083 -0.843239 -0.137058 -0.228744 -0.884985 -0.12856
0.228744 -0.884985 -0.128559 -0.167909 -0.9003 -0.119309 0.167909 -0.9003 -0.119309 -0.405143
-0.817442 -0.144404 0.405143 -0.817443 -0.144404 -0.0586765 -0.920936 -0.0407861 0.0586764 -0.920937
-0.0407861 -0.491743 -0.766187 -0.157139 0.491743 -0.766188 -0.157139 -0.463114 -0.78466 -0.153016
0.463114 -0.784661 -0.153015 -0.187356 -0.896049 -0.128795 0.187356 -0.89605 -0.128795 -0.437037
-0.803261 -0.139201 0.437037 -0.803263 -0.139201 -0.493262 -0.767808 -0.151381 0.493262 -0.767809
-0.151381 -0.0923888 -0.909511 -0.142443 0.0923886 -0.909511 -0.142443 -0.105856 -0.90822 -0.141429
0.105856 -0.90822 -0.141429 -0.229582 -0.888437 -0.119417 0.229582 -0.888438 -0.119417 -0.351475
-0.846485 -0.128093 0.351475 -0.846486 -0.128093 -0.119845 -0.907246 -0.13809 0.119845 -0.907246
-0.13809 -0.104791 -0.910154 -0.135229 0.10479 -0.910154 -0.135229 -0.465839 -0.787227 -0.144668
0.465839 -0.787228 -0.144668 -0.0927818 -0.910255 -0.144436 0.0927815 -0.910255 -0.144436 -0.408086
-0.820465 -0.135524 0.408086 -0.820466 -0.135524 -0.18744 -0.899529 -0.119578 0.18744 -0.89953
-0.119578 -0.0921678 -0.911227 -0.141019 0.0921676 -0.911227 -0.141019 -0.0516553 -0.924374 -0.0408786
0.0516552 -0.924374 -0.0408786 -0.118679 -0.909906 -0.130134 0.118678 -0.909906 -0.130134 -0.134967
-0.906902 -0.135162 0.134967 -0.906903 -0.135162 -0.376969 -0.835049 -0.141983 0.376969 -0.83505
-0.141983 -0.274441 -0.876213 -0.132125 0.274441 -0.876214 -0.132125 -0.298375 -0.868113 -0.133813
0.298376 -0.868113 -0.133812 0.0961329 -0.91032 -0.152114 -0.0961329 -0.91032 -0.152114 -0.207849
-0.895468 -0.130055 0.207849 -0.895469 -0.130054 -0.49182 -0.771113 -0.159688 0.491821 -0.771114
-0.159688 -0.133979 -0.910005 -0.126304 0.133979 -0.910006 -0.126304 -0.0802784 -0.913582 -0.146874
0.0802782 -0.913582 -0.146874 -0.151359 -0.906802 -0.133202 0.151359 -0.906803 -0.133202 0.0456101
-0.927073 -0.0410214 -0.0456102 -0.927073 -0.0410214 -0.323485 -0.860299 -0.136524 0.323485 -0.8603
-0.136524 -0.251519 -0.88502 -0.131473 0.251519 -0.88502 -0.131473 -0.379622 -0.838095 -0.133033
0.379622 -0.838096 -0.133032 -0.275872 -0.879386 -0.123315 0.275872 -0.879386 -0.123315 -0.493753
-0.773143 -0.152235 0.493753 -0.773144 -0.152235 -0.0806451 -0.91438 -0.148853 0.0806447 -0.91438
-0.148853 -0.300093 -0.871249 -0.125035 0.300093 -0.871249 -0.125035 -0.0932914 -0.913552 -0.146711
0.0932912 -0.913552 -0.146711 -0.0800572 -0.915261 -0.145404 0.0800569 -0.915262 -0.145404 -0.208256
-0.898841 -0.12086 0.208256 -0.898841 -0.12086 -0.092174 -0.915311 -0.140457 0.0921738 -0.915312
-0.140457 -0.150674 -0.910101 -0.124 0.150674 -0.910101 -0.124 -0.383561 -0.837344 -0.134857
0.383561 -0.837344 -0.134857 -0.434633 -0.80919 -0.151426 0.434633 -0.809191 -0.151426 -0.106497
-0.913964 -0.143949 0.106497 -0.913965 -0.143948 -0.0397932 -0.929613 -0.0410959 0.0397931 -0.929613
-0.0410959 -0.463581 -0.792637 -0.156171 0.463582 -0.792638 -0.15617 -0.325463 -0.863354 -0.127773
0.325463 -0.863354 -0.127773 -0.0681811 -0.916755 -0.15031 0.068181 -0.916755 -0.15031 -0.25262
-0.88819 -0.122627 0.25262 -0.88819 -0.122627 0.381741 -0.838813 -0.136015 -0.381741 -0.838813
-0.136015 -0.169083 -0.90665 -0.132377 0.169083 -0.906651 -0.132377 -0.34993 -0.852351 -0.140248
0.34993 -0.852352 -0.140247 -0.519061 -0.756932 -0.163144 0.519061 -0.756933 -0.163144 -0.105124
-0.916402 -0.135936 0.105124 -0.916402 -0.135936 -0.405869 -0.826588 -0.147824 0.405869 -0.826589
-0.147824 -0.0685014 -0.917597 -0.152285 0.0685012 -0.917597 -0.152285 -0.0679802 -0.918399 -0.148804
0.0679801 -0.918399 -0.148804 -0.518873 -0.757589 -0.164962 0.518873 -0.75759 -0.164962 0.385381
-0.838813 -0.136015 -0.385381 -0.838813 -0.136015 -0.229505 -0.894806 -0.131857 0.229505 -0.894806
-0.131857 -0.519349 -0.75832 -0.161833 0.519349 -0.758322 -0.161833 -0.43759 -0.811899 -0.142549
0.43759 -0.811901 -0.142548 -0.0556837 -0.91926 -0.152755 0.0556834 -0.919261 -0.152755 -0.466343
-0.795157 -0.147429 0.466343 -0.795159 -0.147429 -0.120622 -0.914916 -0.140995 0.120622 -0.914916
-0.140995 -0.0811025 -0.917738 -0.151049 0.0811021 -0.917738 -0.151049 -0.168722 -0.909975 -0.123107
0.168722 -0.909976 -0.123107 0.0336652 -0.93223 -0.0411632 -0.0336653 -0.93223 -0.0411632 -0.0800357
-0.919336 -0.144736 0.0800356 -0.919337 -0.144736 -0.352162 -0.855275 -0.131517 0.352162 -0.855276
-0.131517 -0.492101 -0.777758 -0.162282 0.492101 -0.777759 -0.162282 -0.0559458 -0.920132 -0.154732
0.0559455 -0.920133 -0.154732 0.381292 -0.842113 -0.138619 -0.381292 -0.842113 -0.138619 0.0555152
-0.92087 -0.151223 -0.0555154 -0.92087 -0.151223 -0.1193 -0.917785 -0.132086 0.119299 -0.917785
-0.132086 -0.188157 -0.906204 -0.132514 0.188156 -0.906205 -0.132514 -0.408706 -0.829382 -0.138885
0.408706 -0.829383 -0.138885 -0.042475 -0.92128 -0.154254 0.0424748 -0.92128 -0.154254 -0.23022
-0.89794 -0.122972 0.230219 -0.897941 -0.122972 -0.51883 -0.760363 -0.167023 0.51883 -0.760364
-0.167023 -0.377764 -0.843967 -0.144947 0.377764 -0.843968 -0.144946 -0.494215 -0.77993 -0.153923
0.494215 -0.779931 -0.153923 -0.519693 -0.761682 -0.161292 0.519694 -0.761683 -0.161292 -0.0938686
-0.91937 -0.149025 0.0938684 -0.91937 -0.149025 -0.299169 -0.876538 -0.136201 0.299169 -0.876538
-0.136201 -0.0286558 -0.9228 -0.155014 0.0286556 -0.9228 -0.155014 -0.135847 -0.915904 -0.138493
0.135846 -0.915904 -0.138493 -0.0426745 -0.922166 -0.156234 0.0426742 -0.922166 -0.156234 -0.275193
-0.88478 -0.13454 0.275193 -0.884781 -0.13454 0.0267786 -0.935018 -0.0413015 -0.0267787 -0.935018
-0.0413015 -0.042345 -0.922857 -0.152705 0.0423448 -0.922858 -0.152705 -0.0688911 -0.920998 -0.154432
0.0688909 -0.920998 -0.154432 0.385831 -0.842113 -0.138619 -0.385831 -0.842113 -0.138619 -0.067948
-0.922455 -0.148063 0.0679478 -0.922455 -0.148063 0.0144294 -0.923758 -0.155286 -0.0144297 -0.923758
-0.155286 -0.188119 -0.909466 -0.12327 0.188119 -0.909467 -0.123269 -0.0924407 -0.921594 -0.140946
0.0924407 -0.921594 -0.140946 -1.21532e-07 -0.924091 -0.155321 0.383561 -0.845725 -0.126361 -0.383561
-0.845725 -0.126361 0.381741 -0.846418 -0.128099 -0.381741 -0.846418 -0.128099 -0.0287901 -0.923689
-0.156999 0.02879 -0.923689 -0.156999 -0.0285674 -0.92435 -0.153455 0.0285672 -0.92435 -0.153455
-0.324294 -0.868551 -0.138836 0.324294 -0.868552 -0.138836 -0.134761 -0.918986 -0.129246 0.134761
-0.918986 -0.129246 -0.382551 -0.84476 -0.140706 0.382551 -0.84476 -0.140706 -0.300654 -0.879198
-0.128264 0.300654 -0.879198 -0.128264 -0.0144973 -0.924644 -0.157276 0.0144971 -0.924644 -0.157276
0.0143847 -0.925289 -0.153723 -0.014385 -0.925289 -0.153723 -0.276419 -0.887475 -0.126576 0.276418
-0.887476 -0.126576 -0.380243 -0.846708 -0.136233 0.380243 -0.846709 -0.136233 -0.252203 -0.893679
-0.133868 0.252203 -0.89368 -0.133867 -1.66312e-07 -0.924975 -0.157313 -1.66312e-07 -0.925615 -0.153758
-0.0562599 -0.923553 -0.156853 0.0562595 -0.923553 -0.156853 -0.208521 -0.90526 -0.133233 0.208521
-0.90526 -0.133233 -0.0554826 -0.924895 -0.150435 0.0554826 -0.924895 -0.150435 0.384571 -0.84476
-0.140706 -0.384571 -0.84476 -0.140706 0.385381 -0.846418 -0.128099 -0.385381 -0.846418 -0.128099
0.0188402 -0.937842 -0.0414759 -0.0188402 -0.937842 -0.0414759 0.381292 -0.847975 -0.132004 -0.381292
-0.847975 -0.132004 -0.152235 -0.916597 -0.136792 0.152235 -0.916597 -0.136792 -0.326014 -0.871139
-0.130922 0.326014 -0.871139 -0.130922 -0.1072 -0.921704 -0.146511 0.1072 -0.921704 -0.146511
-0.435282 -0.818156 -0.154415 0.435282 -0.818157 -0.154415 -0.464135 -0.801286 -0.159093 0.464135
-0.801287 -0.159093 -0.0816034 -0.923615 -0.153219 0.0816032 -0.923615 -0.153219 -0.253128 -0.896376
-0.125875 0.253128 -0.896377 -0.125875 -0.518961 -0.765225 -0.169099 0.518961 -0.765227 -0.169099
-0.0429107 -0.925578 -0.158345 0.0429105 -0.925578 -0.158345 -0.350732 -0.860418 -0.142429 0.350732
-0.860419 -0.142428 0.0918669 -0.922126 -0.158227 -0.091867 -0.922126 -0.158227 -0.0423169 -0.926837
-0.151889 0.0423165 -0.926837 -0.151889 -0.208815 -0.908327 -0.124306 0.208814 -0.908328 -0.124306
-0.0802488 -0.925642 -0.145069 0.0802486 -0.925643 -0.145069 -0.105671 -0.92434 -0.137545 0.105671
-0.92434 -0.137545 -0.520056 -0.76688 -0.161689 0.520056 -0.766881 -0.161688 -0.15145 -0.919741
-0.127479 0.15145 -0.919742 -0.127479 0.385831 -0.847975 -0.132004 -0.385831 -0.847975 -0.132004
-0.0289481 -0.927077 -0.159109 0.0289478 -0.927077 -0.159109 -0.406599 -0.835317 -0.150491 0.406599
-0.835318 -0.150491 0.382551 -0.849223 -0.135135 -0.382551 -0.849223 -0.135135 -0.0285469 -0.928282
-0.152627 0.0285466 -0.928282 -0.152627 0.00974666 -0.940334 -0.041624 -0.00974672 -0.940334 -0.0416241
-0.46683 -0.803653 -0.150219 0.466831 -0.803654 -0.150219 -0.438131 -0.82066 -0.145487 0.438131
-0.820661 -0.145487 0.014576 -0.928006 -0.159388 -0.0145764 -0.928006 -0.159388 -0.492517 -0.785577
-0.164795 0.492517 -0.785579 -0.164795 0.0143739 -0.929182 -0.152891 -0.0143742 -0.929182 -0.152891
-0.352678 -0.862893 -0.134534 0.352678 -0.862893 -0.134534 -1.21532e-07 -0.928325 -0.159427 -0.230097
-0.903494 -0.134189 0.230096 -0.903495 -0.134189 0.384571 -0.849223 -0.135135 -0.384571 -0.849223
-0.135135 -1.21532e-07 -0.929493 -0.152926 -0.169824 -0.916714 -0.135876 0.169824 -0.916715 -0.135876
-3.20004e-08 -0.941438 -0.0416865 -0.0693084 -0.926911 -0.15651 0.0693082 -0.926911 -0.15651 0.183429
-0.915656 -0.128468 -0.183429 -0.915656 -0.128468 -0.299854 -0.883198 -0.137369 0.299853 -0.883199
-0.137369 -0.121431 -0.923952 -0.143921 0.121431 -0.923952 -0.143921 -0.0681164 -0.928767 -0.14829
0.0681163 -0.928767 -0.14829 -0.275819 -0.891551 -0.135735 0.275819 -0.891552 -0.135735 -0.542533
-0.752077 -0.171894 0.542534 -0.752078 -0.171894 -0.494658 -0.787712 -0.156057 0.494658 -0.787713
-0.156056 -0.40925 -0.83783 -0.141793 0.40925 -0.837831 -0.141793 -0.23067 -0.906166 -0.126166
0.23067 -0.906167 -0.126166 -0.378536 -0.851852 -0.146941 0.378536 -0.851853 -0.146941 -0.169352
-0.919839 -0.126588 0.169352 -0.919839 -0.126588 0.181609 -0.917125 -0.129627 -0.181609 -0.917125
-0.129627 -0.325015 -0.875074 -0.13994 0.325015 -0.875075 -0.13994 -0.542586 -0.753365 -0.170531
0.542586 -0.753366 -0.170531 -0.542564 -0.752794 -0.173592 0.542564 -0.752795 -0.173591 -0.300974
-0.885176 -0.131176 0.300974 -0.885177 -0.131176 -0.0944871 -0.927177 -0.151324 0.0944869 -0.927177
-0.151324 -0.120032 -0.926809 -0.134629 0.120032 -0.92681 -0.134628 -0.276737 -0.893558 -0.129522
0.276737 -0.893558 -0.129522 0.185249 -0.917125 -0.129627 -0.185249 -0.917125 -0.129627 -0.0565907
-0.92947 -0.158877 0.0565905 -0.92947 -0.158877 -0.0556129 -0.931185 -0.150596 0.0556126 -0.931186
-0.150596 -0.188747 -0.915922 -0.135542 0.188747 -0.915922 -0.135542 -0.0929153 -0.929591 -0.142289
0.0929151 -0.929592 -0.142289 -0.252748 -0.900521 -0.135052 0.252748 -0.900522 -0.135052 -0.326319
-0.876997 -0.133764 0.326319 -0.876998 -0.133764 -0.380701 -0.854169 -0.139064 0.380701 -0.85417
-0.139064 -0.519234 -0.771744 -0.171101 0.519234 -0.771745 -0.171101 -0.0431569 -0.931463 -0.160342
0.0431566 -0.931464 -0.160342 -0.25343 -0.902532 -0.128819 0.25343 -0.902533 -0.128819 -0.351468
-0.866791 -0.143432 0.351468 -0.866792 -0.143432 0.0424116 -0.933077 -0.152015 -0.0424119 -0.933077
-0.152015 -0.136676 -0.925672 -0.141717 0.136675 -0.925672 -0.141717 -0.520428 -0.773517 -0.162801
0.520428 -0.773519 -0.162801 -0.542718 -0.7566 -0.169761 0.542719 -0.756602 -0.169761 -0.188612
-0.918896 -0.126576 0.188611 -0.918897 -0.126576 -0.542682 -0.75557 -0.175365 0.542682 -0.755571
-0.175365 -0.300416 -0.887521 -0.1372 0.300416 -0.887522 -0.1372 0.381292 -0.856812 -0.131448
-0.381292 -0.856812 -0.131448 -0.381741 -0.857416 -0.127288 0.381741 -0.857416 -0.127288 -0.0291111
-0.932912 -0.161097 0.0291107 -0.932912 -0.161097 -0.209013 -0.913922 -0.135468 0.209013 -0.913923
-0.135468 -0.0286091 -0.934458 -0.152738 0.0286086 -0.934458 -0.152738 -0.276317 -0.895946 -0.135581
0.276316 -0.895947 -0.135581 0.181159 -0.920426 -0.13223 -0.181159 -0.920426 -0.13223 0.382551
-0.856327 -0.134784 -0.382551 -0.856327 -0.134784 -0.352947 -0.868628 -0.137272 0.352947 -0.868629
-0.137271 -0.435937 -0.826688 -0.156727 0.435937 -0.826689 -0.156727 -0.30102 -0.888579 -0.133803
0.30102 -0.888579 -0.133803 -0.135522 -0.928618 -0.132366 0.135522 -0.928619 -0.132366 -0.0146576
-0.933795 -0.161378 0.0146572 -0.933795 -0.161378 -0.464706 -0.810052 -0.16159 0.464706 -0.810053
-0.161589 -0.014405 -0.935304 -0.153 0.0144046 -0.935304 -0.153 -0.383561 -0.857685 -0.125437
0.383561 -0.857685 -0.125437 -0.0821304 -0.931477 -0.155329 0.0821301 -0.931477 -0.155329 -1.66312e-07
-0.934093 -0.161419 -0.276809 -0.897019 -0.132173 0.276809 -0.89702 -0.132173 -0.325627 -0.879306
-0.139734 0.325627 -0.879307 -0.139734 -1.66312e-07 -0.935592 -0.153036 0.185698 -0.920426 -0.13223
-0.185698 -0.920426 -0.13223 0.384571 -0.856327 -0.134784 -0.384571 -0.856327 -0.134784 -0.0806514
-0.933689 -0.146221 0.080651 -0.933689 -0.146221 -0.407321 -0.843019 -0.15225 0.407321 -0.84302
-0.15225 -0.385381 -0.857416 -0.127288 0.385381 -0.857416 -0.127288 -0.30082 -0.889337 -0.135911
0.300819 -0.889338 -0.135911 -0.209206 -0.916542 -0.127415 0.209205 -0.916543 -0.127415 -0.326331
-0.880333 -0.136346 0.326331 -0.880334 -0.136346 -0.230541 -0.910359 -0.135329 0.23054 -0.910359
-0.135329 -0.107929 -0.930789 -0.149073 0.107929 -0.93079 -0.149073 0.385831 -0.856812 -0.131448
-0.385831 -0.856812 -0.131448 -0.276658 -0.897792 -0.134293 0.276657 -0.897792 -0.134293 -0.253162
-0.904961 -0.134891 0.253162 -0.904961 -0.134891 -0.467304 -0.81224 -0.152678 0.467304 -0.812241
-0.152678 -0.438601 -0.828939 -0.148048 0.438601 -0.828941 -0.148048 -0.493 -0.794027 -0.167101
0.493001 -0.794028 -0.1671 -0.152948 -0.926575 -0.140029 0.152948 -0.926575 -0.140029 -0.326083
-0.881081 -0.138436 0.326083 -0.881082 -0.138435 0.183429 -0.924038 -0.119973 -0.183429 -0.924038
-0.119973 -0.379267 -0.858072 -0.147807 0.379267 -0.858073 -0.147807 -0.106348 -0.933425 -0.139729
0.106348 -0.933425 -0.139729 -0.230947 -0.912353 -0.129075 0.230947 -0.912354 -0.129075 -0.253524
-0.906037 -0.131473 0.253524 -0.906037 -0.131473 -0.409639 -0.845142 -0.14439 0.409639 -0.845143
-0.14439 0.181609 -0.924731 -0.12171 -0.181609 -0.924731 -0.121711 -0.352115 -0.87092 -0.143165
0.352114 -0.870921 -0.143165 0.0854243 -0.932568 -0.161358 -0.0854244 -0.932568 -0.161358 0.182419
-0.923072 -0.134318 -0.182419 -0.923073 -0.134318 -0.542924 -0.761661 -0.16976 0.542925 -0.761662
-0.16976 -0.49509 -0.796034 -0.158246 0.49509 -0.796035 -0.158246 -0.0697407 -0.934806 -0.158494
0.0697403 -0.934806 -0.158494 0.184439 -0.923072 -0.134318 -0.184439 -0.923073 -0.134318 -0.542887
-0.760366 -0.176999 0.542887 -0.760367 -0.176999 -0.152079 -0.929539 -0.130707 0.152078 -0.92954
-0.130707 0.185249 -0.924731 -0.12171 -0.185249 -0.924731 -0.121711 -0.352914 -0.871901 -0.139786
0.352914 -0.871902 -0.139786 -0.253428 -0.906822 -0.133597 0.253428 -0.906823 -0.133597 -0.380914
-0.859791 -0.141661 0.380914 -0.859792 -0.141661 -0.0684483 -0.936841 -0.149313 0.0684479 -0.936842
-0.149313 -0.352617 -0.872644 -0.141851 0.352616 -0.872645 -0.14185 -0.170363 -0.926333 -0.138727
0.170363 -0.926334 -0.138727 0.181159 -0.926287 -0.125615 -0.181159 -0.926287 -0.125615 -0.561375
-0.748367 -0.178007 0.561375 -0.748368 -0.178006 -0.5196 -0.779386 -0.172975 0.519601 -0.779387
-0.172975 -0.0569293 -0.937364 -0.160784 0.056929 -0.937365 -0.160784 -0.561157 -0.749564 -0.176652
0.561158 -0.749565 -0.176651 0.185698 -0.926287 -0.125615 -0.185698 -0.926287 -0.125615 -0.0558756
-0.939256 -0.15154 0.0558751 -0.939256 -0.15154 -0.122211 -0.933716 -0.146775 0.122211 -0.933717
-0.146775 -0.520805 -0.781132 -0.164314 0.520805 -0.781134 -0.164313 -0.230853 -0.91481 -0.135139
0.230853 -0.91481 -0.135139 -0.561657 -0.749137 -0.17956 0.561657 -0.749139 -0.17956 -0.169818
-0.929191 -0.129728 0.169818 -0.929192 -0.129728 -0.379933 -0.862091 -0.147459 0.379933 -0.862092
-0.147459 -0.0951268 -0.936317 -0.1536 0.0951266 -0.936317 -0.1536 -0.189153 -0.924516 -0.137657
0.189153 -0.924517 -0.137656 -0.231064 -0.915878 -0.13171 0.231064 -0.915879 -0.13171 0.182419
-0.927536 -0.128747 -0.182419 -0.927536 -0.128747 -0.209351 -0.920765 -0.136536 0.209351 -0.920765
-0.136536 -0.12078 -0.936459 -0.137388 0.12078 -0.936459 -0.137388 -0.0434062 -0.939321 -0.16221
0.0434059 -0.939321 -0.16221 -0.380824 -0.863009 -0.144088 0.380824 -0.86301 -0.144088 -0.093523
-0.938743 -0.144192 0.0935226 -0.938744 -0.144192 -0.302835 -0.89405 -0.140599 0.302835 -0.89405
-0.140599 -0.408026 -0.849081 -0.152946 0.408026 -0.849082 -0.152946 0.0426068 -0.941105 -0.152917
-0.0426071 -0.941105 -0.152917 0.184439 -0.927536 -0.128747 -0.184439 -0.927536 -0.128747 -0.436594
-0.834197 -0.158209 0.436594 -0.834198 -0.158209 -0.23103 -0.916673 -0.133832 0.23103 -0.916674
-0.133832 -0.302519 -0.894279 -0.142631 0.302519 -0.894279 -0.14263 -0.279395 -0.902365 -0.139312
0.279395 -0.902366 -0.139312 -0.188961 -0.927064 -0.129575 0.188961 -0.927064 -0.129575 -0.380475
-0.863757 -0.146121 0.380475 -0.863758 -0.14612 -0.561046 -0.752687 -0.175742 0.561047 -0.752689
-0.175742 -0.209461 -0.922724 -0.130262 0.20946 -0.922725 -0.130262 0.0292749 -0.940713 -0.162951
-0.0292753 -0.940713 -0.162951 -0.0287384 -0.942426 -0.153624 0.0287381 -0.942426 -0.153624 -0.279137
-0.902609 -0.141344 0.279137 -0.902609 -0.141344 -0.327359 -0.886029 -0.14289 0.327359 -0.88603
-0.14289 -0.465282 -0.818368 -0.1635 0.465282 -0.818369 -0.1635 -0.409789 -0.850655 -0.146815
0.409789 -0.850657 -0.146815 0.0147386 -0.941544 -0.163232 -0.0147389 -0.941544 -0.163232 -0.326993
-0.886257 -0.144923 0.326992 -0.886258 -0.144923 -0.303221 -0.895591 -0.139336 0.303221 -0.895592
-0.139336 0.014469 -0.943217 -0.153886 -0.0144694 -0.943217 -0.153886 -1.66312e-07 -0.941821 -0.163276
-0.382551 -0.864743 -0.140319 0.382551 -0.864743 -0.140319 -0.593397 -0.749401 -0.0109463 0.593397
-0.749402 -0.010946 -1.66312e-07 -0.943481 -0.153923 -0.56196 -0.751917 -0.181064 0.56196 -0.751918
-0.181064 -0.543188 -0.768148 -0.170361 0.543188 -0.768149 -0.170361 -0.594816 -0.748517 -0.00985965
0.594816 -0.748518 -0.00985937 -0.438922 -0.836099 -0.15037 0.438923 -0.8361 -0.15037 -0.279755
-0.90391 -0.13803 0.279755 -0.903911 -0.13803 -0.543159 -0.766757 -0.178458 0.54316 -0.766759
-0.178458 -0.593492 -0.750198 0.00308502 0.593492 -0.7502 0.0030853 -0.13738 -0.93558 -0.144668
0.13738 -0.93558 -0.144668 -0.327767 -0.88756 -0.141642 0.327767 -0.887561 -0.141641 -0.59326
-0.749952 -0.0301787 0.59326 -0.749954 -0.0301784 -0.384571 -0.864743 -0.140319 0.384571 -0.864743
-0.140319 -0.594816 -0.749441 0.0051872 0.594816 -0.749442 0.00518747 -0.467711 -0.820335 -0.154847
0.467711 -0.820337 -0.154846 -0.381292 -0.86683 -0.137673 0.381292 -0.86683 -0.137672 -0.594817
-0.749038 -0.0297762 0.594817 -0.749039 -0.0297759 -0.256719 -0.911337 -0.139075 0.256719 -0.911337
-0.139074 -0.302338 -0.896404 -0.145154 0.302338 -0.896405 -0.145154 -0.592244 -0.751823 -0.0124129
0.592244 -0.751825 -0.0124126 -0.592585 -0.75171 -0.00110328 -0.493496 -0.802561 -0.169067 0.592585
-0.751712 -0.00110298 0.493496 -0.802563 -0.169067 -0.0826724 -0.940668 -0.157395 0.0826722 -0.940668
-0.157395 -0.256526 -0.911604 -0.141109 0.256526 -0.911604 -0.141109 -0.353289 -0.877941 -0.146139
0.353289 -0.877942 -0.146139 -0.279038 -0.904767 -0.143846 0.279038 -0.904767 -0.143846 -0.596236
-0.749405 -0.010969 0.596236 -0.749406 -0.0109687 -0.136177 -0.938369 -0.135317 0.136177 -0.93837
-0.135317 -0.0811787 -0.942904 -0.147917 0.0811783 -0.942904 -0.147917 -0.352879 -0.878187 -0.148175
0.352879 -0.878188 -0.148175 -0.326739 -0.88837 -0.147467 0.326739 -0.888371 -0.147467 -0.591969
-0.752631 -0.0308231 0.591969 -0.752632 -0.0308229 -0.408691 -0.852984 -0.152499 0.408691 -0.852985
-0.152499 0.0769855 -0.941022 -0.162622 -0.0769855 -0.941022 -0.162622 -0.59614 -0.750201 0.00306891
0.59614 -0.750203 0.00306919 -0.49551 -0.804419 -0.160191 0.49551 -0.80442 -0.160191 -0.257047
-0.912879 -0.137772 0.257047 -0.912879 -0.137772 -0.209557 -0.925199 -0.1363 0.209556 -0.925199
-0.1363 -0.593199 -0.751014 -0.0527254 0.593199 -0.751016 -0.0527251 -0.596373 -0.749958 -0.0302113
0.596373 -0.749959 -0.030211 -0.409646 -0.853825 -0.149137 0.409646 -0.853826 -0.149136 -0.574697
-0.745843 -0.180684 0.574698 -0.745844 -0.180684 -0.385831 -0.86683 -0.137673 0.385831 -0.86683
-0.137672 -0.594817 -0.750094 -0.0526094 0.594817 -0.750096 -0.0526091 -0.303611 -0.898776 -0.139118
0.303611 -0.898777 -0.139118 -0.593396 -0.753059 0.0112185 0.593396 -0.75306 0.0112188 -0.108649
-0.940572 -0.151593 0.108649 -0.940572 -0.151593 -0.209605 -0.92625 -0.132862 0.209605 -0.92625
-0.132862 -0.353716 -0.879458 -0.144897 0.353716 -0.879459 -0.144897 -0.561071 -0.757625 -0.175452
0.561071 -0.757627 -0.175451 -0.381741 -0.869434 -0.134372 0.381741 -0.869434 -0.134372 -0.592243
-0.75432 0.00256905 0.592243 -0.754322 0.00256933 -0.57419 -0.746965 -0.179413 0.57419 -0.746967
-0.179413 -0.153479 -0.936088 -0.142684 0.153479 -0.936088 -0.142684 -0.594816 -0.752475 0.0141721
0.594816 -0.752476 0.0141724 -0.280157 -0.907119 -0.137775 0.280156 -0.90712 -0.137775 -0.409255
-0.854583 -0.15113 0.409255 -0.854584 -0.15113 -0.591523 -0.755569 -0.0117955 0.591523 -0.755571
-0.0117952 -0.328145 -0.890725 -0.141453 0.328144 -0.890726 -0.141453 -0.107069 -0.943113 -0.14216
0.107068 -0.943114 -0.14216 -0.520014 -0.787618 -0.174668 0.520014 -0.787619 -0.174667 -0.591858
-0.753774 -0.053047 0.591858 -0.753775 -0.0530467 -0.256519 -0.913801 -0.143595 0.256518 -0.913802
-0.143595 -0.597047 -0.751715 -0.0011318 0.597048 -0.751716 -0.00113152 -0.575247 -0.74666 -0.182066
0.575248 -0.746662 -0.182066 -0.209639 -0.927051 -0.134975 0.209639 -0.927051 -0.134975 -0.0701825
-0.944032 -0.160415 0.0701823 -0.944032 -0.160415 -0.562251 -0.756655 -0.182323 0.562251 -0.756656
-0.182323 -0.352562 -0.88032 -0.150732 0.352562 -0.88032 -0.150731 -0.521185 -0.789264 -0.165908
0.521185 -0.789265 -0.165908 -0.437249 -0.840092 -0.158708 0.437249 -0.840093 -0.158708 -0.597389
-0.75183 -0.0124537 0.597389 -0.751831 -0.0124534 -0.189399 -0.931303 -0.138636 0.189398 -0.931303
-0.138636 -0.385381 -0.869434 -0.134372 0.385381 -0.869434 -0.134372 -0.59319 -0.751599 -0.0756365
0.59319 -0.751601 -0.0756362 -0.152571 -0.93881 -0.13366 0.152571 -0.938811 -0.13366 0.382551
-0.868817 -0.146159 -0.382551 -0.868817 -0.146159 -0.596435 -0.751022 -0.0527702 0.596435 -0.751023
-0.0527699 -0.0688883 -0.946103 -0.150868 0.068888 -0.946103 -0.150868 0.383561 -0.870592 -0.132903
-0.383561 -0.870592 -0.132903 -0.596236 -0.753061 0.0112051 0.596236 -0.753062 0.0112054 -0.170717
-0.934832 -0.140707 0.170717 -0.934833 -0.140707 0.181159 -0.935124 -0.125059 -0.181159 -0.935124
-0.12506 -0.594817 -0.750676 -0.0755883 0.594817 -0.750678 -0.075588 0.181609 -0.935729 -0.1209
-0.181609 -0.935729 -0.1209 -0.234587 -0.92119 -0.139898 0.234587 -0.921191 -0.139898 0.182419
-0.93464 -0.128396 -0.182419 -0.93464 -0.128396 -0.591144 -0.756924 -0.0310683 0.591144 -0.756926
-0.031068 -0.573816 -0.749999 -0.178478 0.573816 -0.750001 -0.178477 -0.380778 -0.869522 -0.150275
0.380778 -0.869523 -0.150275 0.183429 -0.935997 -0.119048 -0.183429 -0.935998 -0.119048 0.184439
-0.93464 -0.128396 -0.184439 -0.93464 -0.128396 0.384571 -0.868817 -0.146159 -0.384571 -0.868817
-0.146159 -0.302349 -0.900453 -0.147924 0.302348 -0.900454 -0.147924 -0.43902 -0.841502 -0.152597
0.439021 -0.841503 -0.152597 -0.189211 -0.933212 -0.132344 0.189211 -0.933213 -0.132344 -0.234466
-0.921483 -0.14194 0.234466 -0.921484 -0.141939 -0.380333 -0.869809 -0.152313 0.380333 -0.86981
-0.152313 -0.25746 -0.916106 -0.137481 0.25746 -0.916106 -0.137481 0.185249 -0.935729 -0.1209
-0.185249 -0.935729 -0.1209 0.185698 -0.935124 -0.125059 -0.185698 -0.935124 -0.12506 -0.597664
-0.75264 -0.030883 0.597664 -0.752642 -0.0308827 -0.593191 -0.750941 -0.0962087 0.593191 -0.750942
-0.0962084 -0.170165 -0.937288 -0.132602 0.170165 -0.937288 -0.132602 -0.591842 -0.754378 -0.075843
0.591843 -0.75438 -0.0758427 -0.354081 -0.882617 -0.144724 0.354081 -0.882617 -0.144724 -0.279148
-0.908863 -0.146572 0.279148 -0.908864 -0.146572 -0.594817 -0.750017 -0.0961886 0.594817 -0.750019
-0.0961883 -0.326661 -0.892396 -0.150275 0.326661 -0.892397 -0.150274 -0.0572732 -0.9466 -0.162615
0.0572728 -0.9466 -0.162615 -0.234879 -0.92272 -0.138575 0.234878 -0.922721 -0.138575 -0.46586
-0.825667 -0.164672 0.46586 -0.825668 -0.164672 -0.597389 -0.754325 0.00253968 0.597389 -0.754326
0.00253996 -0.381218 -0.871023 -0.149029 0.381218 -0.871024 -0.149029 -0.54349 -0.775598 -0.171316
0.543491 -0.775599 -0.171316 -0.0562256 -0.948536 -0.153006 0.0562253 -0.948536 -0.153006 -0.593191
-0.749339 -0.113685 0.593191 -0.74934 -0.113685 -0.596444 -0.751608 -0.0756941 0.596444 -0.75161
-0.0756938 -0.593259 -0.757852 0.0148465 0.593259 -0.757854 0.0148467 -0.591968 -0.759039 0.00504138
0.591968 -0.75904 0.00504164 -0.381292 -0.871949 -0.144911 0.381292 -0.871949 -0.144911 -0.593191
-0.747359 -0.127797 0.593191 -0.74736 -0.127797 -0.583313 -0.744294 -0.180371 0.583313 -0.744295
-0.180371 -0.575748 -0.749448 -0.183332 0.575748 -0.749449 -0.183332 -0.594817 -0.748416 -0.113689
0.594818 -0.748417 -0.113689 -0.593191 -0.745567 -0.138273 0.593191 -0.745568 -0.138273 -0.582517
-0.745357 -0.179243 0.582517 -0.745359 -0.179242 -0.59319 -0.744404 -0.145105 0.59319 -0.744405
-0.145105 -0.543477 -0.774223 -0.179753 0.543477 -0.774225 -0.179753 -0.591003 -0.758274 -0.053489
0.591003 -0.758275 -0.0534887 -0.594817 -0.746437 -0.12782 0.594818 -0.746439 -0.12782 -0.593178
-0.743807 -0.149325 0.593179 -0.743808 -0.149325 -0.594817 -0.744647 -0.138311 0.594818 -0.744649
-0.13831 -0.594815 -0.743485 -0.145154 0.594816 -0.743487 -0.145153 -0.591843 -0.753724 -0.0963432
0.591843 -0.753725 -0.0963429 -0.122908 -0.943575 -0.149439 0.122908 -0.943576 -0.149439 -0.594816
-0.757404 0.0181286 0.594816 -0.757406 0.0181289 -0.593147 -0.743588 -0.152225 0.593148 -0.74359
-0.152225 -0.594801 -0.742888 -0.149391 0.594802 -0.74289 -0.149391 -0.467984 -0.827329 -0.156863
0.467984 -0.82733 -0.156863 -0.303961 -0.903441 -0.140111 0.303961 -0.903442 -0.140111 -0.591143
-0.760705 -0.0108905 0.591144 -0.760707 -0.0108902 -0.597775 -0.753787 -0.0531297 0.597776 -0.753789
-0.0531294 -0.594763 -0.742667 -0.152326 0.594763 -0.742669 -0.152326 -0.043658 -0.948536 -0.163992
0.0436573 -0.948536 -0.163992 -0.0957674 -0.946135 -0.155847 0.0957672 -0.946135 -0.155847 -0.593087
-0.743559 -0.155097 0.593087 -0.74356 -0.155097 -0.379966 -0.872001 -0.154867 0.379966 -0.872002
-0.154867 -0.59811 -0.755577 -0.0118462 0.59811 -0.755579 -0.011846 -0.0428683 -0.950369 -0.154336
0.042868 -0.950369 -0.154336 -0.437885 -0.843871 -0.158146 0.437885 -0.843872 -0.158146 -0.591843
-0.75212 -0.113759 0.591843 -0.752122 -0.113758 -0.596444 -0.750952 -0.0962777 0.596444 -0.750954
-0.0962774 -0.234557 -0.923721 -0.144418 0.234557 -0.923721 -0.144418 0.0671475 -0.947658 -0.163381
-0.0671476 -0.947658 -0.163381 -0.594687 -0.742634 -0.155265 0.594687 -0.742636 -0.155264 -0.591843
-0.750137 -0.127821 0.591844 -0.750138 -0.127821 -0.280561 -0.911827 -0.138716 0.28056 -0.911828
-0.138716 -0.591844 -0.748341 -0.138261 0.591844 -0.748343 -0.13826 -0.584128 -0.745151 -0.181561
0.584129 -0.745152 -0.181561 -0.561208 -0.763981 -0.175662 0.561209 -0.763982 -0.175661 -0.591842
-0.747176 -0.145068 0.591843 -0.747177 -0.145067 -0.121466 -0.946185 -0.140058 0.121465 -0.946185
-0.140058 -0.592952 -0.743569 -0.158936 0.592952 -0.743571 -0.158936 -0.328445 -0.895362 -0.14249
0.328445 -0.895363 -0.14249 -0.352407 -0.884364 -0.15356 0.352407 -0.884365 -0.15356 -0.0941887
-0.948489 -0.146358 0.0941885 -0.948489 -0.146358 -0.591833 -0.74658 -0.149265 0.591833 -0.746581
-0.149264 -0.438844 -0.844623 -0.154796 0.438844 -0.844624 -0.154795 -0.256737 -0.917952 -0.146283
0.256736 -0.917953 -0.146283 -0.385831 -0.871949 -0.144911 0.385831 -0.871949 -0.144911 -0.596444
-0.749351 -0.113764 0.596444 -0.749353 -0.113764 -0.596373 -0.757854 0.014834 0.596373 -0.757856
0.0148343 -0.49399 -0.810635 -0.170547 0.493991 -0.810636 -0.170547 -0.02944 -0.949889 -0.164715
0.0294396 -0.949889 -0.164715 -0.594524 -0.742638 -0.159208 0.594524 -0.742639 -0.159207 -0.581879
-0.748322 -0.178374 0.58188 -0.748324 -0.178374 -0.591807 -0.746364 -0.152133 0.591807 -0.746366
-0.152133 0.0289114 -0.951653 -0.155027 -0.0289118 -0.951653 -0.155027 -0.587396 -0.744464 -0.176871
0.587396 -0.744466 -0.17687 -0.573641 -0.754842 -0.178042 0.573641 -0.754843 -0.178042 -0.189507
-0.935697 -0.138345 0.189507 -0.935698 -0.138345 -0.588455 -0.743446 -0.17782 0.588455 -0.743447
-0.177819 -0.596444 -0.747372 -0.127884 0.596444 -0.747374 -0.127883 0.382223 -0.872631 -0.152024
-0.382223 -0.872631 -0.152024 -0.596444 -0.745582 -0.138366 0.596444 -0.745583 -0.138366 -0.592555
-0.743621 -0.163539 0.592556 -0.743622 -0.163538 -0.596442 -0.744419 -0.145205 0.596442 -0.744421
-0.145205 -0.590983 -0.75892 -0.0762048 0.590983 -0.758922 -0.0762045 -0.591755 -0.746343 -0.154955
0.591755 -0.746345 -0.154954 0.0148201 -0.950684 -0.164995 -0.0148206 -0.950684 -0.164995 -0.596424
-0.743822 -0.149452 0.596424 -0.743824 -0.149452 -0.590719 -0.762517 -0.0312873 0.590719 -0.762518
-0.031287 -0.594074 -0.742678 -0.163948 0.594074 -0.74268 -0.163948 0.0145555 -0.952408 -0.155288
-0.0145559 -0.952408 -0.155288 -0.438441 -0.845397 -0.156744 0.438441 -0.845398 -0.156744 -0.189393
-0.936723 -0.134898 0.189393 -0.936723 -0.134898 -1.66312e-07 -0.950944 -0.165041 -0.591674 -0.743754
-0.168403 0.591674 -0.743755 -0.168403 -2.11092e-07 -0.952655 -0.155329 -0.590086 -0.744008 -0.173027
0.590086 -0.74401 -0.173026 -0.596375 -0.743601 -0.152422 0.596375 -0.743603 -0.152422 -0.235299
-0.925954 -0.138255 0.235298 -0.925954 -0.138255 -0.495874 -0.812307 -0.16194 0.495874 -0.812308
-0.161939 -0.381572 -0.874193 -0.148849 0.381572 -0.874194 -0.148849 -0.591361 -0.743024 -0.173784
0.591361 -0.743026 -0.173784 -0.593099 -0.742794 -0.168977 0.593099 -0.742796 -0.168976 -0.598489
-0.756936 -0.031146 0.598489 -0.756938 -0.0311457 -0.562526 -0.762935 -0.18334 0.562526 -0.762937
-0.18334 -0.597792 -0.754395 -0.0759493 0.597792 -0.754397 -0.0759491 -0.591638 -0.746366 -0.158714
0.591638 -0.746368 -0.158714 -0.59628 -0.743568 -0.155429 0.59628 -0.74357 -0.155428 0.384899
-0.872631 -0.152024 -0.384899 -0.872631 -0.152024 -0.409307 -0.860909 -0.155127 0.409307 -0.86091
-0.155126 -0.597664 -0.759043 0.0050116 0.597664 -0.759045 0.00501189 -0.213187 -0.9316 -0.141663
0.213186 -0.931601 -0.141663 0.381741 -0.875854 -0.143354 -0.381741 -0.875854 -0.143354 -0.59128
-0.746436 -0.163211 0.59128 -0.746438 -0.163211 -0.589515 -0.744334 -0.178808 0.589515 -0.744336
-0.178808 -0.590983 -0.758273 -0.0965916 0.590983 -0.758275 -0.0965914 -0.586519 -0.747377 -0.176126
0.586519 -0.747378 -0.176126 -0.408849 -0.861254 -0.157158 0.408849 -0.861255 -0.157158 -0.189498
-0.937527 -0.136999 0.189498 -0.937528 -0.136999 -0.25792 -0.920855 -0.138373 0.25792 -0.920855
-0.138373 -0.596084 -0.743572 -0.159482 0.596085 -0.743573 -0.159481 -0.13793 -0.944992 -0.147115
0.137929 -0.944993 -0.147115 -0.354337 -0.887255 -0.145784 0.354337 -0.887256 -0.145783 -0.590475
-0.746594 -0.167948 0.590475 -0.746596 -0.167948 -0.589017 -0.746881 -0.17243 0.589017 -0.746883
-0.17243 -0.213141 -0.931926 -0.143711 0.213141 -0.931926 -0.143711 -0.57613 -0.754146 -0.184307
0.57613 -0.754147 -0.184307 -0.595577 -0.74361 -0.164369 0.595577 -0.743611 -0.164368 -0.590984
-0.756672 -0.113911 -0.597792 -0.753744 -0.0964707 0.590984 -0.756674 -0.113911 0.597792 -0.753745
-0.0964704 -0.584825 -0.747948 -0.182616 0.584826 -0.74795 -0.182616 -0.592623 -0.743935 -0.174571
0.592623 -0.743937 -0.17457 -0.590984 -0.754687 -0.127895 0.590984 -0.754689 -0.127895 -0.302564
-0.906054 -0.150809 0.302564 -0.906055 -0.150809 -0.590984 -0.752889 -0.138277 0.590984 -0.752891
-0.138277 -0.409747 -0.862387 -0.153864 0.409747 -0.862389 -0.153864 -0.594506 -0.743719 -0.169571
0.594507 -0.74372 -0.169571 -0.520434 -0.795908 -0.176108 0.520434 -0.795909 -0.176108 -0.590983
-0.751723 -0.145046 0.590983 -0.751724 -0.145046 -0.590563 -0.764069 -0.0540614 0.590563 -0.76407
-0.0540612 -0.136729 -0.947567 -0.13807 0.136729 -0.947567 -0.13807 -0.590973 -0.751128 -0.149218
0.590974 -0.751129 -0.149218 -0.170902 -0.941537 -0.141591 0.170902 -0.941538 -0.14159 -0.0832195
-0.95053 -0.159435 0.0832192 -0.95053 -0.159435 -0.521559 -0.797435 -0.167343 0.521559 -0.797437
-0.167342 -0.213434 -0.933111 -0.140319 0.213434 -0.933112 -0.140319 -0.591857 -0.765263 0.00523178
0.591857 -0.765265 0.00523208 -0.46644 -0.831379 -0.164954 0.46644 -0.83138 -0.164953 -0.593198
-0.764125 0.0153104 0.593198 -0.764127 0.0153107 -0.597792 -0.752143 -0.113904 0.597792 -0.752145
-0.113904 0.385381 -0.875854 -0.143354 -0.385381 -0.875854 -0.143354 -0.590948 -0.750919 -0.152064
0.590948 -0.75092 -0.152064 -0.598631 -0.758291 -0.0535976 0.598631 -0.758292 -0.0535973 -0.597792
-0.750162 -0.127981 0.597792 -0.750164 -0.127981 -0.597792 -0.748369 -0.138431 0.597792 -0.74837
-0.138431 -0.153829 -0.944477 -0.144522 0.153829 -0.944478 -0.144522 -0.326781 -0.897967 -0.153211
0.326781 -0.897967 -0.153211 -0.379747 -0.876118 -0.157687 0.379747 -0.876119 -0.157687 -0.597789
-0.747204 -0.145252 0.597789 -0.747206 -0.145252 -0.279468 -0.914519 -0.149393 0.279468 -0.91452
-0.149393 -0.0817657 -0.952715 -0.149882 0.0817654 -0.952715 -0.149882 -0.581505 -0.753095 -0.177909
0.581505 -0.753096 -0.177909 -0.598489 -0.760714 -0.0109459 0.598489 -0.760715 -0.0109456 -0.590897
-0.750909 -0.154857 0.590897 -0.75091 -0.154857 -0.597767 -0.746607 -0.149499 0.597767 -0.746608
-0.149499 0.380555 -0.876947 -0.153172 -0.380555 -0.876947 -0.153172 -0.17044 -0.943383 -0.135285
0.17044 -0.943384 -0.135285 -0.594816 -0.76374 0.0186689 0.594816 -0.763741 0.0186692 -0.468057
-0.832611 -0.158869 0.468057 -0.832613 -0.158869 -0.597708 -0.746388 -0.152495 0.597708 -0.74639
-0.152495 0.383561 -0.877591 -0.142661 -0.383561 -0.877592 -0.142661 0.0577877 -0.952611 -0.163921
-0.0577878 -0.952611 -0.163921 -0.591002 -0.76704 -0.0111689 0.591002 -0.767041 -0.0111687 -0.23489
-0.927918 -0.147079 0.23489 -0.927919 -0.147079 -0.408456 -0.863535 -0.159683 0.408455 -0.863536
-0.159682 -0.590782 -0.75095 -0.158574 0.590783 -0.750952 -0.158574 -0.597593 -0.74636 -0.155562
0.597594 -0.746362 -0.155562 -0.152967 -0.946825 -0.136401 0.152967 -0.946826 -0.136401 -0.109321
-0.950409 -0.153988 0.109321 -0.95041 -0.153988 -0.590393 -0.747141 -0.179671 0.590394 -0.747143
-0.179671 -0.590443 -0.751046 -0.163016 0.590443 -0.751047 -0.163016 -0.543814 -0.783544 -0.172373
0.543814 -0.783546 -0.172373 -0.597364 -0.746371 -0.159714 0.597365 -0.746372 -0.159713 -0.590541
-0.764756 -0.0766888 0.590541 -0.764758 -0.0766885 -0.304319 -0.909278 -0.14205 0.304319 -0.909279
-0.14205 -0.213329 -0.934204 -0.146179 0.213329 -0.934205 -0.146179 -0.596434 -0.764127 0.0152981
0.596434 -0.764129 0.0152984 -0.585963 -0.752096 -0.175707 0.585964 -0.752097 -0.175707 -0.573636
-0.761098 -0.178019 0.573637 -0.761099 -0.178019 -0.589686 -0.751235 -0.167686 0.589686 -0.751237
-0.167686 -0.598651 -0.758942 -0.0763444 0.598652 -0.758943 -0.0763441 -0.543817 -0.782244 -0.180892
0.543818 -0.782245 -0.180891 -0.107762 -0.952842 -0.14457 0.107762 -0.952842 -0.14457 -0.596803
-0.746416 -0.164731 0.596804 -0.746418 -0.164731 0.182419 -0.943055 -0.133931 -0.182419 -0.943055
-0.133931 -0.588318 -0.751558 -0.172091 0.588318 -0.751559 -0.17209 -0.381787 -0.878875 -0.149897
0.381787 -0.878876 -0.149897 -0.352441 -0.889951 -0.156518 0.352441 -0.889952 -0.156518 -0.593654
-0.746748 -0.175256 0.593655 -0.74675 -0.175256 -0.281 -0.917718 -0.140587 0.280999 -0.917718
-0.140587 -0.410083 -0.86558 -0.153647 0.410083 -0.865581 -0.153647 -0.328728 -0.901165 -0.144482
0.328728 -0.901166 -0.144482 -0.595653 -0.746531 -0.170087 0.595653 -0.746532 -0.170087 -0.561423
-0.771287 -0.176179 0.561423 -0.771288 -0.176179 -0.598914 -0.76253 -0.0313749 0.598914 -0.762531
-0.0313746 -0.590563 -0.769006 -0.031952 0.590563 -0.769007 -0.0319517 -0.235814 -0.930728 -0.139109
0.235814 -0.930729 -0.139109 0.184439 -0.943055 -0.133931 -0.184439 -0.943055 -0.133931 -0.0706289
-0.953938 -0.162304 0.0706286 -0.953938 -0.162304 -0.257172 -0.923668 -0.149044 0.257172 -0.923669
-0.149044 0.386568 -0.876947 -0.153172 -0.386567 -0.876947 -0.153172 -0.0693816 -0.955976 -0.152688
0.0693813 -0.955976 -0.152688 -0.590542 -0.764127 -0.0969305 0.590542 -0.764129 -0.0969302 -0.213852
-0.936344 -0.139966 0.213852 -0.936345 -0.139966 -0.46701 -0.835023 -0.164265 0.46701 -0.835024
-0.164265 -0.494479 -0.817702 -0.171388 0.49448 -0.817703 -0.171388 -0.585298 -0.752621 -0.183384
0.585298 -0.752623 -0.183384 -0.598652 -0.758299 -0.0967591 0.598652 -0.758301 -0.0967588 -0.597775
-0.765268 0.00520173 0.597775 -0.765269 0.00520203 -0.467885 -0.835681 -0.16093 0.467886 -0.835682
-0.16093 -0.590542 -0.762546 -0.114126 0.590542 -0.762548 -0.114126 0.181159 -0.945143 -0.131284
-0.181159 -0.945143 -0.131284 -0.590543 -0.76058 -0.128011 0.590543 -0.760582 -0.128011 -0.590543
-0.758798 -0.138319 0.590543 -0.758799 -0.138319 0.0505367 -0.956106 -0.164269 -0.0505367 -0.956107
-0.164269 -0.590542 -0.757642 -0.14504 0.590542 -0.757644 -0.14504 -0.170937 -0.945875 -0.141242
0.170937 -0.945876 -0.141242 -0.496127 -0.819116 -0.163629 0.496127 -0.819117 -0.163629 -0.562791
-0.770249 -0.184171 0.562791 -0.770251 -0.184171 -0.598652 -0.756702 -0.114102 0.598652 -0.756704
-0.114102 -0.590531 -0.757055 -0.149184 0.590531 -0.757057 -0.149184 -0.438193 -0.852335 -0.160494
0.438193 -0.852336 -0.160494 -0.598652 -0.75472 -0.128105 0.598652 -0.754722 -0.128105 -0.598652
-0.752924 -0.138502 0.598652 -0.752926 -0.138501 -0.576407 -0.760344 -0.185018 0.576407 -0.760346
-0.185018 -0.598648 -0.751759 -0.145288 -0.590502 -0.756856 -0.152015 0.598648 -0.75176 -0.145288
0.590502 -0.756857 -0.152015 -0.170675 -0.946867 -0.137788 0.170674 -0.946868 -0.137788 -0.467515
-0.836471 -0.162827 0.467515 -0.836473 -0.162826 -0.598623 -0.751163 -0.149525 0.598623 -0.751164
-0.149524 0.185698 -0.945143 -0.131284 -0.185698 -0.945143 -0.131284 -0.354548 -0.893066 -0.147797
0.354548 -0.893066 -0.147797 -0.437758 -0.852751 -0.162505 0.437757 -0.852752 -0.162505 -0.0576194
-0.956541 -0.164406 0.0576192 -0.956541 -0.164406 -0.258446 -0.926798 -0.14018 0.258445 -0.926799
-0.14018 -0.590445 -0.756862 -0.154799 0.590445 -0.756863 -0.154799 -0.590401 -0.770622 -0.0547783
0.590401 -0.770623 -0.054778 -0.598555 -0.750949 -0.152535 0.598555 -0.750951 -0.152535 -0.192806
-0.942105 -0.144218 0.192805 -0.942105 -0.144218 -0.599071 -0.764087 -0.0541848 0.599071 -0.764089
-0.0541845 -0.0566185 -0.958456 -0.154734 0.0566181 -0.958456 -0.154734 -0.408198 -0.86776 -0.162448
0.408198 -0.867761 -0.162447 -0.581355 -0.759278 -0.177784 0.581355 -0.759279 -0.177784 -0.598422
-0.75093 -0.155645 0.598422 -0.750932 -0.155645 -0.12348 -0.952907 -0.151677 0.12348 -0.952907
-0.151677 -0.590322 -0.756928 -0.158506 0.590322 -0.756929 -0.158506 -0.591841 -0.772212 0.00410858
0.591841 -0.772214 0.00410888 -0.438603 -0.853784 -0.159205 0.438603 -0.853785 -0.159204 -0.593189
-0.771134 0.0141498 0.593189 -0.771136 0.0141501 -0.192835 -0.94247 -0.146267 0.192835 -0.942471
-0.146267 -0.170851 -0.947675 -0.139874 0.170851 -0.947676 -0.139874 -0.598631 -0.767048 -0.0112263
0.598631 -0.76705 -0.011226 -0.590953 -0.751797 -0.180284 0.590953 -0.751798 -0.180284 -0.598037
-0.76149 -0.0974392 0.598037 -0.761491 -0.0974392 -0.598163 -0.750956 -0.159869 0.598163 -0.750958
-0.159869 -0.379705 -0.88178 -0.160621 0.379705 -0.881781 -0.160621 0.181609 -0.947746 -0.127983
-0.181609 -0.947746 -0.127983 0.38115 -0.882328 -0.154605 -0.38115 -0.882328 -0.154605 -0.600778
-0.759892 -0.0967254 0.600778 -0.759892 -0.0967254 -0.589983 -0.757055 -0.162934 0.589983 -0.757056
-0.162934 -0.122079 -0.955328 -0.142608 0.122079 -0.955329 -0.142608 -0.193001 -0.943593 -0.142847
0.193001 -0.943593 -0.142847 -0.0439106 -0.958493 -0.165732 0.0439102 -0.958494 -0.165732 -0.096383
-0.955983 -0.158013 0.0963827 -0.955983 -0.158013 -0.594816 -0.770775 0.0174937 0.594816 -0.770777
0.017494 0.0447573 -0.958742 -0.164489 -0.0447574 -0.958742 -0.164489 -0.597561 -0.75102 -0.164982
0.597561 -0.751022 -0.164982 -0.590981 -0.77392 -0.0122347 0.590981 -0.773922 -0.0122344 -0.0431612
-0.960315 -0.156016 0.0431609 -0.960315 -0.156016 -0.302989 -0.912735 -0.153711 0.302989 -0.912736
-0.15371 -0.213771 -0.938449 -0.148809 0.213771 -0.93845 -0.148809 -0.520843 -0.80373 -0.177162
0.520843 -0.803732 -0.177162 -0.594292 -0.751388 -0.175741 0.594292 -0.75139 -0.17574 -0.585683
-0.758226 -0.175564 0.585683 -0.758227 -0.175564 -0.589248 -0.757281 -0.167587 0.589249 -0.757282
-0.167587 0.185249 -0.947746 -0.127983 -0.185249 -0.947746 -0.127983 -0.596356 -0.751154 -0.170451
0.596356 -0.751155 -0.170451 -0.521893 -0.805107 -0.168675 0.521893 -0.805109 -0.168675 -0.601896
-0.759809 -0.0978444 0.601896 -0.759809 -0.0978444 -0.587938 -0.757644 -0.171969 0.587938 -0.757646
-0.171969 -0.0948486 -0.958251 -0.148545 0.0948483 -0.958251 -0.148545 -0.601896 -0.760215 -0.0957138
0.601896 -0.760215 -0.0957138 -0.153998 -0.951086 -0.145311 0.153998 -0.951087 -0.145311 -0.590379
-0.771324 -0.0772544 0.590379 -0.771326 -0.0772542 -0.235448 -0.933684 -0.149793 0.235448 -0.933685
-0.149793 -0.410262 -0.87033 -0.154637 0.410263 -0.870331 -0.154637 -0.599093 -0.76478 -0.0768475
0.599093 -0.764782 -0.0768472 -0.327112 -0.904617 -0.156171 0.327112 -0.904617 -0.156171 -0.437375
-0.855133 -0.16496 0.437375 -0.855134 -0.16496 -0.600486 -0.761246 -0.0988044 0.600486 -0.761246
-0.0988044 0.182419 -0.94713 -0.13977 -0.182419 -0.94713 -0.139771 -0.0296052 -0.959851 -0.166435
0.0296049 -0.959851 -0.166435 -0.138306 -0.953273 -0.14881 0.138306 -0.953273 -0.14881 0.183429
-0.948905 -0.126514 -0.183429 -0.948905 -0.126515 -0.0291063 -0.961607 -0.156689 0.0291059 -0.961608
-0.156689 0.600486 -0.76176 -0.0960848 -0.600486 -0.76176 -0.0960847 -0.279993 -0.921254 -0.152213
0.279993 -0.921255 -0.152213 -0.596443 -0.771136 0.0141376 0.596443 -0.771137 0.0141378 0.184439
-0.94713 -0.13977 -0.184439 -0.94713 -0.139771 -0.153304 -0.952857 -0.138996 0.153304 -0.952857
-0.138996 0.0149017 -0.960644 -0.166713 -0.0149021 -0.960644 -0.166713 0.0146524 -0.962362 -0.15695
-0.0146528 -0.962362 -0.15695 -1.66312e-07 -0.960902 -0.166762 -0.573747 -0.768297 -0.17826 0.573747
-0.768298 -0.178259 -1.66312e-07 -0.962607 -0.156993 -0.599071 -0.769019 -0.0320439 0.599071 -0.769021
-0.0320436 0.385972 -0.882328 -0.154605 -0.385972 -0.882328 -0.154605 -0.214413 -0.941137 -0.140776
0.214413 -0.941137 -0.140776 -0.137202 -0.955503 -0.140674 0.137202 -0.955504 -0.140674 -0.59054
-0.775818 -0.0329154 0.59054 -0.775819 -0.0329151 -0.381932 -0.884747 -0.151885 0.381932 -0.884747
-0.151885 -0.590379 -0.770729 -0.0973303 0.590379 -0.770731 -0.0973301 -0.19311 -0.944801 -0.148706
0.19311 -0.944801 -0.148706 -0.49496 -0.823216 -0.171438 0.49496 -0.823217 -0.171438 -0.599093
-0.764156 -0.0971209 0.599093 -0.764158 -0.0971206 -0.438908 -0.856996 -0.158914 0.438908 -0.856997
-0.158914 -0.585577 -0.758764 -0.1839 0.585577 -0.758765 -0.1839 0.0393345 -0.961149 -0.164642
-0.0393345 -0.961149 -0.164642 -0.54414 -0.791512 -0.173347 0.544141 -0.791513 -0.173347 -0.304755
-0.91594 -0.144558 0.304755 -0.91594 -0.144558 -0.496215 -0.824265 -0.165397 0.496215 -0.824266
-0.165397 -0.23643 -0.936709 -0.140864 0.23643 -0.93671 -0.140864 -0.59038 -0.769203 -0.114386
0.59038 -0.769205 -0.114385 -0.599093 -0.762579 -0.114344 0.599093 -0.762581 -0.114343 0.0968304
-0.967972 -0.0854695 -0.0968305 -0.967972 -0.0854695 -0.597791 -0.772216 0.00407851 0.597791 -0.772218
0.00407879 -0.561678 -0.779075 -0.176811 0.561679 -0.779076 -0.176811 -0.59038 -0.7673 -0.128157
0.59038 -0.767301 -0.128156 -0.352681 -0.896614 -0.159491 0.352681 -0.896614 -0.159491 -0.544157
-0.790301 -0.181858 0.544157 -0.790303 -0.181857 -0.59038 -0.765572 -0.13838 0.590381 -0.765573
-0.13838 -0.599093 -0.760616 -0.12825 0.599093 -0.760618 -0.12825 -0.599093 -0.758837 -0.138575
0.599093 -0.758838 -0.138574 0.383561 -0.884723 -0.155242 -0.383561 -0.884723 -0.155242 -0.590379
-0.764451 -0.145047 0.590379 -0.764453 -0.145047 -0.329079 -0.907794 -0.147047 0.329078 -0.907794
-0.147047 -0.599089 -0.757682 -0.145316 0.599089 -0.757684 -0.145315 -0.1934 -0.946824 -0.142444
0.1934 -0.946824 -0.142444 -0.281524 -0.924434 -0.143014 0.281524 -0.924435 -0.143014 -0.590366
-0.763886 -0.149162 0.590366 -0.763888 -0.149161 -0.599061 -0.757094 -0.149532 0.599061 -0.757096
-0.149532 -0.590331 -0.763703 -0.151983 -0.606998 -0.75964 -0.096613 0.606998 -0.75964 -0.096613
0.590331 -0.763705 -0.151983 -0.598984 -0.75689 -0.152547 0.598984 -0.756891 -0.152547 0.181159
-0.950261 -0.138522 -0.181159 -0.950262 -0.138522 -0.606998 -0.759644 -0.0980241 0.606998 -0.759644
-0.0980241 -0.257807 -0.93046 -0.15178 0.257806 -0.93046 -0.15178 -0.606998 -0.760139 -0.0954268
0.606998 -0.760139 -0.0954268 -0.0837538 -0.960416 -0.161415 0.0837535 -0.960416 -0.161415 -0.0984092
-0.968 -0.0936272 0.0984092 -0.968 -0.0936272 -0.590263 -0.763729 -0.154769 0.590264 -0.763731
-0.154769 -0.598834 -0.756886 -0.155685 0.598835 -0.756887 -0.155685 -0.590378 -0.777375 -0.0555766
0.590378 -0.777376 -0.0555763 -0.599232 -0.770641 -0.0549082 0.599233 -0.770643 -0.0549079 -0.576614
-0.767546 -0.185542 0.576614 -0.767548 -0.185541 -0.0823561 -0.962534 -0.151889 0.0823559 -0.962535
-0.151889 -0.591239 -0.7579 -0.18068 0.591239 -0.757901 -0.18068 -0.563051 -0.778089 -0.184871
0.563051 -0.77809 -0.184871 0.185698 -0.950261 -0.138522 -0.185698 -0.950262 -0.138522 -0.590126
-0.763825 -0.158487 0.590126 -0.763827 -0.158486 -0.59855 -0.756933 -0.159958 0.59855 -0.756935
-0.159958 -0.408099 -0.873537 -0.165295 0.408099 -0.873538 -0.165295 -0.581358 -0.766402 -0.17788
0.581358 -0.766403 -0.17788 0.0335075 -0.963706 -0.164745 -0.0335076 -0.963707 -0.164745 -0.591841
-0.779133 0.00278163 0.591841 -0.779134 0.00278191 -0.153995 -0.955357 -0.144906 0.153994 -0.955357
-0.144906 -0.109897 -0.959691 -0.156026 0.109896 -0.959692 -0.156026 -0.598651 -0.773929 -0.0122923
0.598651 -0.77393 -0.012292 -0.593189 -0.778154 0.0127349 0.593189 -0.778155 0.0127352 0.606998
-0.761137 -0.0993104 -0.606998 -0.761137 -0.0993104 -0.597917 -0.757026 -0.165137 -0.437113 -0.859479
-0.167607 0.597917 -0.757027 -0.165137 0.437112 -0.85948 -0.167607 -0.46675 -0.844037 -0.166178
0.46675 -0.844038 -0.166178 -0.354812 -0.899703 -0.150375 0.354812 -0.899704 -0.150375 -0.606998
-0.761844 -0.095568 0.606998 -0.761844 -0.0955681 -0.495421 -0.826716 -0.170619 0.495421 -0.826717
-0.170619 -0.589776 -0.76399 -0.162929 0.589776 -0.763992 -0.162928 -0.597644 -0.768645 -0.100632
0.597644 -0.768645 -0.100633 -0.153608 -0.95631 -0.141448 0.153607 -0.956311 -0.141448 -0.594592
-0.757459 -0.176051 0.594592 -0.75746 -0.176051 -0.4961 -0.827276 -0.167309 0.496101 -0.827277
-0.167309 -0.596681 -0.757192 -0.170682 0.596682 -0.757193 -0.170681 0.182091 -0.950944 -0.145635
-0.182091 -0.950944 -0.145635 -0.173733 -0.952241 -0.147411 0.173732 -0.952242 -0.14741 -0.108409
-0.961962 -0.146926 0.108409 -0.961962 -0.146926 -0.590981 -0.780686 -0.0134186 0.590981 -0.780687
-0.0134183 -0.259068 -0.933569 -0.142524 0.259068 -0.933569 -0.142524 -0.466386 -0.844528 -0.168147
0.466386 -0.844529 -0.168147 -0.594816 -0.777828 0.0160496 0.594816 -0.777829 0.0160499 -0.589048
-0.76426 -0.167596 0.589048 -0.764261 -0.167596 -0.585589 -0.765295 -0.175603 0.585589 -0.765296
-0.175603 0.184767 -0.950944 -0.145635 -0.184767 -0.950944 -0.145635 -0.587772 -0.764668 -0.171991
0.587772 -0.76467 -0.171991 -0.590356 -0.778061 -0.0778614 0.590356 -0.778063 -0.0778611 -0.599256
-0.771349 -0.0774216 0.599256 -0.77135 -0.0774213 -0.173833 -0.952658 -0.149449 0.173833 -0.952659
-0.149449 -0.467091 -0.845444 -0.164851 0.467091 -0.845445 -0.164851 -0.495819 -0.828081 -0.169146
0.495819 -0.828082 -0.169146 -0.521231 -0.81056 -0.177679 0.521231 -0.810561 -0.177679 0.0928439
-0.97249 -0.077364 -0.092844 -0.97249 -0.077364 -0.153851 -0.957121 -0.143518 0.153851 -0.957121
-0.143518 -0.522148 -0.811727 -0.170037 0.522148 -0.811728 -0.170037 -0.379855 -0.888511 -0.163542
0.379854 -0.888512 -0.163542 -0.214443 -0.944262 -0.15147 0.214443 -0.944263 -0.15147 -0.410351
-0.876298 -0.156538 0.41035 -0.876299 -0.156537 -0.439056 -0.861818 -0.159784 0.439056 -0.861819
-0.159784 -0.0710682 -0.96388 -0.164142 0.0710677 -0.963881 -0.164142 -0.600195 -0.768389 -0.102055
0.600195 -0.768389 -0.102055 -0.173866 -0.953703 -0.146004 0.173866 -0.953704 -0.146004 -0.193641
-0.949104 -0.151279 0.193641 -0.949104 -0.151279 -0.600195 -0.7689 -0.0992103 0.600195 -0.7689
-0.0992104 -0.596443 -0.778155 0.0127229 0.596443 -0.778157 0.0127232 -0.6121 -0.759809 -0.0978444
0.612101 -0.759809 -0.0978444 -0.0698799 -0.965868 -0.154559 0.0698795 -0.965868 -0.154559 0.098502
-0.970418 -0.101459 -0.0985021 -0.970418 -0.101459 -0.6121 -0.760215 -0.0957138 0.612101 -0.760215
-0.0957138 -0.599093 -0.775831 -0.0330078 0.599093 -0.775832 -0.0330075 -0.59054 -0.782413 -0.0339182
0.59054 -0.782415 -0.0339179 0.0267039 -0.966562 -0.164805 -0.0267039 -0.966562 -0.164805 0.181609
-0.954166 -0.136965 -0.181609 -0.954166 -0.136966 -0.123892 -0.961094 -0.153228 0.123891 -0.961094
-0.153227 -0.590356 -0.777523 -0.0977621 0.590356 -0.777525 -0.0977618 -0.599256 -0.770759 -0.0975308
0.599256 -0.77076 -0.0975306 -0.138491 -0.959784 -0.149506 0.138491 -0.959784 -0.149506 -0.613219
-0.759892 -0.0967254 0.613219 -0.759892 -0.0967254 -0.303627 -0.920025 -0.156528 0.303627 -0.920025
-0.156528 -0.573918 -0.77597 -0.178615 0.573918 -0.775972 -0.178615 0.185249 -0.954166 -0.136965
-0.185249 -0.954166 -0.136966 -0.585727 -0.765887 -0.184245 0.585728 -0.765889 -0.184244 -0.236202
-0.940521 -0.152457 0.236202 -0.940521 -0.152457 -0.215109 -0.94715 -0.142473 0.215109 -0.94715
-0.142473 -0.466066 -0.847008 -0.170481 0.466066 -0.847009 -0.170481 -0.193984 -0.95164 -0.143183
0.193983 -0.95164 -0.143183 -0.122629 -0.963202 -0.145075 0.122628 -0.963202 -0.145074 -0.13762
-0.961472 -0.143181 0.13762 -0.961473 -0.143181 -0.599256 -0.769237 -0.114614 0.599256 -0.769239
-0.114614 -0.590357 -0.776106 -0.114668 0.590357 -0.776107 -0.114668 -0.327668 -0.91188 -0.159047
0.327668 -0.91188 -0.159047 -0.599256 -0.767337 -0.128408 0.599256 -0.767338 -0.128408 -0.597791
-0.779137 0.0027521 0.597791 -0.779138 0.00275236 -0.599256 -0.765611 -0.138649 0.599256 -0.765613
-0.138649 -0.382105 -0.891448 -0.154412 0.382105 -0.891449 -0.154412 -0.590357 -0.774329 -0.128319
0.590357 -0.774331 -0.128319 -0.599251 -0.764492 -0.145337 0.599251 -0.764494 -0.145336 -0.590357
-0.772714 -0.138454 0.590357 -0.772716 -0.138453 -0.59922 -0.763926 -0.149527 0.59922 -0.763928
-0.149527 -0.590356 -0.771668 -0.145063 0.590355 -0.771669 -0.145063 -0.280713 -0.928588 -0.154933
0.280713 -0.928588 -0.154933 -0.544449 -0.798982 -0.1743 0.544449 -0.798983 -0.1743 -0.0579606
-0.96655 -0.166148 0.0579602 -0.966551 -0.166148 -0.59034 -0.771145 -0.149148 0.59034 -0.771147
-0.149148 -0.174175 -0.955058 -0.151829 0.174175 -0.955058 -0.151829 -0.599136 -0.763738 -0.15254
0.599136 -0.76374 -0.15254 -0.0570148 -0.968428 -0.156513 0.0570143 -0.968429 -0.156513 -0.61351
-0.761246 -0.0988044 0.61351 -0.761246 -0.0988044 -0.467343 -0.84866 -0.164443 0.467343 -0.848661
-0.164443 -0.61351 -0.76176 -0.0960847 0.61351 -0.76176 -0.0960848 -0.590299 -0.770988 -0.151961
0.183429 -0.955904 -0.136273 -0.183429 -0.955904 -0.136273 0.590299 -0.77099 -0.151961 -0.590378
-0.783838 -0.0563811 0.590378 -0.78384 -0.0563808 -0.598971 -0.763753 -0.155696 0.598971 -0.763755
-0.155696 -0.544474 -0.797887 -0.18253 0.544474 -0.797888 -0.18253 -0.561946 -0.786871 -0.177417
0.561946 -0.786873 -0.177417 -0.599256 -0.777393 -0.0557072 0.599256 -0.777395 -0.0557069 0.180422
-0.955259 -0.146784 -0.180422 -0.955259 -0.146784 -0.0969247 -0.965256 -0.159868 0.0969244 -0.965257
-0.159868 -0.590218 -0.771038 -0.154756 0.590218 -0.77104 -0.154756 0.0187486 -0.969169 -0.164851
-0.0187487 -0.969169 -0.164851 -0.23716 -0.943521 -0.143137 0.23716 -0.943521 -0.143137 -0.305338
-0.92308 -0.147259 0.305338 -0.923081 -0.147259 -0.174224 -0.95694 -0.14552 0.174224 -0.956941
-0.14552 0.0982845 -0.97255 -0.109012 -0.0982846 -0.97255 -0.109012 -0.598663 -0.76383 -0.160004
0.598663 -0.763832 -0.160004 -0.591841 -0.785667 0.00152035 0.591841 -0.785669 0.00152065 -0.591342
-0.764967 -0.18093 0.591342 -0.764969 -0.180929 -0.0954784 -0.967385 -0.150725 0.0954781 -0.967385
-0.150725 -0.593189 -0.784806 0.0113902 0.593189 -0.784807 0.0113904 -0.590061 -0.77117 -0.158492
0.590061 -0.771171 -0.158492 -0.598651 -0.780693 -0.0134751 0.598651 -0.780695 -0.0134749 -0.353144
-0.903884 -0.162362 0.353144 -0.903884 -0.162362 -0.0441594 -0.968573 -0.167421 0.0441589 -0.968573
-0.16742 -0.329582 -0.914906 -0.149807 0.329582 -0.914907 -0.149806 -0.576785 -0.775253 -0.185956
0.576786 -0.775255 -0.185955 -0.043456 -0.970365 -0.157746 0.0434555 -0.970365 -0.157746 -0.598005
-0.76396 -0.165228 0.598005 -0.763962 -0.165228 -0.282187 -0.93162 -0.145621 0.282186 -0.93162
-0.145621 -0.615959 -0.76149 -0.0974392 0.615959 -0.761491 -0.0974392 0.186435 -0.955259 -0.146784
-0.186435 -0.955259 -0.146784 -0.436987 -0.865382 -0.170288 0.436987 -0.865384 -0.170288 -0.58144
-0.773996 -0.178081 0.58144 -0.773998 -0.178081 -0.590981 -0.787033 -0.014544 0.590981 -0.787035
-0.0145437 -0.594668 -0.76448 -0.176246 0.594668 -0.764482 -0.176245 -0.521586 -0.815873 -0.177508
0.521586 -0.815874 -0.177508 -0.606998 -0.768293 -0.102588 0.606998 -0.768293 -0.102588 -0.596754
-0.764169 -0.170824 0.596755 -0.76417 -0.170824 -0.522285 -0.81674 -0.171563 0.522285 -0.816741
-0.171563 -0.589696 -0.77138 -0.162961 0.589696 -0.771381 -0.16296 -0.563303 -0.785949 -0.185462
0.563303 -0.785951 -0.185462 -0.594816 -0.784519 0.0146771 0.594816 -0.784521 0.0146774 -0.606998
-0.768996 -0.0986768 0.606998 -0.768996 -0.0986768 -0.408169 -0.880372 -0.168089 0.408169 -0.880373
-0.168089 -0.00968113 -0.9709 -0.164901 0.00968106 -0.9709 -0.164901 -0.0297677 -0.969994 -0.168104
0.0297673 -0.969994 -0.168104 -0.590356 -0.784483 -0.0784707 0.590356 -0.784485 -0.0784705 -0.0293016
-0.971724 -0.158402 0.0293012 -0.971724 -0.158402 -0.25862 -0.937838 -0.154393 0.25862 -0.937838
-0.154393 -0.588966 -0.771699 -0.167658 0.588966 -0.771701 -0.167658 -0.599279 -0.778085 -0.0780295
0.599279 -0.778087 -0.0780292 -0.138477 -0.963983 -0.149045 0.138477 -0.963984 -0.149045 -3.20004e-08
-0.971511 -0.164927 -0.585589 -0.772832 -0.17573 0.58559 -0.772834 -0.17573 0.0149819 -0.970832
-0.16838 -0.0149824 -0.970832 -0.16838 0.0147498 -0.972525 -0.158663 -0.0147501 -0.972525 -0.158663
-0.587715 -0.772157 -0.172083 0.587716 -0.772159 -0.172083 -0.137996 -0.964895 -0.145583 0.137996
-0.964895 -0.145583 -2.55872e-07 -0.971107 -0.168432 -2.11092e-07 -0.972787 -0.158709 -0.0980827 -0.973929
-0.116469 0.0980827 -0.973929 -0.116469 -0.59054 -0.788557 -0.0348717 0.59054 -0.788559 -0.0348714
-0.596443 -0.784807 0.0113784 0.596443 -0.784809 0.0113787 -0.465846 -0.851464 -0.172929 0.465846
-0.851465 -0.172928 -0.156175 -0.961614 -0.151083 0.156175 -0.961615 -0.151083 0.0873915 -0.9794
-0.0712438 -0.0873915 -0.9794 -0.0712438 -0.355223 -0.906822 -0.153129 0.355222 -0.906823 -0.153129
-0.439104 -0.867892 -0.16152 0.439103 -0.867894 -0.16152 -0.599093 -0.782426 -0.034009 0.599093
-0.782427 -0.0340087 -0.590356 -0.784027 -0.0981973 0.590356 -0.784028 -0.098197 -0.49422 -0.83625
-0.171914 0.49422 -0.836251 -0.171914 -0.599279 -0.777552 -0.0979637 0.599279 -0.777554 -0.0979634
-0.194399 -0.954977 -0.153854 0.194399 -0.954977 -0.153853 -0.156338 -0.962094 -0.153097 0.156338
-0.962095 -0.153097 -0.138297 -0.965709 -0.147638 0.138297 -0.96571 -0.147638 -0.410441 -0.883102
-0.158939 0.410441 -0.883103 -0.158939 -0.110326 -0.967815 -0.157433 0.110326 -0.967815 -0.157433
-0.25982 -0.9408 -0.145027 0.25982 -0.9408 -0.145027 -0.084231 -0.969719 -0.163111 0.0842305
-0.969719 -0.163111 -0.156237 -0.963049 -0.149629 0.156237 -0.96305 -0.149628 -0.467462 -0.853537
-0.165119 0.467462 -0.853538 -0.165119 -0.590356 -0.782778 -0.114955 0.590357 -0.78278 -0.114955
-0.493988 -0.836816 -0.173814 0.493988 -0.836817 -0.173814 -0.597791 -0.785671 0.00149144 0.597791
-0.785672 0.00149174 -0.109004 -0.969802 -0.149255 0.109004 -0.969802 -0.149255 -0.521897 -0.819227
-0.176571 0.521897 -0.819228 -0.176571 -0.522275 -0.81969 -0.173315 0.522275 -0.819691 -0.173315
-0.599279 -0.776138 -0.114898 0.599279 -0.77614 -0.114898 -0.380212 -0.895831 -0.166323 0.380212
-0.895832 -0.166323 -0.215308 -0.951143 -0.154056 0.215308 -0.951143 -0.154056 -0.0829258 -0.971718
-0.153917 0.0829255 -0.971718 -0.153917 -0.174761 -0.959441 -0.154294 0.174761 -0.959442 -0.154293
0.0979821 -0.974687 -0.123939 -0.0979821 -0.974687 -0.123939 -0.494443 -0.837604 -0.170541 0.494443
-0.837605 -0.170541 -0.124104 -0.967518 -0.153829 0.124104 -0.967518 -0.153829 -0.599279 -0.774365
-0.128572 -0.590357 -0.781203 -0.128487 0.599279 -0.774367 -0.128572 0.590357 -0.781205 -0.128487
-0.585813 -0.773502 -0.184499 0.585813 -0.773503 -0.184499 -0.599279 -0.772753 -0.138724 0.599279
-0.772754 -0.138724 -0.590378 -0.789822 -0.0571462 0.590378 -0.789824 -0.0571459 -0.57411 -0.783645
-0.178978 0.57411 -0.783646 -0.178978 -0.590357 -0.779769 -0.138533 0.590357 -0.77977 -0.138532
-0.599274 -0.771708 -0.145354 0.599274 -0.771709 -0.145354 -0.194733 -0.957695 -0.14479 0.194733
-0.957695 -0.14479 -0.123122 -0.96912 -0.147493 0.123121 -0.96912 -0.147493 -0.590355 -0.77884
-0.145085 0.590355 -0.778842 -0.145084 -0.59924 -0.771184 -0.149516 0.59924 -0.771185 -0.149516
-0.544718 -0.805425 -0.175359 0.544718 -0.805426 -0.175359 -0.522136 -0.820509 -0.175079 0.522136
-0.82051 -0.175078 -0.59034 -0.778386 -0.149137 0.59034 -0.778387 -0.149137 -0.599148 -0.771021
-0.152524 0.599148 -0.771023 -0.152524 -0.599256 -0.783856 -0.0565094 0.599256 -0.783858 -0.0565091
-0.591841 -0.791555 0.000384137 0.591841 -0.791556 0.00038442 -0.174794 -0.961797 -0.14614 0.174794
-0.961797 -0.14614 -0.590297 -0.77827 -0.151938 0.590297 -0.778271 -0.151937 -0.593189 -0.7908
0.0101785 0.593189 -0.790802 0.0101788 -0.544746 -0.804495 -0.182762 0.544746 -0.804496 -0.182762
-0.598968 -0.771061 -0.155693 0.598968 -0.771063 -0.155693 0.181018 -0.960641 -0.148216 -0.181018
-0.960641 -0.148216 -0.613801 -0.768389 -0.102055 0.613801 -0.768389 -0.102055 0.097955 -0.975128
-0.131087 -0.0979551 -0.975128 -0.131087 -0.215939 -0.953998 -0.144669 0.215939 -0.953999 -0.144669
-0.613801 -0.7689 -0.0992103 0.613801 -0.7689 -0.0992103 -0.590981 -0.792751 -0.0155573 0.590981
-0.792753 -0.015557 -0.598651 -0.78704 -0.0145993 0.598651 -0.787042 -0.0145991 -0.59021 -0.778349
-0.154738 0.59021 -0.778351 -0.154738 -0.304463 -0.92745 -0.159135 0.304463 -0.927451 -0.159135
-0.382405 -0.898619 -0.157077 0.382405 -0.89862 -0.157077 -0.56222 -0.794174 -0.178063 0.56222
-0.794175 -0.178062 -0.598638 -0.771173 -0.160028 0.598638 -0.771175 -0.160027 -0.0981086 -0.973813
-0.144424 0.0981085 -0.973814 -0.144424 -0.237124 -0.947933 -0.15497 0.237123 -0.947934 -0.15497
-0.594816 -0.790549 0.0134403 0.594816 -0.790551 0.0134405 -0.328441 -0.919287 -0.161709 0.328441
-0.919288 -0.161709 -0.156723 -0.964584 -0.155378 0.156722 -0.964585 -0.155377 -0.591355 -0.772515
-0.181106 0.591355 -0.772517 -0.181106 0.185839 -0.960641 -0.148216 -0.18584 -0.960641 -0.148216
-0.590039 -0.778511 -0.158499 0.590039 -0.778512 -0.158498 -0.493791 -0.839378 -0.175966 0.493791
-0.839379 -0.175966 -0.590356 -0.790413 -0.0790506 0.590355 -0.790414 -0.0790503 -0.0714629 -0.973244
-0.165711 0.0714624 -0.973245 -0.165711 0.0979683 -0.975362 -0.137378 -0.0979684 -0.975362 -0.137378
-0.597959 -0.771349 -0.165288 0.0980456 -0.974735 -0.141895 -0.0980457 -0.974735 -0.141895 0.59796
-0.77135 -0.165287 -0.281607 -0.93604 -0.157434 0.281607 -0.936041 -0.157434 -0.0703619 -0.975129
-0.156466 0.0703615 -0.975129 -0.156466 -0.156528 -0.966303 -0.149027 0.156528 -0.966304 -0.149027
-0.494614 -0.840799 -0.169972 0.494614 -0.8408 -0.169971 -0.59054 -0.794091 -0.0357296 0.59054
-0.794092 -0.0357293 -0.576942 -0.78297 -0.186303 0.576942 -0.782972 -0.186303 -0.594632 -0.771974
-0.176382 0.594632 -0.771976 -0.176382 -0.596701 -0.771609 -0.170923 0.596702 -0.77161 -0.170922
-0.589659 -0.77876 -0.163002 0.58966 -0.778761 -0.163001 -0.599279 -0.784505 -0.0786359 0.599279
-0.784507 -0.0786357 -0.616352 -0.768645 -0.100632 0.616352 -0.768645 -0.100633 -0.58155 -0.781588
-0.178304 0.58155 -0.78159 -0.178304 -0.596443 -0.790802 0.0101668 0.596443 -0.790803 0.0101671
-0.563518 -0.793336 -0.185837 0.563518 -0.793338 -0.185836 -0.306102 -0.930321 -0.14985 0.306102
-0.930322 -0.14985 0.0981318 -0.9748 -0.147623 -0.0981318 -0.9748 -0.147623 -0.437003 -0.872334
-0.172871 0.437003 -0.872335 -0.172871 -0.238018 -0.950785 -0.145543 0.238018 -0.950786 -0.145543
-0.599093 -0.788568 -0.0349606 0.599093 -0.78857 -0.0349603 -0.588927 -0.779129 -0.167735 0.588928
-0.77913 -0.167735 -0.590356 -0.790049 -0.0986116 0.590356 -0.79005 -0.0986114 -0.330283 -0.922128
-0.15245 0.330283 -0.922129 -0.15245 -0.585625 -0.780365 -0.175881 0.585625 -0.780367 -0.175881
-0.0973379 -0.973358 -0.161135 0.0973376 -0.973359 -0.161135 -0.35383 -0.911291 -0.164995 0.35383
-0.911292 -0.164995 -0.587698 -0.77964 -0.172195 0.587699 -0.779642 -0.172195 -0.465735 -0.857478
-0.175349 0.465735 -0.85748 -0.175349 -0.124095 -0.971653 -0.153312 0.124095 -0.971654 -0.153312
0.183429 -0.963036 -0.148853 -0.183429 -0.963036 -0.148853 -0.123557 -0.97252 -0.149844 0.123557
-0.97252 -0.149844 -0.283006 -0.938889 -0.148107 0.283006 -0.938889 -0.148107 -0.599279 -0.784054
-0.0983953 0.599279 -0.784055 -0.0983951 -0.0960647 -0.97523 -0.152922 0.0960644 -0.97523 -0.152922
0.0814909 -0.98609 -0.0686797 -0.0814909 -0.98609 -0.0686797 -0.597791 -0.791558 0.000355348 0.597791
-0.791559 0.000355631 -0.0582674 -0.976001 -0.167626 0.0582671 -0.976001 -0.167626 -0.40842 -0.887773
-0.170695 0.40842 -0.887774 -0.170695 -0.590378 -0.795211 -0.0578337 0.590378 -0.795213 -0.0578335
-0.590356 -0.788995 -0.115229 0.590356 -0.788997 -0.115229 -0.0573971 -0.977788 -0.158335 0.0573968
-0.977789 -0.158335 -0.597644 -0.784774 -0.107658 0.597644 -0.784774 -0.107658 -0.140016 -0.970087
-0.155057 0.140016 -0.970088 -0.155057 -0.591841 -0.796535 -0.000567675 0.591841 -0.796537 -0.000567392
-0.544927 -0.810312 -0.176651 0.544927 -0.810314 -0.176651 -0.439134 -0.87481 -0.163714 0.439134
-0.874811 -0.163714 -0.599279 -0.782809 -0.115182 0.599279 -0.78281 -0.115181 -0.593189 -0.795847
0.00916271 0.593189 -0.795848 0.00916301 -0.467492 -0.8597 -0.166601 0.467491 -0.859701 -0.166601
-0.590357 -0.787655 -0.128647 0.590357 -0.787657 -0.128647 -0.259581 -0.945316 -0.156764 0.259581
-0.945317 -0.156764 0.0980789 -0.976057 -0.152939 -0.0980789 -0.976057 -0.152939 -0.544952 -0.80962
-0.182407 0.544952 -0.809621 -0.182407 -0.590981 -0.797629 -0.0164051 0.590981 -0.79763 -0.0164048
-0.123897 -0.973342 -0.151884 0.123897 -0.973343 -0.151884 -0.599279 -0.781237 -0.128736 0.599279
-0.781239 -0.128735 -0.110559 -0.974176 -0.157937 0.110558 -0.974177 -0.157937 -0.590357 -0.786431
-0.138609 0.590357 -0.786433 -0.138609 -0.599256 -0.789838 -0.0572717 0.599256 -0.78984 -0.0572715
-0.355835 -0.914045 -0.155744 0.355835 -0.914046 -0.155744 -0.140233 -0.97064 -0.157037 0.140233
-0.97064 -0.157037 -0.599279 -0.779805 -0.138798 0.599279 -0.779807 -0.138798 -0.590357 -0.785643
-0.145104 0.590357 -0.785645 -0.145104 -0.599273 -0.778878 -0.145371 0.599273 -0.77888 -0.145371
-0.10954 -0.975692 -0.151584 0.10954 -0.975692 -0.151584 -0.594816 -0.795618 0.0124031 0.594816
-0.795619 0.0124034 -0.140006 -0.971495 -0.153548 0.140006 -0.971496 -0.153548 -0.598651 -0.792757
-0.0156125 0.598651 -0.792759 -0.0156122 -0.0443832 -0.978127 -0.168849 0.0443828 -0.978127 -0.168849
-0.599235 -0.778422 -0.1495 0.599235 -0.778423 -0.1495 -0.175558 -0.9654 -0.156723 0.175558
-0.965401 -0.156723 -0.410629 -0.890357 -0.161431 0.410629 -0.890358 -0.16143 -0.590356 -0.785282
-0.149111 0.590356 -0.785284 -0.14911 -0.0437397 -0.979837 -0.159522 0.0437394 -0.979837 -0.159522
-0.574337 -0.790829 -0.179413 0.574338 -0.79083 -0.179412 -0.585876 -0.78112 -0.184711 0.585876
-0.781122 -0.184711 -0.493665 -0.843914 -0.178127 0.493665 -0.843916 -0.178127 -0.600195 -0.784548
-0.109084 0.600195 -0.784548 -0.109084 -0.600195 -0.785 -0.106232 0.600195 -0.785 -0.106232
-0.195344 -0.961914 -0.156331 0.195343 -0.961915 -0.156331 -0.599131 -0.778301 -0.152495 0.599131
-0.778302 -0.152495 -0.590356 -0.795753 -0.0795707 0.590355 -0.795755 -0.0795704 -0.590345 -0.785242
-0.151865 0.590345 -0.785244 -0.151865 -0.59054 -0.798856 -0.0364458 0.59054 -0.798857 -0.0364455
-0.260707 -0.948096 -0.147387 0.260707 -0.948097 -0.147387 -0.15732 -0.969078 -0.15767 0.157319
-0.969079 -0.15767 -0.598931 -0.77837 -0.155671 0.598931 -0.778371 -0.15567 -0.519557 -0.829224
-0.177162 0.519557 -0.829225 -0.177162 -0.494704 -0.845696 -0.170378 0.494705 -0.845697 -0.170377
-0.590289 -0.785355 -0.154656 0.590289 -0.785357 -0.154656 -0.562504 -0.800473 -0.178867 0.562505
-0.800474 -0.178866 -0.596443 -0.795848 0.00915061 0.596443 -0.795849 0.00915089 -0.0299139 -0.979649
-0.169513 0.0299135 -0.979649 -0.169513 -0.380777 -0.903265 -0.168822 0.380777 -0.903266 -0.168822
-0.175552 -0.967919 -0.147599 0.175552 -0.96792 -0.147599 0.0294888 -0.981302 -0.160162 -0.0294892
-0.981302 -0.160162 -0.598574 -0.778512 -0.160033 0.598574 -0.778514 -0.160033 -0.545059 -0.813207
-0.178235 0.545059 -0.813208 -0.178235 -0.216331 -0.958589 -0.156465 0.216331 -0.95859 -0.156465
-0.599279 -0.790433 -0.0792123 0.599279 -0.790435 -0.079212 -0.157045 -0.971227 -0.149466 0.157045
-0.971227 -0.149466 -0.195632 -0.964594 -0.146879 0.195632 -0.964595 -0.146879 -0.0845994 -0.97784
-0.164249 0.084599 -0.97784 -0.164249 -0.59013 -0.785486 -0.158472 0.59013 -0.785488 -0.158472
0.0150542 -0.980564 -0.169788 -0.0150545 -0.980564 -0.169788 -0.519508 -0.829859 -0.178968 0.519508
-0.829861 -0.178968 0.0148432 -0.982183 -0.160422 -0.0148435 -0.982183 -0.160422 -0.519619 -0.830515
-0.175752 0.519619 -0.830516 -0.175752 -0.545074 -0.812837 -0.181386 0.545074 -0.812838 -0.181386
-0.599093 -0.7941 -0.0358181 0.599093 -0.794101 -0.0358179 -0.0834588 -0.979605 -0.155994 0.0834585
-0.979605 -0.155994 -2.11092e-07 -0.98087 -0.169842 -2.11092e-07 -0.982476 -0.160471 -0.591337 -0.780063
-0.181253 0.591337 -0.780064 -0.181253 -0.591841 -0.800484 -0.00130478 0.591841 -0.800485 -0.00130449
-0.590356 -0.795472 -0.0989821 0.590356 -0.795474 -0.0989819 -0.597873 -0.778727 -0.165331 0.597873
-0.778729 -0.165331 -0.593189 -0.7998 0.00837494 0.593189 -0.799802 0.00837523 -0.589749 -0.785699
-0.163058 0.589749 -0.785701 -0.163057 -0.590378 -0.799889 -0.0584056 0.590378 -0.799891 -0.0584053
-0.597791 -0.796538 -0.000597477 0.597791 -0.796539 -0.000597194 -0.56366 -0.799759 -0.185855 0.56366
-0.79976 -0.185855 -0.590982 -0.80157 -0.0170598 0.590982 -0.801571 -0.0170595 -0.596608 -0.77904
-0.171003 0.596608 -0.779041 -0.171003 -0.545109 -0.81404 -0.179905 0.545109 -0.814041 -0.179905
-0.577046 -0.790213 -0.18649 0.577045 -0.790215 -0.18649 -0.59456 -0.779463 -0.176496 0.59456
-0.779465 -0.176496 -0.14064 -0.973237 -0.159191 0.140639 -0.973238 -0.159191 -0.581724 -0.788694
-0.178607 0.581724 -0.788695 -0.178607 -0.305411 -0.934534 -0.161307 0.305411 -0.934534 -0.161307
-0.382891 -0.905871 -0.159559 0.382891 -0.905872 -0.159559 -0.216898 -0.961297 -0.146975 0.216898
-0.961298 -0.146975 -0.589013 -0.786084 -0.167857 0.589013 -0.786086 -0.167856 -0.599279 -0.790073
-0.0988056 0.599279 -0.790075 -0.0988052 -0.140218 -0.974776 -0.152804 0.140218 -0.974777 -0.152804
-0.590356 -0.794597 -0.115473 0.590356 -0.794598 -0.115473 -0.594816 -0.799572 0.0115981 0.594816
-0.799574 0.0115984 -0.329346 -0.926359 -0.163929 0.329346 -0.92636 -0.163929 -0.110561 -0.978262
-0.157361 0.11056 -0.978263 -0.157361 -0.587793 -0.786643 -0.172367 0.587793 -0.786645 -0.172367
-0.585751 -0.787416 -0.176105 0.585751 -0.787418 -0.176105 -0.238171 -0.95543 -0.157213 0.238171
-0.95543 -0.157213 -0.110006 -0.979084 -0.153884 0.110005 -0.979084 -0.153884 -0.590541 -0.80279
-0.0369962 0.590541 -0.802791 -0.0369959 -0.590357 -0.79347 -0.128788 0.590357 -0.793472 -0.128788
-0.282586 -0.943136 -0.159497 0.282586 -0.943137 -0.159497 -0.599256 -0.795224 -0.0579588 0.599256
-0.795226 -0.0579585 -0.598651 -0.797633 -0.0164622 0.598651 -0.797634 -0.0164619 -0.599279 -0.789023
-0.115451 0.599279 -0.789025 -0.11545 0.0746 -0.992406 -0.0682367 -0.0746001 -0.992406 -0.0682367
-0.097568 -0.979692 -0.161539 0.0975677 -0.979693 -0.161539 -0.596443 -0.7998 0.0083618 0.596443
-0.799802 0.00836208 -0.590356 -0.800405 -0.0800007 0.590356 -0.800406 -0.0800004 -0.519482 -0.832485
-0.180897 0.519482 -0.832487 -0.180896 -0.306936 -0.937154 -0.152309 0.306936 -0.937155 -0.152309
-0.519681 -0.833668 -0.175009 0.519681 -0.833669 -0.175008 -0.590357 -0.792437 -0.138673 0.590357
-0.792439 -0.138673 -0.606998 -0.784463 -0.109619 0.606998 -0.784463 -0.109619 -0.465734 -0.864529
-0.177628 0.465734 -0.864531 -0.177627 -0.437164 -0.879823 -0.175222 0.437164 -0.879825 -0.175222
-0.606998 -0.785085 -0.105697 0.606998 -0.785085 -0.105697 -0.096594 -0.981125 -0.15516 0.0965937
-0.981125 -0.15516 -0.0717692 -0.981421 -0.166741 0.0717688 -0.981421 -0.166741 -0.599279 -0.787686
-0.128891 0.599279 -0.787688 -0.12889 -0.591841 -0.803811 -0.001913 0.591841 -0.803812 -0.00191271
-0.0971803 -0.980545 -0.159667 0.0971802 -0.980545 -0.159667 -0.590362 -0.791779 -0.145113 0.590362
-0.79178 -0.145113 -0.331069 -0.928951 -0.154956 0.331068 -0.928951 -0.154955 -0.0708132 -0.983091
-0.158442 0.0708128 -0.983091 -0.158442 -0.12506 -0.977591 -0.159149 0.12506 -0.977592 -0.159149
-0.110361 -0.979919 -0.15591 0.110361 -0.97992 -0.15591 -0.593189 -0.803097 0.00772384 0.593189
-0.803099 0.00772412 -0.238995 -0.958102 -0.14778 0.238995 -0.958103 -0.14778 -0.599279 -0.786464
-0.138869 0.599279 -0.786466 -0.138868 -0.354659 -0.918358 -0.16717 0.354659 -0.918359 -0.16717
-0.590398 -0.791525 -0.149047 0.590398 -0.791527 -0.149046 -0.590982 -0.804944 -0.0175983 0.590982
-0.804945 -0.017598 -0.599271 -0.785677 -0.145384 0.599271 -0.785678 -0.145384 -0.5628 -0.805259
-0.179946 0.5628 -0.80526 -0.179946 -0.283877 -0.945736 -0.150461 0.283877 -0.945737 -0.150461
-0.57463 -0.797028 -0.180026 0.57463 -0.797029 -0.180026 -0.599217 -0.785315 -0.149461 0.599217
-0.785316 -0.14946 -0.597791 -0.800485 -0.00133714 0.597791 -0.800486 -0.00133686 -0.590379 -0.803822
-0.0588418 0.590379 -0.803823 -0.0588415 -0.467498 -0.866717 -0.168496 0.467498 -0.866718 -0.168496
-0.590481 -0.791615 -0.151689 0.590481 -0.791616 -0.151689 -0.599093 -0.798862 -0.0365374 0.599093
-0.798863 -0.0365371 -0.594816 -0.802859 0.0109323 0.594816 -0.802861 0.0109326 -0.408849 -0.89525
-0.17297 0.408849 -0.895251 -0.17297 -0.125319 -0.978221 -0.161091 0.125319 -0.978221 -0.161091
-0.493616 -0.850001 -0.180187 0.493617 -0.850003 -0.180187 -0.590356 -0.800181 -0.0992854 0.590356
-0.800182 -0.0992852 -0.439231 -0.88216 -0.165955 0.439231 -0.882161 -0.165955 -0.599279 -0.79577
-0.0797317 0.599279 -0.795771 -0.0797314 -0.585868 -0.788264 -0.184801 0.585868 -0.788266 -0.184801
-0.599076 -0.78527 -0.152396 0.599076 -0.785272 -0.152395 -0.124986 -0.978971 -0.157584 0.124986
-0.978972 -0.157583 -0.590554 -0.791797 -0.154433 0.590554 -0.791798 -0.154432 -0.598824 -0.785373
-0.155545 0.598824 -0.785374 -0.155545 -0.563691 -0.804726 -0.185377 0.563691 -0.804727 -0.185377
-0.494742 -0.851909 -0.171512 0.494742 -0.85191 -0.171511 -0.590541 -0.806217 -0.0374465 0.590541
-0.806219 -0.0374462 -0.356538 -0.920866 -0.158204 0.356537 -0.920867 -0.158204 -0.260601 -0.952421
-0.158689 0.260601 -0.952421 -0.158689 -0.590461 -0.791717 -0.158404 0.590461 -0.791718 -0.158404
-0.0585059 -0.984265 -0.168577 0.0585055 -0.984265 -0.168577 -0.598412 -0.785486 -0.159948 0.598412
-0.785488 -0.159948 -0.596443 -0.803097 0.00770915 0.596443 -0.803099 0.00770943 -0.0577544 -0.985853
-0.160239 0.0577538 -0.985853 -0.160239 -0.590357 -0.79942 -0.115668 0.590357 -0.799422 -0.115668
-0.598651 -0.801571 -0.0171218 0.598651 -0.801573 -0.0171215 -0.410973 -0.897657 -0.163691 0.410973
-0.897658 -0.16369 -0.158098 -0.97516 -0.15988 0.158098 -0.975161 -0.15988 -0.591842 -0.807061
-0.00250718 0.591842 -0.807063 -0.0025069 -0.590094 -0.791755 -0.163158 0.590094 -0.791757 -0.163157
-0.599279 -0.795492 -0.0991752 0.599279 -0.795494 -0.0991749 -0.597672 -0.785667 -0.165311 0.597672
-0.785669 -0.165311 -0.590356 -0.804344 -0.0803245 0.590356 -0.804345 -0.0803243 -0.591232 -0.787136
-0.181304 0.591232 -0.787138 -0.181304 -0.176526 -0.972425 -0.159034 0.176526 -0.972425 -0.159034
-0.593189 -0.806321 0.00708719 0.593189 -0.806323 0.00708747 -0.577042 -0.796501 -0.186388 0.577042
-0.796503 -0.186388 -0.141218 -0.977865 -0.16127 0.141218 -0.977866 -0.16127 -0.599256 -0.799898
-0.058535 0.599256 -0.7999 -0.0585348 -0.58202 -0.794828 -0.179084 0.58202 -0.79483 -0.179084
-0.590357 -0.798431 -0.128897 0.590357 -0.798432 -0.128897 -0.596401 -0.785999 -0.171023 0.596402
-0.786001 -0.171023 -0.261628 -0.954957 -0.149607 0.261628 -0.954957 -0.149607 -0.590982 -0.808237
-0.0181235 0.590982 -0.808238 -0.0181232 -0.0848077 -0.984181 -0.164556 0.0848072 -0.984182 -0.164556
-0.589346 -0.792102 -0.16807 -0.594384 -0.786478 -0.176533 0.589346 -0.792104 -0.16807 0.594384
-0.786479 -0.176533 -0.157757 -0.977453 -0.150704 0.157756 -0.977453 -0.150704 -0.563102 -0.808111
-0.181357 0.563103 -0.808113 -0.181357 -0.0975766 -0.983751 -0.1609 0.0975762 -0.983752 -0.1609
-0.140658 -0.979786 -0.153022 0.140658 -0.979787 -0.153022 -0.0839395 -0.985536 -0.158146 0.0839392
-0.985537 -0.158146 -0.381483 -0.910335 -0.170839 0.381483 -0.910336 -0.170839 -0.597791 -0.80381
-0.00194916 0.597791 -0.803812 -0.00194886 -0.0970479 -0.984529 -0.157409 0.0970476 -0.98453 -0.157409
-0.196435 -0.969411 -0.158611 0.196434 -0.969412 -0.158611 -0.594816 -0.806074 0.010281 0.594816
-0.806076 0.0102813 -0.590379 -0.807295 -0.0591954 0.590379 -0.807297 -0.0591951 -0.590357 -0.79752
-0.138718 0.590357 -0.797522 -0.138717 -0.541644 -0.823209 -0.181318 0.541644 -0.82321 -0.181318
-0.176468 -0.974901 -0.149524 0.176468 -0.974902 -0.149524 -0.599279 -0.79462 -0.115693 -0.51949
-0.83707 -0.182717 0.599279 -0.794621 -0.115693 0.51949 -0.837072 -0.182717 -0.519735 -0.838552
-0.17511 0.519735 -0.838554 -0.175109 -0.0445572 -0.986503 -0.169756 0.0445567 -0.986503 -0.169756
-0.588106 -0.792694 -0.172663 0.588106 -0.792695 -0.172663 0.613801 -0.784548 -0.109084 -0.613801
-0.784548 -0.109084 -0.044004 -0.988024 -0.161388 0.0440036 -0.988024 -0.161388 -0.563588 -0.807826
-0.18433 0.563588 -0.807827 -0.18433 -0.586053 -0.793506 -0.176483 0.586053 -0.793508 -0.176483
0.613801 -0.785 -0.106232 -0.613801 -0.785 -0.106232 -0.125737 -0.980935 -0.163111 0.125737
-0.980936 -0.163111 -0.590369 -0.796945 -0.145104 0.590369 -0.796946 -0.145104 -0.599093 -0.802792
-0.0370957 0.599093 -0.802794 -0.0370954 -0.590357 -0.804138 -0.099509 0.590357 -0.804139 -0.0995087
-0.125124 -0.982285 -0.156692 0.125124 -0.982286 -0.156692 -0.563379 -0.808961 -0.182904 0.563379
-0.808962 -0.182904 -0.541508 -0.824433 -0.179897 0.541508 -0.824435 -0.179897 -0.599279 -0.793495
-0.12903 0.599279 -0.793497 -0.12903 -0.306366 -0.940795 -0.162793 0.306366 -0.940795 -0.162793
-0.590542 -0.809558 -0.0378844 0.590542 -0.80956 -0.0378841 -0.196663 -0.971945 -0.149061 0.196662
-0.971945 -0.149061 -0.590451 -0.796754 -0.148932 0.590451 -0.796756 -0.148931 -0.217464 -0.966108
-0.158578 0.217463 -0.966108 -0.158578 -0.541812 -0.823906 -0.183004 0.541812 -0.823907 -0.183004
-0.0973894 -0.985384 -0.159423 0.0973889 -0.985384 -0.159423 -0.596443 -0.80632 0.00707063 0.596443
-0.806322 0.00707091 -0.575016 -0.801747 -0.180925 0.575016 -0.801748 -0.180925 0.0662668 -0.998585
-0.0681139 -0.0662669 -0.998585 -0.0681139 -0.330278 -0.932613 -0.165455 -0.599279 -0.800416 -0.0801673
0.330278 -0.932614 -0.165454 0.599279 -0.800418 -0.080167 -0.383463 -0.912702 -0.161862 0.383463
-0.912703 -0.161862 -0.0300276 -0.988137 -0.170403 0.0300273 -0.988137 -0.170403 -0.599279 -0.792464
-0.138932 0.599279 -0.792466 -0.138932 0.0296633 -0.989609 -0.162013 -0.0296637 -0.989609 -0.162013
-0.598651 -0.804942 -0.0176676 0.598651 -0.804944 -0.0176673 -0.590683 -0.796958 -0.151339 0.590683
-0.796959 -0.151339 -0.599267 -0.791807 -0.145389 0.599267 -0.791808 -0.145389 -0.111108 -0.984056
-0.163176 0.111108 -0.984056 -0.163176 -0.616352 -0.784774 -0.107658 0.616352 -0.784774 -0.107658
-0.590358 -0.803402 -0.115807 0.590358 -0.803404 -0.115807 -0.590357 -0.807843 -0.0805831 0.590357
-0.807845 -0.0805828 -0.283548 -0.9494 -0.160882 0.283548 -0.9494 -0.160882 -0.591842 -0.810781
-0.00320221 0.591842 -0.810782 -0.00320193 -0.0151107 -0.989138 -0.170675 0.0151104 -0.989139 -0.170675
-0.0149303 -0.99058 -0.162274 0.0149299 -0.990581 -0.162274 -0.599181 -0.791552 -0.149378 0.599181
-0.791554 -0.149378 -0.307695 -0.943039 -0.154686 0.307694 -0.94304 -0.154686 -0.217966 -0.968639
-0.149087 0.217966 -0.96864 -0.149087 -0.593189 -0.810055 0.00634278 0.593189 -0.810056 0.00634307
-2.11092e-07 -0.989479 -0.170731 -1.66312e-07 -0.99091 -0.162326 -0.585717 -0.794459 -0.184655 0.585717
-0.79446 -0.184655 -0.598955 -0.791637 -0.152161 0.598955 -0.791639 -0.152161 -0.597791 -0.807059
-0.00254793 0.597791 -0.807061 -0.00254764 -0.599256 -0.803825 -0.0589824 0.599256 -0.803826 -0.0589821
-0.331786 -0.934832 -0.15737 0.331786 -0.934833 -0.15737 -0.0719434 -0.987802 -0.166964 0.071943
-0.987803 -0.166964 -0.590983 -0.811934 -0.0187383 0.590983 -0.811936 -0.018738 -0.239253 -0.962539
-0.158997 0.239253 -0.962539 -0.158997 -0.590358 -0.80244 -0.128966 0.590358 -0.802441 -0.128966
-0.071219 -0.989087 -0.160522 0.0712187 -0.989087 -0.160522 -0.591221 -0.796578 -0.158459 0.591221
-0.796579 -0.158459 -0.59038 -0.810678 -0.0595376 0.59038 -0.81068 -0.0595373 -0.598566 -0.791811
-0.155205 0.598566 -0.791813 -0.155205 -0.599279 -0.800194 -0.0994853 0.599279 -0.800196 -0.099485
0.0987079 -0.988755 -0.148323 -0.098708 -0.988755 -0.148323 -0.111399 -0.984764 -0.165083 0.111399
-0.984764 -0.165083 -0.110989 -0.985408 -0.161558 0.110989 -0.985408 -0.161558 -0.576877 -0.801352
-0.185869 0.576877 -0.801354 -0.185869 -0.591253 -0.797707 -0.153881 0.591253 -0.797708 -0.153881
-0.594816 -0.809812 0.0095197 0.594816 -0.809814 0.00951999 -0.355532 -0.924602 -0.168647 0.355532
-0.924603 -0.168647 -0.465842 -0.872097 -0.17965 0.465842 -0.872098 -0.17965 -0.284665 -0.951626
-0.152743 0.284665 -0.951627 -0.152743 -0.598038 -0.791715 -0.159713 0.598038 -0.791717 -0.159713
-0.541432 -0.827528 -0.179004 0.541433 -0.82753 -0.179004 -0.590841 -0.796396 -0.16339 0.590841
-0.796397 -0.163389 -0.437467 -0.88735 -0.177207 0.437467 -0.887352 -0.177206 -0.590358 -0.801552
-0.138736 0.590358 -0.801554 -0.138736 -0.599093 -0.806215 -0.0375576 0.599093 -0.806216 -0.0375574
-0.0848184 -0.988235 -0.163855 0.0848181 -0.988235 -0.163855 -0.590358 -0.807633 -0.0996826 0.590358
-0.807635 -0.0996823 -0.597238 -0.791726 -0.165182 0.597238 -0.791727 -0.165182 -0.582497 -0.799506
-0.179829 0.582497 -0.799507 -0.179828 -0.0843487 -0.988972 -0.160348 0.0843482 -0.988972 -0.160348
-0.541989 -0.826578 -0.184692 0.541989 -0.826579 -0.184691 -0.590376 -0.800987 -0.145074 0.590376
-0.800988 -0.145073 -0.239993 -0.964973 -0.149864 0.239992 -0.964974 -0.149864 -0.590049 -0.796707
-0.168432 0.590049 -0.796708 -0.168432 -0.59095 -0.793264 -0.181162 0.59095 -0.793265 -0.181162
-0.493644 -0.857115 -0.182071 0.493644 -0.857116 -0.182071 -0.590542 -0.813233 -0.0383977 0.590542
-0.813235 -0.0383974 -0.599279 -0.799436 -0.115897 0.599279 -0.799437 -0.115896 -0.595966 -0.792027
-0.170924 0.595966 -0.792028 -0.170923 -0.575507 -0.804575 -0.182159 0.575507 -0.804577 -0.182158
-0.467548 -0.874155 -0.170414 0.467548 -0.874156 -0.170414 -0.598651 -0.808233 -0.0182016 0.598651
-0.808234 -0.0182013 -0.596443 -0.810053 0.00632425 0.596443 -0.810055 0.00632454 -0.590497 -0.800768
-0.148774 0.590497 -0.80077 -0.148774 -0.594003 -0.792549 -0.176416 0.594003 -0.792551 -0.176416
-0.35718 -0.926746 -0.160569 0.35718 -0.926747 -0.160568 -0.588745 -0.79732 -0.173148 0.588745
-0.797321 -0.173147 -0.409406 -0.902331 -0.17474 0.409405 -0.902332 -0.17474 -0.586615 -0.798157
-0.177092 0.586615 -0.798158 -0.177092 -0.439449 -0.889519 -0.167928 0.439449 -0.88952 -0.167928
-0.599279 -0.804348 -0.0805055 0.599279 -0.804349 -0.0805052 -0.49477 -0.85899 -0.173022 0.49477
-0.858992 -0.173022 -0.590359 -0.806872 -0.115908 0.590359 -0.806873 -0.115908 -0.261577 -0.958682
-0.159944 0.261577 -0.958682 -0.159944 -0.590358 -0.81125 -0.0808311 0.590358 -0.811251 -0.0808309
-0.590841 -0.800867 -0.150813 0.590841 -0.800869 -0.150813 -0.0846535 -0.989852 -0.162352 0.0846531
-0.989852 -0.162352 -0.599279 -0.798448 -0.129148 0.599279 -0.798449 -0.129147 -0.0586418 -0.990716
-0.168738 0.0586413 -0.990716 -0.168738 -0.576522 -0.804364 -0.184865 0.576522 -0.804365 -0.184865
-0.0580745 -0.991939 -0.162266 0.0580741 -0.99194 -0.162266 -0.576038 -0.805443 -0.18355 0.576037
-0.805444 -0.18355 -0.599256 -0.807292 -0.0593525 0.599256 -0.807294 -0.0593522 -0.599279 -0.797538
-0.138985 0.599279 -0.79754 -0.138985 -0.590359 -0.805873 -0.12901 0.590359 -0.805875 -0.129009
-0.597791 -0.810777 -0.00324783 0.597791 -0.810779 -0.00324754 -0.519793 -0.844777 -0.175852 0.519793
-0.844778 -0.175852 -0.126287 -0.985709 -0.164964 0.126287 -0.985709 -0.164964 -0.411391 -0.90451
-0.16575 0.411391 -0.904511 -0.165749 -0.519537 -0.843191 -0.184363 0.519537 -0.843192 -0.184363
-0.591842 -0.815388 -0.00408751 -0.591613 -0.80128 -0.15198 0.591842 -0.81539 -0.00408721 -0.262457
-0.960853 -0.151765 0.262457 -0.960853 -0.151765 0.591614 -0.801281 -0.151979 -0.14194 -0.984097
-0.16321 0.14194 -0.984098 -0.16321 -0.125489 -0.987394 -0.156677 0.125488 -0.987394 -0.156677
-0.59255 -0.799323 -0.15889 0.59255 -0.799325 -0.15889 -0.590381 -0.814339 -0.0599397 0.590381
-0.81434 -0.0599395 -0.585354 -0.799228 -0.18416 0.585354 -0.79923 -0.18416 -0.599262 -0.796964
-0.145387 0.599262 -0.796965 -0.145386 -0.307221 -0.945754 -0.163341 0.307221 -0.945755 -0.163341
-0.593189 -0.814742 0.00539564 0.593189 -0.814744 0.0053959 -0.592792 -0.800194 -0.154929 0.592792
-0.800196 -0.154928 -0.59036 -0.804952 -0.138736 0.59036 -0.804954 -0.138736 -0.599279 -0.804143
-0.099726 0.599279 -0.804144 -0.0997257 -0.599093 -0.809551 -0.0380096 0.599093 -0.809553 -0.0380093
-0.111826 -0.987597 -0.16698 0.111826 -0.987597 -0.16698 -0.111077 -0.988756 -0.16053 0.111077
-0.988756 -0.16053 -0.382247 -0.916566 -0.172159 0.382246 -0.916567 -0.172159 0.057959 -1.00398
-0.0680523 -0.057959 -1.00398 -0.0680523 -0.592074 -0.799173 -0.163809 0.592074 -0.799175 -0.163809
-0.599141 -0.796773 -0.149249 0.599141 -0.796774 -0.149248 -0.141292 -0.986145 -0.15399 0.141291
-0.986146 -0.15399 -0.590983 -0.816415 -0.019523 0.590983 -0.816416 -0.0195227 -0.331133 -0.937568
-0.166034 0.331133 -0.937568 -0.166034 -0.590359 -0.811037 -0.0998467 0.590359 -0.811039 -0.0998464
-0.159021 -0.982312 -0.161953 0.159021 -0.982312 -0.161953 -0.0979283 -0.989446 -0.166957 0.097928
-0.989447 -0.166957 -0.559361 -0.818455 -0.183776 0.559361 -0.818457 -0.183776 -0.58318 -0.802324
-0.180885 0.58318 -0.802325 -0.180884 -0.590379 -0.804355 -0.145038 0.590379 -0.804357 -0.145037
-0.0719538 -0.991872 -0.166208 0.0719534 -0.991872 -0.166208 -0.597246 -0.796575 -0.159457 0.597246
-0.796577 -0.159457 -0.598799 -0.796974 -0.151733 0.598799 -0.796975 -0.151733 -0.0715626 -0.992572
-0.162684 0.0715622 -0.992572 -0.162684 0.0963974 -0.999273 -0.0954929 -0.0963974 -0.999273 -0.0954929
-0.0446564 -0.993045 -0.169881 0.0446559 -0.993046 -0.169881 -0.0442403 -0.994219 -0.163387 0.0442398
-0.994219 -0.163387 -0.59642 -0.796372 -0.16496 0.59642 -0.796374 -0.164959 -0.591188 -0.799502
-0.168969 0.591188 -0.799503 -0.168969 -0.30823 -0.947436 -0.157031 0.30823 -0.947436 -0.157031
-0.590512 -0.804059 -0.148667 0.590513 -0.804061 -0.148666 -0.594816 -0.814526 0.00855143 0.594816
-0.814528 0.00855172 -0.559002 -0.819615 -0.18239 0.559002 -0.819616 -0.18239 -0.284389 -0.954356
-0.161349 0.284389 -0.954357 -0.161349 -0.597945 -0.797716 -0.154413 0.597945 -0.797718 -0.154413
-0.158625 -0.984561 -0.152394 0.158625 -0.984562 -0.152394 -0.177625 -0.980004 -0.161142 0.177625
-0.980004 -0.161142 -0.598651 -0.811927 -0.0188257 0.598651 -0.811929 -0.0188254 -0.541436 -0.832374
-0.17882 0.541435 -0.832376 -0.178819 -0.590404 -0.797974 -0.180732 0.590404 -0.797975 -0.180732
-0.595184 -0.796648 -0.170653 0.595184 -0.79665 -0.170653 -0.592986 -0.801928 -0.152682 0.592987
-0.801929 -0.152682 -0.599279 -0.803408 -0.116054 0.599279 -0.80341 -0.116054 -0.332282 -0.939229
-0.159741 0.332282 -0.93923 -0.159741 -0.383982 -0.918585 -0.164072 0.383982 -0.918586 -0.164071
-0.590888 -0.803972 -0.150541 0.590889 -0.803973 -0.150541 -0.589765 -0.800127 -0.17385 0.589766
-0.800129 -0.17385 -0.599279 -0.807839 -0.0807853 0.599279 -0.807841 -0.080785 -0.58748 -0.80097
-0.17797 0.58748 -0.800972 -0.177969 -0.59036 -0.810254 -0.116001 0.59036 -0.810255 -0.116001
-0.0977902 -0.990771 -0.165297 0.0977899 -0.990771 -0.165297 -0.593311 -0.797209 -0.176069 0.593311
-0.797211 -0.176069 -0.590543 -0.817575 -0.0390551 0.590543 -0.817577 -0.0390548 -0.594194 -0.800164
-0.159297 0.594194 -0.800166 -0.159296 -0.0982369 -0.99023 -0.168838 0.0982366 -0.990231 -0.168838
-0.55977 -0.819204 -0.18532 0.55977 -0.819206 -0.18532 0.0979741 -0.999305 -0.103195 -0.0979741
-0.999305 -0.103195 -0.594521 -0.800856 -0.155336 0.594521 -0.800858 -0.155336 -0.584739 -0.802174
-0.183256 0.584739 -0.802176 -0.183256 -0.590359 -0.814911 -0.0811239 0.590359 -0.814913 -0.0811236
-0.0718171 -0.993481 -0.16468 0.0718167 -0.993481 -0.16468 -0.197621 -0.976969 -0.160582 0.19762
-0.976969 -0.160582 -0.583971 -0.80321 -0.182095 0.583971 -0.803211 -0.182095 -0.285233 -0.956024
-0.155015 0.285233 -0.956025 -0.155015 -0.595865 -0.799322 -0.159433 0.595865 -0.799323 -0.159433
-0.591692 -0.803987 -0.151442 0.591692 -0.803989 -0.151442 -0.542153 -0.831182 -0.186165 0.542153
-0.831183 -0.186165 -0.593596 -0.800073 -0.164283 0.593596 -0.800075 -0.164282 -0.177514 -0.982338
-0.15154 0.177514 -0.982339 -0.15154 -0.0300923 -0.994774 -0.170514 0.030092 -0.994775 -0.170514
-0.596443 -0.81474 0.00537519 0.596443 -0.814742 0.00537549 -0.0298193 -0.995911 -0.164004 0.029819
-0.995911 -0.164004 -0.356352 -0.929542 -0.169184 0.356352 -0.929543 -0.169183 -0.599279 -0.802446
-0.129239 0.599279 -0.802448 -0.129238 -0.599256 -0.810669 -0.0597146 0.599256 -0.81067 -0.0597143
-0.595137 -0.79916 -0.164667 0.595137 -0.799161 -0.164667 -0.596284 -0.800198 -0.155235 0.596284
-0.800199 -0.155235 -0.590361 -0.809224 -0.129045 0.590361 -0.809226 -0.129044 0.0945453 -0.991612
-0.16679 -0.0945454 -0.991613 -0.16679 0.100586 -0.993973 -0.149687 -0.100586 -0.993973 -0.149687
-0.592584 -0.800419 -0.169592 0.592584 -0.800421 -0.169592 -0.21861 -0.973226 -0.16022 0.218609
-0.973226 -0.16022 -0.594689 -0.80223 -0.152988 0.594689 -0.802231 -0.152987 -0.593996 -0.79947
-0.170186 0.593996 -0.799471 -0.170186 -0.599279 -0.801559 -0.139027 0.599279 -0.801561 -0.139027
-0.197793 -0.979332 -0.151037 0.197793 -0.979332 -0.151037 -0.590362 -0.808274 -0.138728 0.590362
-0.808276 -0.138728 -0.0151427 -0.99585 -0.170784 0.0151423 -0.995851 -0.170784 0.0150072 -0.996964
-0.164265 -0.0150075 -0.996964 -0.164265 -0.593038 -0.804014 -0.151981 0.593038 -0.804015 -0.151981
-0.05865 -0.99482 -0.16794 0.0586496 -0.994821 -0.16794 -0.589549 -0.800871 -0.179963 0.589549
-0.800873 -0.179963 -0.599279 -0.807628 -0.0999251 0.599279 -0.80763 -0.0999249 -0.588516 -0.801873
-0.178985 0.588516 -0.801874 -0.178984 -0.0583444 -0.995487 -0.1644 0.0583439 -0.995488 -0.1644
-0.357609 -0.931146 -0.162896 0.357609 -0.931147 -0.162896 -0.591007 -0.801042 -0.174664 0.591008
-0.801043 -0.174664 -1.66312e-07 -0.996221 -0.170841 -1.66312e-07 -0.997326 -0.164319 -0.59226 -0.800068
-0.17545 0.59226 -0.800069 -0.17545 -0.599093 -0.813222 -0.0385379 0.599093 -0.813224 -0.0385376
-0.599258 -0.800994 -0.145378 0.599258 -0.800995 -0.145377 -0.558761 -0.822643 -0.18141 0.558761
-0.822645 -0.18141 -0.590377 -0.807651 -0.145011 0.590377 -0.807652 -0.145011 -0.307883 -0.949001
-0.162792 0.307883 -0.949002 -0.162792 -0.240266 -0.968793 -0.160116 0.240265 -0.968794 -0.160116
-0.596415 -0.80193 -0.152871 0.596415 -0.801931 -0.152871 -0.597791 -0.815383 -0.00413778 0.597791
-0.815385 -0.0041375 -0.590382 -0.818573 -0.0604577 0.590382 -0.818574 -0.0604574 -0.590361 -0.814721
-0.100042 0.590361 -0.814723 -0.100041 -0.597644 -0.807238 -0.116464 0.597644 -0.807238 -0.116464
-0.599114 -0.800775 -0.149094 0.599114 -0.800776 -0.149094 -0.219045 -0.975528 -0.151037 0.219044
-0.975529 -0.151037 -0.590486 -0.80729 -0.148685 0.590486 -0.807292 -0.148685 -0.331814 -0.940809
-0.165506 0.331814 -0.94081 -0.165506 -0.597852 -0.801283 -0.152297 0.597851 -0.801285 -0.152297
-0.598709 -0.800873 -0.151152 0.598709 -0.800875 -0.151152 -0.308429 -0.949904 -0.159336 0.308428
-0.949905 -0.159336 -0.590799 -0.807046 -0.150723 0.590799 -0.807048 -0.150723 -0.262408 -0.963629
-0.160304 0.262408 -0.96363 -0.160304 -0.594709 -0.804024 -0.152233 0.59471 -0.804025 -0.152232
-0.0511395 -1.00799 -0.0681336 0.0511394 -1.00799 -0.0681336 -0.332437 -0.941701 -0.162059 0.332436
-0.941702 -0.162059 -0.599279 -0.806866 -0.116185 0.599279 -0.806868 -0.116185 -0.437877 -0.894447
-0.178678 -0.24089 -0.970875 -0.151894 0.240889 -0.970876 -0.151894 0.437877 -0.894449 -0.178677
-0.591527 -0.806717 -0.151907 0.591527 -0.806718 -0.151906 -0.599279 -0.811237 -0.081059 0.599279
-0.811239 -0.0810588 -0.466055 -0.87967 -0.1813 0.466055 -0.879671 -0.1813 -0.0585435 -0.99643
-0.166392 0.0585431 -0.99643 -0.166392 -0.591842 -0.820794 -0.00515072 0.591842 -0.820796 -0.00515045
-0.0851392 -0.993873 -0.17033 0.0851388 -0.993873 -0.17033 -0.285018 -0.9576 -0.160748 0.285018
-0.9576 -0.160748 -0.560163 -0.821903 -0.186772 0.560163 -0.821904 -0.186771 -0.308299 -0.950405
-0.161357 0.308299 -0.950406 -0.161357 0.0924195 -1.00407 -0.0878398 -0.0924196 -1.00407 -0.0878398
-0.410027 -0.908549 -0.175824 0.410027 -0.90855 -0.175824 -0.590362 -0.813975 -0.116113 0.590362
-0.813977 -0.116113 -0.263068 -0.965255 -0.15394 0.263068 -0.965255 -0.15394 -0.592867 -0.806166
-0.152636 0.592867 -0.806168 -0.152635 -0.593189 -0.820274 0.00425924 0.593189 -0.820276 0.00425953
-0.590984 -0.821623 -0.0204672 0.590984 -0.821624 -0.020467 -0.0978622 -0.99415 -0.164159 0.0978618
-0.99415 -0.164159 -0.285473 -0.958495 -0.157278 0.285473 -0.958496 -0.157278 -0.0446625 -0.997201
-0.169058 0.0446621 -0.997202 -0.169058 -0.0444386 -0.997842 -0.165506 0.0444382 -0.997842 -0.165506
-0.332265 -0.942207 -0.164081 0.332264 -0.942208 -0.164081 -0.0986763 -0.993176 -0.170639 0.098676
-0.993176 -0.170639 -0.596402 -0.804009 -0.15215 0.596402 -0.804011 -0.152149 -0.599279 -0.805867
-0.129314 0.599279 -0.805868 -0.129314 -0.598651 -0.816406 -0.0196193 0.598651 -0.816407 -0.0196191
-0.493748 -0.864731 -0.183702 0.493748 -0.864732 -0.183702 -0.600195 -0.807424 -0.115033 0.600195
-0.807424 -0.115033 -0.571972 -0.815116 -0.184094 0.571972 -0.815118 -0.184094 -0.600195 -0.807053
-0.117895 0.600195 -0.807053 -0.117895 -0.467685 -0.881573 -0.172058 0.467685 -0.881575 -0.172058
-0.382984 -0.921483 -0.172566 0.382984 -0.921484 -0.172566 -0.0980676 -1.00188 -0.11059 0.0980675
-1.00188 -0.11059 -0.439723 -0.896402 -0.16969 0.439723 -0.896404 -0.16969 -0.599256 -0.814323
-0.0601379 0.599256 -0.814324 -0.0601376 -0.357027 -0.932767 -0.16863 0.357027 -0.932768 -0.16863
-0.0850033 -0.995171 -0.168637 0.085003 -0.995171 -0.168637 -0.111391 -0.993965 -0.160302 0.111391
-0.993966 -0.160302 -0.571373 -0.816217 -0.182801 0.571374 -0.816218 -0.182801 -0.590361 -0.819109
-0.0815047 0.590361 -0.819111 -0.0815045 -0.494831 -0.866492 -0.174558 0.494831 -0.866493 -0.174558
-0.590363 -0.812988 -0.12909 0.590363 -0.812989 -0.129089 -0.112357 -0.992518 -0.168627 0.112356
-0.992518 -0.168627 -0.594557 -0.805898 -0.152963 0.594557 -0.8059 -0.152963 -0.599279 -0.804945
-0.139061 0.599279 -0.804947 -0.139061 -0.594816 -0.8201 0.00739025 0.594816 -0.820102 0.00739053
-0.0854511 -0.994726 -0.172194 0.0854507 -0.994726 -0.172194 -0.285391 -0.959 -0.15929 0.28539
-0.959 -0.15929 -0.411763 -0.910401 -0.167726 0.411763 -0.910402 -0.167726 -0.597801 -0.80398
-0.151735 0.597801 -0.803982 -0.151735 -0.357709 -0.933627 -0.165186 0.357708 -0.933628 -0.165186
-0.599279 -0.811022 -0.10012 0.599279 -0.811024 -0.10012 -0.590544 -0.822566 -0.0398487 0.590544
-0.822567 -0.0398485 -0.599257 -0.804348 -0.145376 0.599257 -0.80435 -0.145376 -0.590364 -0.812074
-0.138724 0.590364 -0.812076 -0.138723 -0.384309 -0.92299 -0.166272 0.384308 -0.922991 -0.166272
-0.519871 -0.851885 -0.176938 0.519871 -0.851887 -0.176938 -0.59867 -0.803964 -0.150884 0.59867
-0.803966 -0.150884 -0.519626 -0.850327 -0.185809 0.519626 -0.850328 -0.185809 -0.5991 -0.804052
-0.149013 0.599101 -0.804054 -0.149012 0.0300961 -0.998986 -0.16968 -0.0300964 -0.998986 -0.16968
-0.0445846 -0.998818 -0.167498 0.0445842 -0.998818 -0.167498 0.0299494 -0.999605 -0.166119 -0.0299499
-0.999605 -0.166119 -0.464621 -0.884386 -0.173027 0.464621 -0.884386 -0.173027 -0.57263 -0.815904
-0.185474 0.57263 -0.815906 -0.185474 -0.590373 -0.811472 -0.144991 0.590373 -0.811474 -0.14499
-0.592472 -0.808147 -0.154873 0.592472 -0.808148 -0.154873 -0.126944 -0.992107 -0.166623 0.126944
-0.992107 -0.166622 -0.357497 -0.934148 -0.167198 0.357497 -0.934149 -0.167198 -0.126042 -0.993902
-0.157362 0.126041 -0.993902 -0.157362 -0.54151 -0.838578 -0.179187 0.54151 -0.838579 -0.179187
-0.596443 -0.820272 0.00423725 0.596443 -0.820273 0.00423752 -0.590432 -0.811108 -0.148761 0.590432
-0.811109 -0.14876 -0.596293 -0.806153 -0.152858 0.596293 -0.806155 -0.152858 -0.599093 -0.817561
-0.0392097 0.599093 -0.817562 -0.0392094 -0.590598 -0.810823 -0.151165 0.590598 -0.810825 -0.151165
-0.599279 -0.810236 -0.116313 0.0453325 -1.01115 -0.068259 -0.0453326 -1.01115 -0.068259 0.599279
-0.810238 -0.116313 -0.59418 -0.807543 -0.155318 0.59418 -0.807545 -0.155317 0.0151444 -1.00011
-0.169948 -0.0151448 -1.00011 -0.169948 -0.590363 -0.818984 -0.1003 0.590362 -0.818985 -0.1003
0.0150718 -1.00071 -0.166382 -0.0150722 -1.00071 -0.166382 -0.263005 -0.966861 -0.159633 0.263005
-0.966861 -0.159633 -0.462802 -0.886038 -0.173906 0.462801 -0.886038 -0.173906 -0.558688 -0.827431
-0.181012 0.558688 -0.827432 -0.181012 -0.591002 -0.81038 -0.153761 0.591002 -0.810381 -0.15376
-0.599279 -0.814891 -0.081379 0.599279 -0.814892 -0.0813787 -2.55872e-07 -1.00049 -0.170005 -2.11092e-07
-1.0011 -0.166438 -0.570944 -0.819175 -0.181823 0.570944 -0.819177 -0.181823 -0.0723238 -0.997479
-0.173138 0.0723234 -0.997479 -0.173138 -0.263359 -0.967733 -0.156147 0.263359 -0.967733 -0.156147
-0.590383 -0.823391 -0.0610863 0.590383 -0.823393 -0.0610861 -0.54231 -0.837301 -0.187401 0.54231
-0.837302 -0.1874 0.0300451 -1.00061 -0.168113 -0.0300456 -1.00061 -0.168113 -0.142775 -0.991407
-0.164997 0.142775 -0.991408 -0.164997 -0.599279 -0.809205 -0.129388 0.599279 -0.809207 -0.129387
-0.591878 -0.809527 -0.158898 0.591878 -0.809528 -0.158897 -0.580271 -0.812955 -0.182481 0.58027
-0.812956 -0.18248 -0.597791 -0.820789 -0.00520487 0.597791 -0.82079 -0.00520459 -0.142074 -0.993415
-0.155397 0.142073 -0.993415 -0.155397 -0.579432 -0.814002 -0.181328 0.579432 -0.814004 -0.181328
-0.597761 -0.806695 -0.152286 0.597761 -0.806697 -0.152286 -0.593507 -0.808735 -0.159336 0.593507
-0.808736 -0.159336 0.0978511 -1.00414 -0.117722 -0.0978512 -1.00414 -0.117722 -0.383618 -0.92468
-0.171932 -0.599279 -0.808254 -0.139095 0.383618 -0.924681 -0.171932 0.599279 -0.808255 -0.139094
-0.590364 -0.818373 -0.116267 0.590364 -0.818374 -0.116267 -0.26333 -0.968248 -0.158146 0.26333
-0.968249 -0.158146 -0.241103 -0.973727 -0.160363 0.241103 -0.973727 -0.160363 0.0151191 -1.00174
-0.168378 -0.0151195 -1.00174 -0.168379 -0.0722044 -0.998752 -0.171419 0.0722041 -0.998752 -0.171419
-0.595959 -0.808123 -0.155239 0.595959 -0.808124 -0.155238 -0.0850843 -0.998575 -0.167416 0.085084
-0.998576 -0.167416 -0.599257 -0.807629 -0.145393 0.599256 -0.807631 -0.145393 -0.598663 -0.807023
-0.151137 0.598663 -0.807024 -0.151137 -0.560487 -0.8265 -0.187935 0.560487 -0.826502 -0.187935
-0.160053 -0.990015 -0.163833 0.160052 -0.990015 -0.163833 -0.384336 -0.925487 -0.168484 0.384335
-0.925488 -0.168484 -2.11092e-07 -1.00213 -0.168435 -0.0726228 -0.998393 -0.17499 0.0726225 -0.998393
-0.17499 -0.599256 -0.818552 -0.0606761 0.599256 -0.818553 -0.0606758 -0.599099 -0.807268 -0.149084
0.599099 -0.80727 -0.149083 -0.590926 -0.810438 -0.16392 -0.466441 -0.886038 -0.173906 0.466441
-0.886038 -0.173906 0.590926 -0.810439 -0.16392 -0.599279 -0.814697 -0.100348 0.599279 -0.814698
-0.100347 -0.311908 -0.953187 -0.165252 0.311907 -0.953188 -0.165252 -0.0858985 -0.997774 -0.173924
0.0858982 -0.997774 -0.173924 -0.241566 -0.975285 -0.153968 0.241566 -0.975285 -0.153968 -0.590575
-0.812088 -0.158437 0.590575 -0.81209 -0.158436 -0.592438 -0.809562 -0.164412 0.592438 -0.809564
-0.164412 -0.159613 -0.992131 -0.154188 0.159613 -0.992132 -0.154188 -0.573237 -0.818611 -0.186715
0.573237 -0.818612 -0.186715 -0.590365 -0.817547 -0.12916 0.590365 -0.817549 -0.12916 -0.606998
-0.807493 -0.114496 0.606998 -0.807493 -0.114496 -0.21966 -0.979479 -0.161204 0.21966 -0.979479
-0.161204 -0.58543 -0.811634 -0.179309 0.58543 -0.811635 -0.179309 -0.584368 -0.812634 -0.178327
0.584368 -0.812636 -0.178327 -0.606998 -0.806984 -0.118432 0.606998 -0.806984 -0.118432 -0.581169
-0.813769 -0.183683 0.581169 -0.813771 -0.183682 -0.598651 -0.821612 -0.0205709 0.598651 -0.821614
-0.0205707 -0.335645 -0.944923 -0.16832 0.335645 -0.944923 -0.16832 -0.591842 -0.826785 -0.00635412
0.591842 -0.826786 -0.00635383 -0.178804 -0.987633 -0.162949 0.178804 -0.987634 -0.162949 -0.410649
-0.913438 -0.17604 0.410649 -0.913439 -0.17604 -0.590362 -0.823868 -0.0819711 -0.589463 -0.81112
-0.169188 0.590362 -0.823869 -0.0819708 0.589464 -0.811121 -0.169188 -0.384087 -0.926032 -0.170471
0.384087 -0.926033 -0.170471 -0.198802 -0.984115 -0.162081 0.198802 -0.984115 -0.162081 -0.590984
-0.827395 -0.0215379 0.590984 -0.827396 -0.0215376 -0.587374 -0.811778 -0.174153 0.587375 -0.81178
-0.174153 -0.590856 -0.810197 -0.169813 0.590856 -0.810198 -0.169813 -0.588624 -0.810818 -0.174953
0.588624 -0.810819 -0.174952 0.0396682 -1.01415 -0.068327 -0.0396682 -1.01415 -0.068327 -0.59319
-0.826403 0.00297424 0.593189 -0.826404 0.00297455 -0.578804 -0.81689 -0.180425 0.578804 -0.816891
-0.180425 -0.590366 -0.816778 -0.138732 0.590366 -0.81678 -0.138731 -0.595187 -0.809488 -0.159503
0.595187 -0.80949 -0.159503 -0.0590652 -1.00041 -0.175221 0.0590648 -1.00041 -0.175221 -0.220017
-0.981445 -0.152941 0.220016 -0.981446 -0.152941 0.0983081 -1.00161 -0.149084 -0.0983081 -1.00161
-0.149084 -0.178648 -0.989806 -0.153358 0.178647 -0.989807 -0.153358 -0.599279 -0.813947 -0.116462
0.599279 -0.813949 -0.116462 -0.098167 -0.999455 -0.163761 0.0981666 -0.999455 -0.163761 -0.411972
-0.914817 -0.169738 0.411972 -0.914818 -0.169738 -0.289139 -0.961943 -0.16282 0.289139 -0.961944
-0.16282 -0.438349 -0.900655 -0.179487 0.438349 -0.900656 -0.179486 -0.312326 -0.954588 -0.163627
0.312326 -0.954588 -0.163627 -0.589715 -0.813066 -0.163502 0.589715 -0.813068 -0.163501 -0.198927
-0.98626 -0.152851 0.198926 -0.98626 -0.15285 -0.311876 -0.954204 -0.167198 0.311876 -0.954205
-0.167198 -0.590367 -0.816275 -0.144971 0.590367 -0.816276 -0.144971 -0.09921 -0.998236 -0.172121
0.0992097 -0.998237 -0.172121 -0.590544 -0.828099 -0.0407515 0.590544 -0.8281 -0.0407512 -0.336082
-0.946315 -0.166688 0.336082 -0.946316 -0.166688 0.0976499 -1.00561 -0.124762 -0.09765 -1.00561
-0.124762 -0.462352 -0.889749 -0.175881 0.462352 -0.889749 -0.175881 -0.335593 -0.945951 -0.170257
0.335593 -0.945952 -0.170256 -0.590372 -0.815994 -0.148807 0.590372 -0.815995 -0.148806 -0.594816
-0.826275 0.00607783 0.594816 -0.826276 0.00607811 0.464621 -0.891123 -0.163177 -0.464621 -0.891123
-0.163177 -0.586546 -0.812465 -0.180324 0.586546 -0.812466 -0.180323 -0.593986 -0.81038 -0.164832
0.593986 -0.810382 -0.164832 -0.599279 -0.819083 -0.0817859 0.599279 -0.819085 -0.0817856 0.0983731
-1.00171 -0.153942 -0.0983732 -1.00171 -0.153942 -0.599279 -0.812957 -0.129474 0.599279 -0.812959
-0.129474 -0.588353 -0.813806 -0.168683 0.588353 -0.813808 -0.168683 -0.0589692 -1.00166 -0.173483
0.0589688 -1.00166 -0.173483 -0.58355 -0.815452 -0.177546 0.58355 -0.815453 -0.177546 -0.590369
-0.815858 -0.151441 0.590369 -0.81586 -0.151441 -0.599093 -0.822549 -0.0400152 0.599093 -0.82255
-0.0400149 -0.439961 -0.90231 -0.171393 0.439961 -0.902312 -0.171393 -0.466347 -0.886785 -0.182454
0.466347 -0.886786 -0.182454 0.462801 -0.892114 -0.164763 -0.462802 -0.892115 -0.164764 0.0869921
-1.0114 -0.0820613 -0.0869922 -1.0114 -0.0820613 -0.360417 -0.936965 -0.171679 0.360417 -0.936965
-0.171679 -0.590364 -0.823836 -0.100622 0.590364 -0.823837 -0.100621 -0.586392 -0.814528 -0.173514
0.586392 -0.814529 -0.173514 -0.570765 -0.82389 -0.181324 0.570765 -0.823891 -0.181324 -0.0593333
-1.00137 -0.177068 0.0593328 -1.00137 -0.177068 -0.592285 -0.811036 -0.170445 0.592286 -0.811037
-0.170445 -0.58992 -0.811658 -0.175776 0.58992 -0.811659 -0.175776 -0.597684 -0.810334 -0.154418
0.597684 -0.810336 -0.154417 -0.289525 -0.963342 -0.161199 0.289525 -0.963342 -0.161199 -0.599279
-0.812042 -0.139134 0.599279 -0.812043 -0.139133 -0.289132 -0.96294 -0.164773 0.289132 -0.962941
-0.164773 -0.590252 -0.815993 -0.154254 0.590252 -0.815995 -0.154254 0.185048 -0.989931 -0.15485
-0.185048 -0.989931 -0.15485 -0.241676 -0.97694 -0.159619 0.241676 -0.976941 -0.159619 -0.467862
-0.888493 -0.173507 0.467862 -0.888495 -0.173507 -0.0723036 -1.00218 -0.170139 0.0723032 -1.00218
-0.170139 -0.599258 -0.811438 -0.145421 -0.596443 -0.8264 0.00295128 0.599258 -0.81144 -0.145421
0.596443 -0.826402 0.00295155 -0.0450518 -1.00278 -0.176486 0.0450513 -1.00278 -0.176486 -0.598705
-0.810783 -0.151703 0.598705 -0.810785 -0.151703 -0.241924 -0.977776 -0.156116 0.241923 -0.977777
-0.156116 -0.599114 -0.811071 -0.149227 0.599114 -0.811073 -0.149226 -0.493922 -0.872337 -0.184999
0.493922 -0.872338 -0.184999 -0.590384 -0.828736 -0.0618051 0.590384 -0.828737 -0.0618048 -0.581977
-0.816468 -0.184734 0.581977 -0.816469 -0.184734 -0.111891 -1.00063 -0.160727 0.111891 -1.00063
-0.160727 0.0730623 -1.00153 -0.176671 -0.0730626 -1.00153 -0.176672 -0.360857 -0.938341 -0.170039
0.360857 -0.938342 -0.170038 -0.494953 -0.87396 -0.175855 0.494953 -0.873961 -0.175855 0.0975492
-1.00642 -0.131843 -0.0975493 -1.00642 -0.131843 -0.360346 -0.938 -0.173607 0.360346 -0.938001
-0.173607 -0.112968 -0.999083 -0.170024 0.112968 -0.999083 -0.170024 -0.558759 -0.833585 -0.181084
0.558759 -0.833586 -0.181083 -0.589821 -0.816651 -0.158362 0.589821 -0.816652 -0.158362 -0.599279
-0.818952 -0.100637 0.599279 -0.818954 -0.100637 -0.411211 -0.916599 -0.175287 0.41121 -0.9166
-0.175287 -0.590366 -0.823426 -0.116466 0.590365 -0.823428 -0.116466 -0.466891 -0.889749 -0.175881
0.466891 -0.889749 -0.175881 0.466441 -0.892114 -0.164763 -0.466441 -0.892115 -0.164764 -0.04498
-1.00401 -0.174737 0.0449796 -1.00401 -0.174736 -0.241955 -0.978309 -0.158101 0.241955 -0.97831
-0.158101 0.0336373 -1.01726 -0.0684038 -0.0336373 -1.01726 -0.0684038 -0.519984 -0.859421 -0.178071
0.519984 -0.859422 -0.178071 -0.411927 -0.917336 -0.171834 0.411927 -0.917338 -0.171834 -0.596585
-0.812017 -0.159559 0.596585 -0.812018 -0.159558 -0.599256 -0.823368 -0.0613215 0.599256 -0.823369
-0.0613212 -0.541644 -0.845679 -0.179869 0.541644 -0.84568 -0.179868 -0.597791 -0.826779 -0.00641072
0.597791 -0.826781 -0.00641043 -0.267273 -0.971372 -0.161368 0.267273 -0.971373 -0.161368 0.183228
-0.991583 -0.155728 -0.183228 -0.991583 -0.155729 -0.519759 -0.85796 -0.187029 0.519759 -0.857961
-0.187028 -0.0303929 -1.00454 -0.177102 0.0303926 -1.00454 -0.177102 -0.0452701 -1.00377 -0.178331
0.0452697 -1.00377 -0.178331 -0.588998 -0.817438 -0.163291 0.588998 -0.817439 -0.16329 -0.613801
-0.807424 -0.115033 0.613801 -0.807424 -0.115033 -0.5785 -0.821522 -0.179919 0.5785 -0.821524
-0.179919 -0.462352 -0.894341 -0.168329 0.462352 -0.894341 -0.168329 -0.573709 -0.823179 -0.18764
0.573709 -0.823181 -0.18764 -0.613801 -0.807053 -0.117895 0.613801 -0.807053 -0.117895 -0.411655
-0.917914 -0.173784 0.411655 -0.917915 -0.173784 -0.590366 -0.822845 -0.129259 0.590367 -0.822846
-0.129259 0.186868 -0.991583 -0.155728 -0.186868 -0.991583 -0.155729 -0.599279 -0.818336 -0.116652
0.599279 -0.818338 -0.116652 -0.58753 -0.815144 -0.181201 0.58753 -0.815145 -0.181201 -0.595286
-0.812961 -0.165179 0.595286 -0.812962 -0.165179 -0.097522 -1.00689 -0.138791 0.0975219 -1.00689
-0.138791 -0.590363 -0.829145 -0.0825089 0.590363 -0.829147 -0.0825086 -0.542473 -0.844424 -0.188423
0.542473 -0.844426 -0.188423 -0.313091 -0.958372 -0.16263 0.313091 -0.958373 -0.16263 0.0153037
-1.00565 -0.177301 -0.0153041 -1.00565 -0.177301 -0.0854056 -1.00397 -0.16689 0.0854053 -1.00397
-0.16689 -0.386227 -0.929165 -0.175031 0.386227 -0.929166 -0.175031 -0.587704 -0.818185 -0.168386
0.587704 -0.818187 -0.168386 -0.0303453 -1.00576 -0.175345 0.0303449 -1.00576 -0.175345 -0.312271
-0.957671 -0.16916 0.312271 -0.957671 -0.16916 -0.560751 -0.832587 -0.188821 0.560751 -0.832589
-0.188821 -0.0590797 -1.0051 -0.172162 0.0590792 -1.0051 -0.172162 0.463612 -0.892725 -0.177465
-0.463612 -0.892725 -0.177465 -0.267616 -0.972758 -0.159745 0.267616 -0.972759 -0.159745 -0.598651
-0.827383 -0.0216464 0.598651 -0.827385 -0.0216461 -0.593508 -0.813652 -0.170987 0.593508 -0.813654
-0.170987 -2.11092e-07 -1.00604 -0.177316 -0.267297 -0.972341 -0.163323 0.267297 -0.972341 -0.163322
-0.591043 -0.814308 -0.176488 0.591043 -0.81431 -0.176488 -0.336862 -0.950097 -0.165667 0.336862
-0.950098 -0.165667 -0.220507 -0.984401 -0.161341 0.220506 -0.984402 -0.161341 -0.127683 -0.999592
-0.16811 0.127683 -0.999592 -0.16811 -0.583117 -0.819997 -0.177092 0.583117 -0.819998 -0.177091
-0.126733 -1.00135 -0.158475 0.126732 -1.00135 -0.158475 -0.585839 -0.818983 -0.173138 0.585839
-0.818985 -0.173138 0.0976012 -1.00666 -0.14509 -0.0976012 -1.00666 -0.14509 -0.335969 -0.949432
-0.172193 0.335969 -0.949433 -0.172193 -0.590368 -0.822295 -0.138757 0.590368 -0.822297 -0.138757
-0.0305468 -1.00557 -0.178947 0.0305464 -1.00557 -0.178947 -0.0864435 -1.00296 -0.175285 0.0864431
-1.00296 -0.175285 -0.599279 -0.817507 -0.129583 0.599279 -0.817509 -0.129583 -0.591842 -0.833145
-0.00765987 0.591842 -0.833147 -0.00765958 -0.599279 -0.823837 -0.0822739 -0.590984 -0.833568 -0.022702
0.599279 -0.823839 -0.0822736 0.590984 -0.83357 -0.0227017 -0.220765 -0.985872 -0.154915 0.220765
-0.985872 -0.154915 -0.0597389 -1.00458 -0.178718 0.0597386 -1.00458 -0.178717 -0.438841 -0.905515
-0.179485 0.438841 -0.905516 -0.179485 -0.0152803 -1.00686 -0.175539 0.0152799 -1.00686 -0.175539
-0.616352 -0.807238 -0.116464 0.616352 -0.807238 -0.116464 -0.590363 -0.821941 -0.144956 0.590363
-0.821943 -0.144955 -0.290254 -0.967102 -0.160215 0.290254 -0.967102 -0.160215 0.465632 -0.892725
-0.177465 -0.465631 -0.892725 -0.177465 -1.21532e-07 -1.00724 -0.175553 -0.386649 -0.930519 -0.173381
0.386649 -0.93052 -0.173381 -0.289539 -0.966368 -0.166751 0.289539 -0.966368 -0.166751 -0.599279
-0.816736 -0.139184 -0.59319 -0.832881 0.00158145 0.599279 -0.816737 -0.139183 0.593189 -0.832883
0.00158173 -0.386138 -0.930203 -0.17695 0.386138 -0.930204 -0.17695 0.015383 -1.00669 -0.179147
-0.0153835 -1.00669 -0.179147 -0.440067 -0.906744 -0.173187 0.440067 -0.906745 -0.173187 -0.590328
-0.821783 -0.148816 0.590328 -0.821785 -0.148816 -0.590545 -0.834068 -0.0417363 0.590544 -0.83407
-0.041736 -0.466891 -0.894341 -0.168329 0.466891 -0.894341 -0.168329 -2.11092e-07 -1.00707 -0.179162
-0.599093 -0.82808 -0.0409255 0.599093 -0.828082 -0.0409252 -0.590365 -0.829215 -0.100998 0.590365
-0.829217 -0.100998 -0.599262 -0.816231 -0.145448 0.599262 -0.816232 -0.145448 -0.590222 -0.821796
-0.151553 0.590222 -0.821797 -0.151552 -0.361622 -0.9421 -0.168991 0.361621 -0.9421 -0.168991
-0.143693 -0.999268 -0.166613 0.143692 -0.999268 -0.166613 -0.0268395 -1.02057 -0.0685676 0.0268395
-1.02057 -0.0685677 -0.0450827 -1.00745 -0.173389 -0.599145 -0.815946 -0.149341 0.0450822 -1.00745
-0.173389 0.599145 -0.815947 -0.149341 -0.598829 -0.815804 -0.152112 0.598829 -0.815805 -0.152112
-0.360688 -0.941476 -0.175516 0.360688 -0.941476 -0.175515 0.463612 -0.896125 -0.171189 -0.463612
-0.896126 -0.171189 -0.199868 -0.990382 -0.162933 0.199867 -0.990382 -0.162933 -0.594816 -0.832792
0.00465594 0.594816 -0.832794 0.00465624 -0.14296 -1.00116 -0.156933 0.142959 -1.00116 -0.156933
-0.570798 -0.829973 -0.181222 0.570798 -0.829974 -0.181221 -0.589974 -0.82202 -0.154432 0.589974
-0.822022 -0.154432 -0.598244 -0.815924 -0.155218 0.598244 -0.815926 -0.155218 -0.582577 -0.82099
-0.185484 0.582577 -0.820992 -0.185483 -0.599279 -0.823799 -0.100985 0.599279 -0.8238 -0.100984
-0.199952 -0.992212 -0.154632 0.199951 -0.992213 -0.154632 -0.0456074 -1.00702 -0.179963 0.0456069
-1.00702 -0.179963 0.185048 -0.996668 -0.144999 -0.185048 -0.996668 -0.144999 -0.466691 -0.892987
-0.182989 0.466691 -0.892988 -0.182989 -0.161145 -0.997758 -0.165446 0.161145 -0.997759 -0.165446
-0.182779 -0.995293 -0.157703 0.182779 -0.995293 -0.157703 -0.590384 -0.834545 -0.0625934 0.590384
-0.834547 -0.0625931 -0.179964 -0.994837 -0.1643 0.179963 -0.994837 -0.164299 -0.589499 -0.822487
-0.158421 0.589499 -0.822489 -0.158421 0.0900158 -1.00558 -0.172605 -0.0900158 -1.00558 -0.172605
0.465632 -0.896125 -0.171189 -0.465631 -0.896126 -0.171189 -0.597372 -0.816555 -0.159851 0.597372
-0.816557 -0.15985 -0.098661 -1.00626 -0.163975 0.0986605 -1.00626 -0.163975 -0.0726429 -1.00764
-0.169521 0.0726425 -1.00764 -0.169521 -0.596443 -0.832879 0.00155827 0.596443 -0.83288 0.00155856
-0.590367 -0.829028 -0.116705 0.590367 -0.829029 -0.116704 -0.160674 -0.999727 -0.155819 0.160674
-0.999727 -0.155819 -0.46801 -0.894427 -0.174934 0.46801 -0.894429 -0.174934 -0.0304231 -1.0092
-0.173982 0.0304228 -1.0092 -0.173982 -0.599256 -0.82871 -0.0620509 0.599256 -0.828711 -0.0620506
-0.099814 -1.00496 -0.17331 0.0998136 -1.00496 -0.17331 -0.0977013 -1.0074 -0.159926 0.0977013
-1.0074 -0.159926 -0.17978 -0.996807 -0.15503 -0.221058 -0.987596 -0.160524 0.179779 -0.996808
-0.15503 0.221057 -0.987597 -0.160524 -0.246234 -0.981575 -0.161134 0.246234 -0.981576 -0.161134
0.0811361 -1.01851 -0.0796404 -0.0811362 -1.01851 -0.0796404 0.183228 -0.997659 -0.146586 -0.183228
-0.997659 -0.146586 -0.221194 -0.988385 -0.157006 0.221193 -0.988385 -0.157006 -0.439309 -0.908637
-0.178598 0.439309 -0.908638 -0.178598 -0.187318 -0.995293 -0.157703 0.187318 -0.995293 -0.157703
-0.268298 -0.976462 -0.158759 0.268298 -0.976463 -0.158759 -0.59612 -0.8173 -0.165475 0.59612
-0.817301 -0.165475 -0.588693 -0.823132 -0.163228 0.588693 -0.823133 -0.163228 -0.599279 -0.823384
-0.11688 0.599279 -0.823386 -0.11688 -0.0736067 -1.00682 -0.177946 0.0736063 -1.00682 -0.177946
-0.588235 -0.819607 -0.181815 0.588235 -0.819609 -0.181814 -0.267719 -0.975699 -0.165302 0.267718
-0.975699 -0.165302 -0.439972 -0.909293 -0.175149 0.439972 -0.909294 -0.175149 0.0153217 -1.0103
-0.174171 -0.0153221 -1.0103 -0.174171 -0.0307873 -1.00884 -0.180571 0.030787 -1.00884 -0.180571
-0.412817 -0.921513 -0.178251 0.412817 -0.921514 -0.178251 -0.597791 -0.833139 -0.00771692 0.597791
-0.83314 -0.00771664 -0.594336 -0.817988 -0.171371 0.594336 -0.817989 -0.171371 -0.57847 -0.827517
-0.179745 0.57847 -0.827519 -0.179744 0.186868 -0.997659 -0.146586 -0.186868 -0.997659 -0.146586
-2.11092e-07 -1.01067 -0.174183 -0.591826 -0.818703 -0.176984 0.591826 -0.818705 -0.176984 -0.558932
-0.840646 -0.181437 0.558932 -0.840647 -0.181437 -0.590368 -0.828714 -0.129387 0.590368 -0.828716
-0.129387 -0.494148 -0.879468 -0.185852 0.494148 -0.87947 -0.185852 -0.587448 -0.823886 -0.168262
0.587448 -0.823888 -0.168262 -0.221289 -0.988942 -0.158978 0.221289 -0.988942 -0.158977 -0.246528
-0.982937 -0.159502 0.246528 -0.982937 -0.159502 -0.495102 -0.88092 -0.177004 0.495102 -0.880921
-0.177004 -0.590363 -0.8349 -0.083104 0.590363 -0.834902 -0.0831037 -0.387361 -0.934236 -0.172308
0.387361 -0.934237 -0.172308 -0.246298 -0.982505 -0.163083 0.246297 -0.982506 -0.163083 -0.574061
-0.829209 -0.188282 0.574061 -0.829211 -0.188281 -0.439703 -0.90991 -0.177053 0.439703 -0.909911
-0.177053 -0.599279 -0.822799 -0.129715 0.599279 -0.8228 -0.129715 -0.0155084 -1.00997 -0.180768
0.0155082 -1.00997 -0.180768 0.100322 -1.00977 -0.152508 -0.100322 -1.00977 -0.152508 -0.386426
-0.933658 -0.178834 0.386426 -0.933659 -0.178834 -0.585653 -0.824775 -0.172984 0.585653 -0.824777
-0.172983 -0.58301 -0.825893 -0.176912 0.58301 -0.825894 -0.176912 -0.599279 -0.829112 -0.0828254
0.599279 -0.829114 -0.0828251 0.0189484 -1.02393 -0.0687743 -0.0189485 -1.02393 -0.0687743 -2.55872e-07
-1.01036 -0.180784 -0.413198 -0.922838 -0.176596 0.413197 -0.922839 -0.176596 -0.598651 -0.833557
-0.0228113 0.598651 -0.833558 -0.022811 -0.412721 -0.922549 -0.180159 0.412721 -0.92255 -0.180159
-0.100331 -1.00989 -0.154836 0.100331 -1.00989 -0.154836 -0.590369 -0.828405 -0.138803 0.590369
-0.828407 -0.138803 -0.520139 -0.866922 -0.17903 0.520139 -0.866924 -0.17903 -0.541823 -0.853216
-0.180624 0.541823 -0.853218 -0.180624 -0.0594152 -1.01061 -0.171482 0.0594147 -1.01061 -0.171482
-0.599279 -0.822246 -0.139243 0.599279 -0.822248 -0.139243 -0.519936 -0.865579 -0.187981 0.519936
-0.86558 -0.187981 -0.314157 -0.964416 -0.162476 0.314157 -0.964417 -0.162476 -0.590984 -0.839939
-0.0239192 0.590984 -0.839941 -0.0239189 -0.591842 -0.839631 -0.00902234 0.591842 -0.839633 -0.00902206
-0.112521 -1.00826 -0.161566 0.112521 -1.00826 -0.161566 0.462801 -0.902792 -0.16201 -0.462802
-0.902793 -0.16201 -0.590363 -0.828211 -0.144952 0.590362 -0.828213 -0.144951 -0.313106 -0.96351
-0.170894 0.313106 -0.963511 -0.170894 -0.56098 -0.839665 -0.189494 0.56098 -0.839666 -0.189494
0.182779 -0.999885 -0.150152 -0.182779 -0.999885 -0.150152 -0.113638 -1.00675 -0.171235 0.113638
-1.00675 -0.171235 -0.599266 -0.82189 -0.145471 0.184038 -0.998269 -0.159287 -0.184038 -0.998269
-0.159287 0.599266 -0.821891 -0.145471 -0.337936 -0.956146 -0.165474 0.337936 -0.956146 -0.165474
-0.0602494 -1.00995 -0.179936 0.060249 -1.00995 -0.179936 -0.590365 -0.835061 -0.10142 0.590365
-0.835063 -0.10142 -0.336789 -0.955287 -0.173886 0.336789 -0.955288 -0.173886 -0.542652 -0.852041
-0.189257 0.542651 -0.852042 -0.189257 -0.599093 -0.83405 -0.0419116 0.599093 -0.834051 -0.0419113
0.464621 -0.902728 -0.16014 -0.464621 -0.902728 -0.16014 -0.590312 -0.828161 -0.148803 0.590312
-0.828163 -0.148803 0.186058 -0.998269 -0.159287 -0.186058 -0.998269 -0.159287 -0.593189 -0.83944
0.0001297 0.593189 -0.839442 0.000129998 -0.599176 -0.821727 -0.149406 0.599176 -0.821729 -0.149406
-0.462352 -0.902938 -0.166211 0.462352 -0.902938 -0.166211 -0.590544 -0.840314 -0.0427695 0.590544
-0.840316 -0.0427692 -0.599279 -0.829175 -0.101377 0.599279 -0.829177 -0.101377 -0.598934 -0.821731
-0.152322 0.598934 -0.821733 -0.152322 -0.0859205 -1.01091 -0.166946 0.0859201 -1.01091 -0.166946
-0.590175 -0.828265 -0.151572 0.590174 -0.828267 -0.151572 -0.291285 -0.973098 -0.160085 0.291284
-0.973099 -0.160085 0.187318 -0.999885 -0.150152 -0.187318 -0.999885 -0.150152 -0.200705 -0.995305
-0.162965 0.200705 -0.995305 -0.162965 -0.467059 -0.897823 -0.182779 0.467059 -0.897824 -0.182778
-0.290372 -0.97215 -0.168511 0.290372 -0.972151 -0.168511 -0.598481 -0.821938 -0.155556 0.598481
-0.82194 -0.155556 -0.0453744 -1.01299 -0.172671 0.0453738 -1.01299 -0.172671 -0.200756 -0.996673
-0.156511 0.200755 -0.996673 -0.156511 -0.468059 -0.898888 -0.176513 0.468059 -0.898889 -0.176513
-0.582996 -0.826943 -0.185968 0.582996 -0.826944 -0.185967 -0.5899 -0.828541 -0.154479 0.5899
-0.828543 -0.154478 -0.594816 -0.839376 0.00317466 0.594816 -0.839378 0.00317495 -0.08706 -1.00982
-0.176315 0.0870596 -1.00982 -0.176315 0.466441 -0.902792 -0.16201 -0.466441 -0.902793 -0.16201
-0.362662 -0.948118 -0.168754 0.362662 -0.948119 -0.168753 0.463612 -0.903054 -0.16958 -0.463612
-0.903054 -0.16958 -0.597741 -0.822377 -0.160123 0.597741 -0.822378 -0.160123 -0.590383 -0.840695
-0.0634251 0.590384 -0.840697 -0.0634248 0.00982445 -1.02689 -0.0689498 -0.00982452 -1.02689 -0.0689498
-0.570978 -0.836966 -0.181369 0.570978 -0.836967 -0.181368 -0.36146 -0.947313 -0.177164 0.36146
-0.947314 -0.177164 0.102154 -1.01253 -0.154353 -0.102154 -1.01253 -0.154353 -0.599256 -0.834519
-0.0628412 0.599256 -0.83452 -0.0628409 -0.24716 -0.986554 -0.158495 0.247159 -0.986554 -0.158495
-0.590367 -0.835068 -0.116981 0.590367 -0.83507 -0.11698 -0.589429 -0.829004 -0.158448 0.589429
-0.829006 -0.158448 -0.246742 -0.985764 -0.165044 0.246741 -0.985765 -0.165044 -0.0460367 -1.01244
-0.181147 0.0460362 -1.01244 -0.181147 -0.599279 -0.828982 -0.117138 0.599279 -0.828984 -0.117138
-0.596443 -0.839438 0.000107318 0.596443 -0.839439 0.000107601 -0.127511 -1.00929 -0.159742 0.127511
-1.00929 -0.159742 -0.413822 -0.926499 -0.175498 0.413822 -0.9265 -0.175498 -0.128479 -1.00763
-0.169452 0.128479 -1.00763 -0.169452 0.184038 -1.00167 -0.153011 -0.184038 -1.00167 -0.153011
-0.596576 -0.822977 -0.165693 0.596576 -0.822978 -0.165693 0.0306363 -1.01475 -0.173244 -0.0306367
-1.01475 -0.173244 -0.466891 -0.902938 -0.166211 0.466891 -0.902938 -0.166211 0.465632 -0.903054
-0.16958 -0.465631 -0.903054 -0.16958 -0.41295 -0.92597 -0.182014 0.41295 -0.925972 -0.182014
-0.588699 -0.825469 -0.182198 0.588699 -0.82547 -0.182198 0.186058 -1.00167 -0.153011 -0.186058
-1.00167 -0.153011 -0.588654 -0.829648 -0.163223 0.588654 -0.82965 -0.163222 -0.594826 -0.823667
-0.171613 0.594827 -0.823668 -0.171613 -0.439866 -0.914033 -0.181263 0.439866 -0.914034 -0.181262
-0.225914 -0.992318 -0.161934 0.225913 -0.992318 -0.161934 -3.20142e-08 -1.0282 -0.0690238 -0.592315
-0.824468 -0.177293 0.592315 -0.824469 -0.177293 -0.0154346 -1.01585 -0.173424 0.0154342 -1.01585
-0.173424 -0.180993 -1.00114 -0.165027 0.180993 -1.00115 -0.165027 0.0966765 -1.01264 -0.166008
-0.0966765 -1.01264 -0.166008 -0.597791 -0.839625 -0.00907746 0.597791 -0.839627 -0.00907718 -0.590368
-0.834988 -0.129545 0.590368 -0.83499 -0.129545 -0.599279 -0.828664 -0.129864 0.599279 -0.828666
-0.129863 -0.269282 -0.982361 -0.158627 0.269281 -0.982362 -0.158627 -0.0310957 -1.01429 -0.181738
0.0310953 -1.01429 -0.181738 -2.11092e-07 -1.01623 -0.173435 0.0742808 -1.02521 -0.0792221 -0.0742809
-1.02521 -0.0792221 -0.590363 -0.841022 -0.0837376 0.590362 -0.841023 -0.0837373 -0.180808 -1.00283
-0.156693 0.180807 -1.00283 -0.156693 -0.587455 -0.830466 -0.168247 0.587455 -0.830468 -0.168247
-0.599279 -0.834866 -0.083423 0.599279 -0.834868 -0.0834227 -0.268544 -0.981375 -0.167062 0.268544
-0.981376 -0.167062 -0.467418 -0.900907 -0.18177 0.467418 -0.900909 -0.181769 -0.578627 -0.834419
-0.179786 0.578627 -0.834421 -0.179786 -0.467959 -0.901475 -0.178338 0.467959 -0.901477 -0.178338
-0.494404 -0.88567 -0.186147 0.494404 -0.885671 -0.186147 -0.144651 -1.00716 -0.168015 0.144651
-1.00716 -0.168015 -0.495231 -0.886889 -0.178185 0.495231 -0.886891 -0.178185 -0.0731753 -1.01469
-0.169461 0.0731749 -1.01469 -0.169461 -0.1439 -1.00892 -0.158359 0.1439 -1.00892 -0.158359
-0.201223 -0.998486 -0.16208 0.201222 -0.998487 -0.16208 -0.440176 -0.915323 -0.179605 0.440176
-0.915324 -0.179605 -0.201246 -0.999219 -0.158547 0.201246 -0.99922 -0.158547 -0.226155 -0.993649
-0.16029 0.226154 -0.99365 -0.16029 -0.162207 -1.00506 -0.166643 0.162207 -1.00506 -0.166642
-0.439786 -0.915064 -0.183149 0.439785 -0.915065 -0.183149 -0.585714 -0.831461 -0.172975 0.585714
-0.831462 -0.172974 -0.388315 -0.940199 -0.172029 0.388315 -0.9402 -0.172029 -0.226022 -0.993207
-0.163874 0.226022 -0.993208 -0.163874 -0.598651 -0.839928 -0.0240247 0.598651 -0.839929 -0.0240244
-0.0156693 -1.01543 -0.18193 0.015669 -1.01543 -0.18193 -0.161729 -1.00684 -0.157343 0.161729
-1.00685 -0.157343 -0.583124 -0.83269 -0.176913 0.583124 -0.832691 -0.176913 -0.599279 -0.828352
-0.139311 0.599279 -0.828354 -0.139311 -0.574336 -0.836212 -0.188721 0.574336 -0.836213 -0.188721
-0.590369 -0.834889 -0.138873 0.590369 -0.83489 -0.138873 -0.38711 -0.939452 -0.180441 0.38711
-0.939453 -0.180441 -1.21532e-07 -1.01583 -0.181944 -0.467732 -0.902137 -0.18019 0.467732 -0.902138
-0.18019 -0.559167 -0.848153 -0.181888 0.559167 -0.848154 -0.181888 -0.0742273 -1.0138 -0.178864
0.0742268 -1.0138 -0.178864 -0.0992835 -1.01408 -0.16459 0.0992831 -1.01408 -0.16459 0.597644
-0.832344 -0.124572 -0.597644 -0.832344 -0.124572 -0.590984 -0.846142 -0.0251199 0.590983 -0.846144
-0.0251196 -0.591842 -0.845887 -0.0103643 0.591842 -0.845889 -0.010364 -0.201402 -0.999807 -0.160506
0.201402 -0.999808 -0.160505 -0.599268 -0.828155 -0.145491 0.599268 -0.828157 -0.145491 -0.100467
-1.01279 -0.174293 0.100467 -1.01279 -0.174293 -0.590363 -0.834832 -0.144966 0.590363 -0.834834
-0.144965 -0.590364 -0.841247 -0.101877 0.590364 -0.841249 -0.101877 -0.599279 -0.83502 -0.101803
0.599279 -0.835022 -0.101803 -0.520315 -0.873915 -0.179909 0.520315 -0.873916 -0.179908 -0.599093
-0.840296 -0.0429389 0.599093 -0.840297 -0.0429386 -0.599192 -0.828101 -0.149425 0.599192 -0.828102
-0.149425 -0.593189 -0.84573 -0.00129889 0.593189 -0.845732 -0.00129859 -0.590544 -0.846461 -0.0437917
0.590543 -0.846462 -0.0437914 -0.542034 -0.860727 -0.18128 0.542034 -0.860728 -0.18128 -0.590315
-0.834863 -0.148791 0.590314 -0.834865 -0.148791 -0.520135 -0.872717 -0.188564 0.520135 -0.872718
-0.188564 -0.598985 -0.828195 -0.152391 0.598985 -0.828197 -0.152391 -0.600195 -0.832488 -0.123136
0.600195 -0.832488 -0.123136 -0.590182 -0.83502 -0.151557 0.590182 -0.835021 -0.151556 -0.600195
-0.8322 -0.126009 0.600195 -0.832201 -0.126009 -0.0599311 -1.01774 -0.171344 0.0599307 -1.01774
-0.171344 -0.5612 -0.847232 -0.190017 0.5612 -0.847234 -0.190017 -0.598584 -0.828453 -0.155675
0.598585 -0.828455 -0.155674 -0.594816 -0.845677 0.00171757 0.594816 -0.845679 0.00171787 -0.589923
-0.835342 -0.154472 0.589923 -0.835344 -0.154472 -0.542851 -0.859648 -0.189903 0.542851 -0.859649
-0.189902 -0.590383 -0.846801 -0.0642515 0.590383 -0.846802 -0.0642513 -0.599256 -0.840669 -0.0636645
0.599256 -0.840671 -0.0636642 -0.599279 -0.835021 -0.117417 0.599279 -0.835023 -0.117417 -0.590366
-0.841384 -0.117287 0.590366 -0.841386 -0.117287 -0.597909 -0.828887 -0.160246 0.597909 -0.828888
-0.160246 -0.583294 -0.833849 -0.186271 0.583294 -0.83385 -0.186271 -0.440684 -0.918911 -0.178481
0.440684 -0.918913 -0.178481 -0.0608373 -1.01701 -0.180776 0.060837 -1.01701 -0.180776 -0.596443
-0.845728 -0.00131974 0.183228 -1.00834 -0.143832 0.596443 -0.845729 -0.00131944 -0.183228 -1.00834
-0.143832 0.185048 -1.00827 -0.141962 -0.185048 -1.00827 -0.141962 -0.226731 -0.997164 -0.15925
0.226731 -0.997165 -0.15925 -0.589482 -0.835861 -0.158453 0.589482 -0.835863 -0.158452 -0.248096
-0.992302 -0.158329 0.248095 -0.992303 -0.158329 -0.315453 -0.972224 -0.163022 0.315453 -0.972225
-0.163022 -0.439968 -0.918437 -0.184961 0.439968 -0.918438 -0.184961 -0.226493 -0.996356 -0.165803
0.226493 -0.996357 -0.165803 -0.596803 -0.829486 -0.16581 0.596804 -0.829488 -0.16581 -0.247568
-0.991283 -0.166772 0.247567 -0.991284 -0.166771 -0.314291 -0.971211 -0.17241 0.314291 -0.971212
-0.17241 -0.339236 -0.963964 -0.165968 0.339236 -0.963964 -0.165968 -0.414648 -0.932379 -0.175176
0.414648 -0.93238 -0.175176 -0.495292 -0.891388 -0.179576 0.495292 -0.891389 -0.179576 -0.494665
-0.890489 -0.185767 0.494665 -0.89049 -0.185767 -0.113226 -1.0164 -0.162582 0.113225 -1.0164
-0.162582 -0.571237 -0.844409 -0.18162 0.571237 -0.84441 -0.181619 -0.337962 -0.963004 -0.175349
0.337962 -0.963005 -0.175349 0.186868 -1.00834 -0.143832 -0.186868 -1.00834 -0.143832 -0.182779
-1.00848 -0.148033 0.182779 -1.00848 -0.148033 -0.181784 -1.00609 -0.164962 0.181783 -1.00609
-0.164962 0.045817 -1.02016 -0.172485 -0.0458174 -1.02016 -0.172485 -0.413522 -0.931697 -0.183575
0.413522 -0.931698 -0.183575 -0.181629 -1.00734 -0.158486 0.181629 -1.00734 -0.158486 -0.589002
-0.832265 -0.182428 0.589002 -0.832266 -0.182428 -0.114347 -1.01496 -0.17232 0.114346 -1.01496
-0.17232 -0.595095 -0.83024 -0.171755 0.595095 -0.830242 -0.171755 -0.597791 -0.845881 -0.0104156
0.597791 -0.845883 -0.0104153 -0.588748 -0.83658 -0.16324 0.588748 -0.836581 -0.16324 -0.599279
-0.834937 -0.130025 0.599279 -0.834938 -0.130025 -0.590361 -0.847121 -0.0843716 0.590361 -0.847122
-0.0843713 -0.590367 -0.841459 -0.12973 0.590367 -0.84146 -0.12973 -0.292546 -0.980841 -0.160664
0.292546 -0.980841 -0.160664 -0.599279 -0.840988 -0.0840457 0.599279 -0.84099 -0.0840455 -0.592607
-0.831148 -0.177477 0.592607 -0.83115 -0.177477 -0.0865651 -1.01888 -0.167387 0.0865646 -1.01888
-0.167387 -0.291541 -0.979781 -0.17006 0.291541 -0.979782 -0.17006 -0.187318 -1.00848 -0.148033
0.187318 -1.00848 -0.148033 0.184038 -1.0086 -0.151402 -0.184038 -1.0086 -0.151402 0.0836424
-1.01793 -0.175773 -0.0836425 -1.01793 -0.175773 -0.467052 -0.906748 -0.183986 0.467052 -0.906749
-0.183986 0.101734 -1.01986 -0.155279 -0.101734 -1.01986 -0.155279 -0.0465343 -1.01957 -0.181941
0.046534 -1.01957 -0.181941 -0.363914 -0.955902 -0.16919 0.363913 -0.955903 -0.16919 0.186058
-1.0086 -0.151402 -0.186058 -1.0086 -0.151402 -0.598651 -0.846131 -0.0252182 0.598651 -0.846133
-0.0252179 -0.587597 -0.837494 -0.168285 0.587597 -0.837495 -0.168284 -0.0877249 -1.01781 -0.177123
0.0877244 -1.01781 -0.177123 0.0659542 -1.03176 -0.0791061 -0.0659543 -1.03176 -0.0791061 -0.0309589
-1.02195 -0.173033 0.0309585 -1.02195 -0.173033 0.101736 -1.01996 -0.15715 -0.101736 -1.01996
-0.15715 -0.362575 -0.955002 -0.178569 0.362575 -0.955003 -0.178569 -0.590983 -0.85177 -0.0262276
0.590983 -0.851772 -0.0262273 -0.599279 -0.834834 -0.139385 -0.591842 -0.851528 -0.0116005 0.599279
-0.834836 -0.139385 0.591842 -0.85153 -0.0116002 -0.206196 -1.00328 -0.163478 0.206196 -1.00328
-0.163478 -0.590368 -0.841497 -0.138968 0.590368 -0.841499 -0.138968 -0.467259 -0.907997 -0.182334
0.467259 -0.907998 -0.182334 -0.578881 -0.841774 -0.179926 0.578881 -0.841775 -0.179925 -0.585902
-0.838597 -0.173035 0.585903 -0.838599 -0.173035 -0.606998 -0.832541 -0.122597 0.606998 -0.832542
-0.122597 -0.467022 -0.907769 -0.185835 0.467022 -0.90777 -0.185835 -0.593189 -0.851379 -0.00261401
0.593189 -0.851381 -0.00261374 -0.590543 -0.852076 -0.0447367 0.590543 -0.852078 -0.0447364 0.0156033
-1.02305 -0.173204 -0.0156037 -1.02305 -0.173204 -0.606998 -0.832147 -0.126548 0.606998 -0.832147
-0.126548 -0.590363 -0.847387 -0.102339 0.590363 -0.847388 -0.102339 -0.583352 -0.839939 -0.177
0.583352 -0.83994 -0.176999 -0.128327 -1.01723 -0.160958 0.128326 -1.01723 -0.160958 -0.599269
-0.834775 -0.14551 0.599269 -0.834776 -0.145509 -0.599279 -0.841207 -0.102247 0.599279 -0.841209
-0.102246 -0.599093 -0.846443 -0.0439494 0.599093 -0.846445 -0.0439491 0.463612 -0.91232 -0.17353
-0.463612 -0.91232 -0.17353 -0.495248 -0.89402 -0.181277 0.495248 -0.894021 -0.181276 -2.11092e-07
-1.02343 -0.173213 -0.494909 -0.893541 -0.184667 -0.129299 -1.01569 -0.170638 0.129299 -1.01569
-0.170638 0.494909 -0.893543 -0.184667 -0.163136 -1.01144 -0.167251 0.163136 -1.01144 -0.167251
-0.0314546 -1.02144 -0.182508 0.0314542 -1.02144 -0.182508 -0.574575 -0.843698 -0.189042 0.574575
-0.8437 -0.189042 -0.590363 -0.841532 -0.145003 0.590363 -0.841533 -0.145003 -0.162693 -1.01297
-0.158895 0.162692 -1.01297 -0.158895 -0.520483 -0.879919 -0.180877 0.520483 -0.879921 -0.180877
-0.20638 -1.00458 -0.161822 0.20638 -1.00459 -0.161822 0.462352 -0.913903 -0.170554 -0.462352
-0.913904 -0.170554 -0.20635 -1.00414 -0.165408 0.20635 -1.00414 -0.165408 -0.599197 -0.834801
-0.149419 0.599197 -0.834802 -0.149419 -0.559429 -0.855642 -0.182302 0.559429 -0.855644 -0.182302
-0.270496 -0.989972 -0.159204 0.270496 -0.989973 -0.159203 -0.594816 -0.851329 0.000376657 0.594816
-0.85133 0.000376925 -0.182244 -1.00927 -0.164016 0.182244 -1.00927 -0.164016 -0.520332 -0.878917
-0.188663 0.520332 -0.878918 -0.188663 -0.182157 -1.00994 -0.160472 0.182156 -1.00994 -0.160472
-0.590321 -0.841618 -0.148794 0.590321 -0.841619 -0.148794 -0.26969 -0.98887 -0.16861 0.26969
-0.988871 -0.16861 -0.144833 -1.01618 -0.15973 0.144832 -1.01618 -0.15973 -0.145571 -1.01459
-0.169052 0.14557 -1.01459 -0.169052 -0.599004 -0.834948 -0.152387 0.599004 -0.834949 -0.152387
-0.495112 -0.894728 -0.183072 0.495112 -0.894729 -0.183072 0.465632 -0.91232 -0.17353 -0.465631
-0.91232 -0.17353 -0.0158569 -1.02259 -0.182691 0.0158564 -1.02259 -0.182691 -0.590382 -0.852411
-0.0650183 0.590382 -0.852413 -0.0650181 -2.11092e-07 -1.02299 -0.182704 -0.389454 -0.947914 -0.172412
0.389454 -0.947915 -0.172412 -0.590206 -0.841816 -0.151544 0.590205 -0.841817 -0.151544 -0.542266
-0.867736 -0.181926 0.542266 -0.867737 -0.181926 -0.598627 -0.835252 -0.155687 0.598627 -0.835253
-0.155687 -0.599256 -0.846776 -0.0644744 0.599256 -0.846777 -0.0644741 -0.0738361 -1.02279 -0.169773
0.0738358 -1.0228 -0.169773 -0.596443 -0.851377 -0.00263286 0.596443 -0.851378 -0.00263256 -0.38811
-0.947079 -0.181793 0.38811 -0.94708 -0.181792 -0.590365 -0.847597 -0.117603 0.590364 -0.847598
-0.117603 -0.599279 -0.841338 -0.117709 0.599279 -0.84134 -0.117709 0.462801 -0.915878 -0.166843
-0.462802 -0.915878 -0.166843 -0.182365 -1.01057 -0.162417 0.182365 -1.01057 -0.162417 -0.589976
-0.842178 -0.15446 0.589975 -0.84218 -0.154459 -0.441355 -0.924686 -0.178108 0.441354 -0.924687
-0.178107 -0.597987 -0.835741 -0.16028 0.597986 -0.835743 -0.16028 -0.561421 -0.854796 -0.190422
0.561421 -0.854798 -0.190422 -0.0748988 -1.02191 -0.179542 0.0748985 -1.02191 -0.179542 0.466891
-0.913903 -0.170554 -0.466891 -0.913904 -0.170554 -0.467626 -0.911499 -0.18118 0.467626 -0.9115
-0.181179 -0.543044 -0.866775 -0.190261 0.543043 -0.866776 -0.190261 -0.597791 -0.851522 -0.0116469
0.597791 -0.851524 -0.0116466 -0.227619 -1.00274 -0.159031 0.227619 -1.00274 -0.159031 -0.440427
-0.924072 -0.186461 -0.0999742 -1.0224 -0.165393 0.0999738 -1.0224 -0.165393 0.440427 -0.924073
-0.186461 -0.59036 -0.852738 -0.0849631 0.59036 -0.85274 -0.0849628 -0.589575 -0.842748 -0.158456
0.589575 -0.84275 -0.158456 -0.583532 -0.841231 -0.186479 0.583533 -0.841233 -0.186479 -0.227323
-1.0017 -0.167479 0.227323 -1.0017 -0.167479 -0.596921 -0.836416 -0.165869 0.596922 -0.836418
-0.165869 -0.590982 -0.856417 -0.0271655 0.590982 -0.856419 -0.0271652 -0.591842 -0.856169 -0.0126459
0.591841 -0.85617 -0.0126456 -0.467189 -0.911081 -0.187581 0.467189 -0.911082 -0.187581 -0.464621
-0.916757 -0.165192 0.464621 -0.916757 -0.165192 -0.101148 -1.02118 -0.175161 0.101148 -1.02118
-0.175161 -0.599279 -0.847088 -0.0846584 0.599279 -0.84709 -0.0846582 -0.599279 -0.841408 -0.130194
0.599279 -0.84141 -0.130194 -0.590366 -0.847756 -0.129928 0.590366 -0.847757 -0.129928 0.466441
-0.915878 -0.166843 -0.466441 -0.915878 -0.166843 -0.598651 -0.85176 -0.0263164 0.598651 -0.851762
-0.0263161 -0.593189 -0.856016 -0.00372535 0.593189 -0.856017 -0.00372505 -0.206897 -1.00801 -0.160747
0.206897 -1.00801 -0.160747 -0.590542 -0.856732 -0.0455386 0.590542 -0.856733 -0.0455383 -0.595253
-0.837269 -0.171845 0.595253 -0.83727 -0.171845 -0.613801 -0.832488 -0.123136 0.613801 -0.832488
-0.123136 -0.588887 -0.843535 -0.163269 0.588887 -0.843536 -0.163269 -0.613801 -0.8322 -0.126009
0.613801 -0.832201 -0.126009 -0.206847 -1.00719 -0.167304 0.206847 -1.00719 -0.167304 -0.589224
-0.83953 -0.182581 0.589224 -0.839531 -0.182581 -0.571525 -0.851842 -0.181873 0.571525 -0.851843
-0.181872 -0.0605673 -1.02595 -0.171568 0.0605668 -1.02595 -0.171568 -0.592801 -0.838292 -0.177599
0.592801 -0.838293 -0.177599 0.0576697 -1.03747 -0.079048 -0.0576697 -1.03747 -0.079048 -0.520611
-0.884458 -0.182107 0.520611 -0.884459 -0.182106 -0.594816 -0.855964 -0.000756115 0.594816 -0.855966
-0.000755832 -0.599279 -0.841443 -0.139463 0.599279 -0.841445 -0.139463 -0.590361 -0.853028 -0.102774
0.590361 -0.853029 -0.102774 -0.590366 -0.847868 -0.139079 0.590367 -0.84787 -0.139079 -0.249267
-0.999715 -0.158862 0.249267 -0.999716 -0.158862 -0.599093 -0.85206 -0.0448792 0.599093 -0.852061
-0.0448789 -0.587784 -0.844536 -0.168338 0.587784 -0.844537 -0.168338 -0.415626 -0.939993 -0.175502
0.415626 -0.939994 -0.175501 -0.5205 -0.88372 -0.18816 0.5205 -0.883721 -0.188159 -0.248695
-0.998577 -0.168277 0.248695 -0.998577 -0.168277 -0.590381 -0.857077 -0.0656712 0.59038 -0.857078
-0.0656709 -0.599279 -0.847348 -0.102683 0.599279 -0.84735 -0.102683 0.0614763 -1.02521 -0.181365
-0.0614768 -1.02521 -0.181365 -0.163828 -1.01643 -0.167101 0.163828 -1.01643 -0.167101 -0.163477
-1.01757 -0.16061 0.163477 -1.01757 -0.16061 -0.414368 -0.93923 -0.184868 0.414368 -0.939231
-0.184868 0.0939051 -1.0244 -0.172709 -0.0939051 -1.0244 -0.172709 -0.493881 -0.89972 -0.186315
0.493881 -0.899721 -0.186315 -0.616352 -0.832344 -0.124572 0.616352 -0.832344 -0.124572 0.463612
-0.917369 -0.178552 -0.463612 -0.917369 -0.178552 -0.599269 -0.841475 -0.145529 0.599269 -0.841477
-0.145528 -0.596443 -0.856014 -0.00374202 0.596443 -0.856015 -0.00374173 -0.590364 -0.847955 -0.145055
0.590364 -0.847956 -0.145055 -0.586133 -0.845741 -0.173113 0.586133 -0.845742 -0.173113 -0.579168
-0.849123 -0.180083 0.579168 -0.849124 -0.180083 -0.591841 -0.859604 -0.0134542 0.591841 -0.859606
-0.0134539 -0.590982 -0.859861 -0.0278918 0.590982 -0.859863 -0.0278915 -0.113953 -1.02454 -0.163595
0.113953 -1.02454 -0.163595 -0.599199 -0.841557 -0.149405 0.5992 -0.841558 -0.149404 -0.0463614
-1.02843 -0.172655 0.0463609 -1.02843 -0.172655 -0.583618 -0.847188 -0.177106 0.583618 -0.84719
-0.177106 -0.49395 -0.900925 -0.18468 0.49395 -0.900926 -0.18468 -0.590343 -0.848089 -0.148797
0.590343 -0.848091 -0.148797 -0.599256 -0.852387 -0.0652197 0.599256 -0.852389 -0.0652195 -0.316903
-0.981208 -0.164035 0.316903 -0.981208 -0.164035 -0.115064 -1.0232 -0.173299 0.115064 -1.0232
-0.173299 0.465632 -0.917369 -0.178552 -0.465631 -0.917369 -0.178552 -0.590362 -0.853272 -0.117905
0.590362 -0.853273 -0.117905 -0.597791 -0.856163 -0.0126869 0.597791 -0.856165 -0.0126866 -0.593189
-0.859446 -0.00458397 0.593189 -0.859448 -0.00458369 -0.599011 -0.841745 -0.152358 0.599012 -0.841746
-0.152357 -0.315709 -0.980154 -0.173781 0.315709 -0.980155 -0.17378 -0.340686 -0.972961 -0.166921
0.340685 -0.972962 -0.166921 -0.493945 -0.900729 -0.188105 0.493945 -0.90073 -0.188105 -0.574802
-0.851185 -0.189292 0.574802 -0.851187 -0.189292 -0.590541 -0.860187 -0.0461611 0.590541 -0.860189
-0.0461609 -0.559718 -0.862639 -0.182763 0.559718 -0.86264 -0.182763 -0.186964 -1.01415 -0.165476
0.186963 -1.01415 -0.165476 -0.590358 -0.857415 -0.0854694 0.590358 -0.857417 -0.0854691 -0.590277
-0.848347 -0.151494 0.590277 -0.848349 -0.151494 -0.33937 -0.971963 -0.176659 0.33937 -0.971964
-0.176659 -0.542505 -0.873763 -0.182716 0.542505 -0.873765 -0.182715 -0.0872753 -1.02738 -0.168017
0.087275 -1.02738 -0.168017 -0.599279 -0.847553 -0.117996 0.599279 -0.847554 -0.117996 -0.598648
-0.842089 -0.155663 0.598648 -0.842091 -0.155663 0.462352 -0.920228 -0.176767 -0.462352 -0.920228
-0.176767 -0.520677 -0.887134 -0.183691 0.520677 -0.887136 -0.183691 -0.0470776 -1.02782 -0.182475
0.0470771 -1.02782 -0.182475 -0.293961 -0.989747 -0.161714 0.293961 -0.989748 -0.161714 -0.520618
-0.886742 -0.187005 0.520617 -0.886744 -0.187005 -0.594816 -0.859393 -0.00163098 0.594816 -0.859394
-0.00163071 0.0313529 -1.03024 -0.173175 -0.0313534 -1.03024 -0.173175 -0.590112 -0.84875 -0.154391
0.590112 -0.848751 -0.154391 -0.598651 -0.856407 -0.0272441 0.598651 -0.856408 -0.0272438 -0.145689
-1.02244 -0.161174 0.145689 -1.02244 -0.161174 -0.292936 -0.988644 -0.171469 0.292935 -0.988645
-0.171469 -0.14636 -1.02107 -0.169547 0.146359 -1.02107 -0.169547 -0.0884151 -1.02635 -0.177816
0.0884146 -1.02635 -0.177816 -0.12913 -1.02467 -0.162175 0.12913 -1.02467 -0.162175 -0.18709
-1.01543 -0.163812 0.187089 -1.01543 -0.163811 -0.46813 -0.917144 -0.180738 0.46813 -0.917145
-0.180738 -0.187161 -1.01499 -0.167398 0.18716 -1.01499 -0.167398 -0.543195 -0.87296 -0.190212
0.543195 -0.872962 -0.190211 -0.365305 -0.964863 -0.170076 0.365305 -0.964864 -0.170076 -0.598032
-0.842629 -0.160282 0.598032 -0.842631 -0.160281 -0.130072 -1.02326 -0.171516 0.130072 -1.02327
-0.171516 -0.590379 -0.860544 -0.0661801 0.590379 -0.860545 -0.0661798 -0.599279 -0.852707 -0.0852224
0.599279 -0.852709 -0.0852221 0.0755487 -1.0279 -0.177177 -0.0755487 -1.0279 -0.177177 -0.520678
-0.887888 -0.18542 0.520678 -0.887889 -0.18542 -0.590364 -0.853468 -0.130123 0.590363 -0.853469
-0.130123 -0.363919 -0.963926 -0.179812 0.363918 -0.963927 -0.179812 -0.0158105 -1.03135 -0.173335
0.0158101 -1.03135 -0.173336 0.0509314 -1.04172 -0.0791248 -0.0509315 -1.04172 -0.0791248 0.184038
-1.01786 -0.155352 -0.184038 -1.01786 -0.155352 -0.591841 -0.862352 -0.0141352 0.591841 -0.862354
-0.0141349 -0.164203 -1.01962 -0.166103 0.164202 -1.01962 -0.166103 -0.590982 -0.862625 -0.0285047
0.590981 -0.862626 -0.0285044 -0.164009 -1.02024 -0.162551 0.164008 -1.02024 -0.162551 -0.589774
-0.849315 -0.158435 0.589774 -0.849317 -0.158435 -0.596443 -0.859444 -0.00459859 0.596443 -0.859446
-0.0045983 -0.467559 -0.916603 -0.188992 0.467558 -0.916604 -0.188991 -2.11092e-07 -1.03173 -0.173343
-0.561608 -0.861885 -0.190614 0.561608 -0.861887 -0.190614 -0.599279 -0.847707 -0.13036 0.599279
-0.847709 -0.13036 0.186058 -1.01786 -0.155352 -0.186058 -1.01786 -0.155352 0.0318467 -1.02972
-0.183013 -0.0318471 -1.02972 -0.183013 -0.59036 -0.857718 -0.10315 0.590359 -0.85772 -0.103149
-0.599093 -0.856715 -0.0456647 0.599093 -0.856717 -0.0456645 -0.597001 -0.843373 -0.165906 0.597001
-0.843374 -0.165906 -0.593189 -0.862185 -0.00530669 0.593189 -0.862187 -0.00530641 -0.590541 -0.862969
-0.0466879 0.590541 -0.862971 -0.0466876 -0.494157 -0.904327 -0.183492 0.494157 -0.904329 -0.183492
-0.583749 -0.848617 -0.186644 0.583749 -0.848618 -0.186643 0.182779 -1.01945 -0.152376 -0.182779
-1.01945 -0.152377 -0.207731 -1.01343 -0.160473 0.207731 -1.01343 -0.160473 0.466891 -0.920228
-0.176767 -0.466891 -0.920228 -0.176767 -0.442148 -0.932168 -0.178361 0.442148 -0.932169 -0.178361
-0.164257 -1.02091 -0.164484 0.164256 -1.02091 -0.164484 -0.589141 -0.850098 -0.16332 0.589141
-0.8501 -0.16332 -0.597791 -0.859599 -0.0134902 0.597791 -0.859601 -0.0134899 0.0160618 -1.03088
-0.183185 -0.0160622 -1.03088 -0.183185 -0.590364 -0.853612 -0.139195 0.590364 -0.853614 -0.139194
-0.207676 -1.01238 -0.168925 0.207675 -1.01238 -0.168925 -0.595372 -0.844316 -0.171916 0.595372
-0.844317 -0.171916 -0.590357 -0.860894 -0.0858664 0.590357 -0.860896 -0.0858662 -0.271866 -0.998725
-0.160252 0.271865 -0.998725 -0.160252 -0.594816 -0.862129 -0.00236715 0.594816 -0.86213 -0.00236686
-2.11092e-07 -1.03127 -0.183196 -0.494142 -0.903967 -0.189756 0.494142 -0.903969 -0.189756 -0.599279
-0.852991 -0.103085 0.599279 -0.852992 -0.103085 -0.599279 -0.847817 -0.13954 0.599279 -0.847818
-0.13954 -0.441109 -0.931481 -0.187677 0.441108 -0.931482 -0.187677 -0.271049 -0.997578 -0.170018
0.271049 -0.997579 -0.170018 0.187318 -1.01945 -0.152376 -0.187318 -1.01945 -0.152377 -0.228749
-1.00993 -0.159495 0.228748 -1.00993 -0.159494 -0.571852 -0.858792 -0.182202 0.571852 -0.858794
-0.182202 -0.589416 -0.8468 -0.182703 0.589416 -0.846802 -0.182703 -0.592959 -0.845446 -0.177697
0.592959 -0.845448 -0.177697 -0.599256 -0.857053 -0.0658495 0.599256 -0.857055 -0.0658492 0.462801
-0.923793 -0.17454 -0.462802 -0.923794 -0.174541 -0.390716 -0.956798 -0.173236 0.390716 -0.956799
-0.173236 -0.228435 -1.00876 -0.168916 0.228434 -1.00877 -0.168916 -0.590379 -0.863347 -0.0666124
0.590379 -0.863348 -0.0666122 -0.0745612 -1.03143 -0.170272 0.0745609 -1.03144 -0.170272 -0.590368
-0.853725 -0.145113 0.590368 -0.853726 -0.145112 -0.598651 -0.859851 -0.0279607 0.598651 -0.859853
-0.0279605 -0.590361 -0.857975 -0.11817 0.59036 -0.857977 -0.118169 -0.588081 -0.851147 -0.168443
0.58808 -0.851148 -0.168443 0.463284 -0.922164 -0.183645 -0.463283 -0.922164 -0.183645 -0.38932
-0.955929 -0.182973 0.38932 -0.95593 -0.182973 -0.591841 -0.865111 -0.0148374 0.591841 -0.865112
-0.0148371 0.183228 -1.02142 -0.148666 -0.183228 -1.02142 -0.148666 -0.590982 -0.865414 -0.0291372
0.590981 -0.865415 -0.0291369 -0.596443 -0.862183 -0.00531948 0.596443 -0.862184 -0.00531921 -0.599268
-0.8479 -0.145545 0.599268 -0.847902 -0.145544 -0.187542 -1.01879 -0.162712 0.187542 -1.01879
-0.162712 -0.54274 -0.878332 -0.183803 0.542739 -0.878333 -0.183803 -0.59039 -0.853909 -0.148775
0.59039 -0.853911 -0.148775 -0.593189 -0.864924 -0.00605169 0.593189 -0.864926 -0.00605141 -0.187675
-1.01798 -0.16927 0.187675 -1.01798 -0.16927 -0.100678 -1.03073 -0.166225 0.100677 -1.03073
-0.166225 -0.0755961 -1.03058 -0.1801 0.0755957 -1.03058 -0.1801 0.186868 -1.02142 -0.148666
-0.186868 -1.02142 -0.148666 -0.0452206 -1.04506 -0.0792432 0.0452205 -1.04506 -0.0792432 -0.59919
-0.84803 -0.149365 0.59919 -0.848032 -0.149364 -0.59054 -0.865797 -0.0472322 0.59054 -0.865799
-0.0472319 -0.58646 -0.852435 -0.173257 0.58646 -0.852437 -0.173257 -0.590358 -0.861208 -0.103447
0.590358 -0.861209 -0.103446 -0.599093 -0.860171 -0.0462718 0.599093 -0.860172 -0.0462715 0.185048
-1.0223 -0.147014 -0.185048 -1.0223 -0.147014 -0.579513 -0.855999 -0.180326 0.579513 -0.856001
-0.180326 -0.599279 -0.85323 -0.11826 0.599279 -0.853231 -0.11826 -0.597791 -0.862347 -0.0141666
0.597791 -0.862349 -0.0141664 0.465959 -0.922164 -0.183645 -0.465959 -0.922164 -0.183645 -0.590436
-0.85427 -0.151348 0.590436 -0.854272 -0.151348 -0.10183 -1.02958 -0.175955 0.10183 -1.02958
-0.175955 0.466441 -0.923793 -0.17454 -0.466441 -0.923794 -0.174541 -0.543271 -0.877742 -0.189631
0.54327 -0.877744 -0.18963 -0.598982 -0.84828 -0.152252 0.598982 -0.848281 -0.152252 -0.599279
-0.857386 -0.0856989 0.599279 -0.857387 -0.0856986 -0.583962 -0.853976 -0.177292 0.583962 -0.853977
-0.177291 -0.594816 -0.864862 -0.00312601 0.594816 -0.864863 -0.00312573 -0.560039 -0.868666 -0.183406
0.560039 -0.868667 -0.183405 -0.590356 -0.863718 -0.086206 0.590356 -0.86372 -0.0862057 -0.590361
-0.858183 -0.130298 0.590361 -0.858185 -0.130298 -0.464621 -0.925381 -0.17355 0.464621 -0.925381
-0.17355 -0.519166 -0.893167 -0.188036 0.519166 -0.893168 -0.188036 -0.5986 -0.848665 -0.155527
0.5986 -0.848667 -0.155527 -0.57497 -0.858204 -0.189382 0.57497 -0.858206 -0.189382 -0.59043
-0.854752 -0.154184 -0.146403 -1.02715 -0.162818 0.146402 -1.02715 -0.162818 0.590431 -0.854754
-0.154184 -0.146927 -1.02613 -0.16932 0.146926 -1.02613 -0.16932 -0.598651 -0.862614 -0.028565
0.598651 -0.862616 -0.0285648 -0.590378 -0.866217 -0.0670601 0.590378 -0.866219 -0.0670598 -0.596443
-0.864922 -0.00606298 0.596443 -0.864924 -0.00606269 -0.0612632 -1.03469 -0.171974 0.0612626 -1.03469
-0.171974 -0.599256 -0.86052 -0.0663364 0.599256 -0.860522 -0.0663361 -0.519068 -0.894327 -0.186436
0.519067 -0.894328 -0.186435 -0.597977 -0.849201 -0.160185 0.597977 -0.849203 -0.160185 -0.599279
-0.853421 -0.130514 0.599279 -0.853423 -0.130513 -0.590359 -0.861474 -0.118382 -0.590362 -0.858337
-0.139303 0.590359 -0.861475 -0.118382 0.590362 -0.858339 -0.139303 -0.590199 -0.855169 -0.158379
0.590199 -0.85517 -0.158378 -0.416707 -0.948764 -0.176259 0.416706 -0.948765 -0.176258 -0.250596
-1.00824 -0.159861 0.250596 -1.00824 -0.159861 -0.591841 -0.868577 -0.0157095 0.591841 -0.868578
-0.0157092 -0.590981 -0.868935 -0.0299224 0.590981 -0.868936 -0.0299221 -0.519365 -0.894162 -0.189743
0.519365 -0.894163 -0.189743 -0.561712 -0.868035 -0.190467 0.561712 -0.868037 -0.190467 -0.542956
-0.881046 -0.185273 0.542956 -0.881047 -0.185272 -0.250025 -1.00705 -0.169635 0.250024 -1.00705
-0.169635 -0.599279 -0.857683 -0.103425 0.599279 -0.857684 -0.103424 0.461615 -0.926615 -0.184008
-0.461615 -0.926615 -0.184008 -0.114664 -1.03215 -0.16466 0.114663 -1.03216 -0.16466 -0.494496
-0.909823 -0.182964 0.494496 -0.909824 -0.182964 -0.415397 -0.947968 -0.185982 -0.599093 -0.862952
-0.0467847 0.415397 -0.947969 -0.185981 0.599093 -0.862954 -0.0467844 -0.590357 -0.864049 -0.103703
0.590357 -0.864051 -0.103703 -0.184038 -1.02291 -0.160375 0.184038 -1.02291 -0.160374 -0.593189
-0.868356 -0.00697716 0.593189 -0.868358 -0.00697687 -0.597791 -0.865105 -0.0148652 0.597791 -0.865107
-0.0148649 -0.0621421 -1.03398 -0.181828 0.0621416 -1.03398 -0.181828 -0.168177 -1.0246 -0.167692
0.168176 -1.02461 -0.167692 -0.596959 -0.849943 -0.165874 0.596959 -0.849945 -0.165874 -0.543245
-0.880733 -0.188463 0.543245 -0.880734 -0.188462 -0.11573 -1.03093 -0.17402 0.11573 -1.03093
-0.17402 -0.590373 -0.858458 -0.145166 0.590373 -0.858459 -0.145165 0.0396178 -1.04825 -0.0793084
-0.0396178 -1.04825 -0.0793084 -0.186058 -1.02291 -0.160375 0.186058 -1.02291 -0.160374 -0.129874
-1.03108 -0.163511 0.129873 -1.03108 -0.163511 -0.589625 -0.855831 -0.163427 0.589625 -0.855832
-0.163427 -0.59054 -0.869388 -0.0479074 0.59054 -0.86939 -0.0479071 -0.590355 -0.86663 -0.0865586
0.590355 -0.866632 -0.0865583 -0.468739 -0.924463 -0.180894 0.468739 -0.924464 -0.180894 -0.599279
-0.853563 -0.139611 0.599279 -0.853564 -0.139611 -0.130721 -1.02987 -0.171898 0.13072 -1.02987
-0.171898 -0.543132 -0.88184 -0.186918 0.543132 -0.881842 -0.186917 -0.599279 -0.860865 -0.0860677
0.599279 -0.860866 -0.0860674 -0.583883 -0.855542 -0.186684 0.583883 -0.855544 -0.186684 -0.594816
-0.868282 -0.004069 0.594816 -0.868284 -0.00406872 -0.494463 -0.909357 -0.191043 0.494463 -0.909358
-0.191043 -0.0469556 -1.03724 -0.173003 0.0469551 -1.03724 -0.173003 -0.590447 -0.858659 -0.148715
0.590447 -0.858661 -0.148715 -0.59036 -0.861689 -0.130442 0.590359 -0.86169 -0.130442 -0.595366
-0.850938 -0.171921 0.595366 -0.850939 -0.17192 -0.598651 -0.865403 -0.0291904 0.598651 -0.865404
-0.0291902 -0.168245 -1.02588 -0.166024 0.168245 -1.02588 -0.166024 -0.168409 -1.02545 -0.16961
0.168409 -1.02545 -0.16961 -0.572246 -0.864786 -0.182727 0.572246 -0.864787 -0.182727 -0.0661865
-1.0357 -0.178028 0.0661865 -1.0357 -0.178028 -0.46809 -0.923857 -0.1901 0.46809 -0.923858
-0.1901 -0.599256 -0.863323 -0.0667492 0.599256 -0.863325 -0.0667489 -0.599264 -0.853673 -0.145554
0.599264 -0.853675 -0.145553 -0.588592 -0.856872 -0.168655 0.588592 -0.856874 -0.168654 -0.599279
-0.857935 -0.118484 0.599279 -0.857936 -0.118483 -0.0879932 -1.03587 -0.168693 0.0879927 -1.03587
-0.168693 -0.146913 -1.0299 -0.164718 0.146912 -1.0299 -0.164718 -0.593001 -0.85216 -0.177714
0.593001 -0.852161 -0.177714 0.0956435 -1.04322 -0.10946 -0.0956436 -1.04322 -0.10946 -0.5191
-0.897628 -0.185223 0.5191 -0.897629 -0.185223 -0.147201 -1.02935 -0.168276 0.1472 -1.02935
-0.168276 -0.589507 -0.85362 -0.182726 0.589507 -0.853621 -0.182725 -0.590357 -0.864331 -0.118568
0.590357 -0.864333 -0.118568 -0.590657 -0.859094 -0.151033 0.590658 -0.859096 -0.151033 -0.590378
-0.869885 -0.0676148 0.590378 -0.869887 -0.0676145 -0.596443 -0.868354 -0.00698735 0.596443 -0.868355
-0.00698708 -0.0476438 -1.03663 -0.182879 0.0476433 -1.03663 -0.182879 -0.599162 -0.853855 -0.149278
0.599162 -0.853856 -0.149278 -0.31843 -0.990779 -0.165282 0.318429 -0.99078 -0.165282 -0.560399
-0.873245 -0.184365 0.560399 -0.873247 -0.184365 -0.18831 -1.02412 -0.162397 0.18831 -1.02412
-0.162397 -0.208811 -1.02041 -0.160864 0.208811 -1.02041 -0.160864 -0.599093 -0.865779 -0.0473176
0.599093 -0.865781 -0.0473174 -0.59036 -0.861848 -0.139397 0.59036 -0.86185 -0.139396 -0.34221
-0.982549 -0.168103 0.182779 -1.02577 -0.158589 -0.182779 -1.02577 -0.158589 0.34221 -0.982549
-0.168103 -0.0317839 -1.03907 -0.173493 0.0317834 -1.03907 -0.173493 -0.0891011 -1.0349 -0.178451
0.0891006 -1.0349 -0.178451 -0.317244 -0.989717 -0.175079 0.317243 -0.989717 -0.175079 -0.597644
-0.858213 -0.13118 0.597644 -0.858213 -0.13118 -0.590356 -0.866999 -0.103971 0.590356 -0.867
-0.103971 0.467628 -0.926615 -0.184008 -0.467628 -0.926615 -0.184008 -0.586973 -0.858221 -0.17354
0.586973 -0.858223 -0.17354 -0.340896 -0.981542 -0.177892 0.340896 -0.981543 -0.177892 -0.188492
-1.02307 -0.17085 0.188492 -1.02307 -0.17085 -0.208765 -1.01924 -0.17029 0.208765 -1.01924
-0.17029 -0.598889 -0.854209 -0.152 0.598889 -0.854211 -0.152 -0.599279 -0.861172 -0.103688
0.599279 -0.861174 -0.103688 -0.147187 -1.03062 -0.16664 0.147187 -1.03062 -0.16664 -0.519636
-0.897325 -0.191274 0.519636 -0.897326 -0.191274 -0.579965 -0.861935 -0.180756 0.579964 -0.861936
-0.180756 -0.597791 -0.868571 -0.0157346 0.597791 -0.868572 -0.0157343 -0.295454 -0.999235 -0.163
0.295454 -0.999236 -0.163 -0.016036 -1.04019 -0.173642 0.0160357 -1.04019 -0.173642 0.187318
-1.02577 -0.158589 -0.187318 -1.02577 -0.158589 -0.584454 -0.859838 -0.177643 0.584454 -0.85984
-0.177643 -0.599279 -0.863687 -0.0863821 0.599279 -0.863689 -0.0863818 -0.599279 -0.858139 -0.130644
0.599279 -0.85814 -0.130643 -0.590377 -0.861964 -0.14521 0.590377 -0.861966 -0.14521 -0.598401
-0.854678 -0.155157 0.598401 -0.854679 -0.155156 -0.294443 -0.998123 -0.172808 0.294442 -0.998124
-0.172808 -0.59118 -0.860106 -0.153643 0.59118 -0.860107 -0.153642 -2.55872e-07 -1.04057 -0.173648
-0.590358 -0.864559 -0.130572 0.590358 -0.86456 -0.130571 -0.591841 -0.873273 -0.0168724 0.591841
-0.873274 -0.0168722 -0.0336261 -1.05155 -0.0793891 0.033626 -1.05155 -0.0793892 -0.0322564 -1.03855
-0.183386 0.032256 -1.03855 -0.183386 -0.561684 -0.872782 -0.189856 0.561684 -0.872784 -0.189855
-0.366767 -0.974412 -0.171187 0.366767 -0.974413 -0.171187 -0.443025 -0.940788 -0.179033 0.443025
-0.940789 -0.179033 -0.575011 -0.864292 -0.189191 0.575011 -0.864294 -0.18919 -0.591026 -0.859718
-0.158459 0.591025 -0.859719 -0.158458 -0.590981 -0.873718 -0.0309685 0.590981 -0.873719 -0.0309682
-0.590355 -0.870374 -0.0869947 0.590355 -0.870376 -0.0869945 -0.600195 -0.858337 -0.129741 0.600195
-0.858337 -0.129741 -0.0971458 -1.0444 -0.116687 0.0971458 -1.0444 -0.116687 -0.365376 -0.973468
-0.180974 0.365376 -0.973469 -0.180973 -0.599256 -0.866192 -0.0671808 0.599256 -0.866194 -0.0671805
-0.597702 -0.855068 -0.159923 0.597702 -0.855069 -0.159923 -0.590494 -0.862116 -0.148626 0.590494
-0.862118 -0.148626 -0.593189 -0.872999 -0.00821188 0.593189 -0.873001 -0.00821158 -0.600195 -0.85809
-0.132619 0.600195 -0.85809 -0.132619 -0.598651 -0.868923 -0.0299705 0.598651 -0.868925 -0.0299702
-0.441937 -0.940072 -0.188705 0.441937 -0.940073 -0.188704 -0.590356 -0.867312 -0.118764 0.590356
-0.867314 -0.118764 -0.168626 -1.02922 -0.164915 0.168626 -1.02922 -0.164915 0.0162761 -1.03972
-0.183546 -0.0162765 -1.03972 -0.183546 -0.599279 -0.861433 -0.118657 0.599279 -0.861435 -0.118657
-0.599279 -0.858289 -0.139672 0.599279 -0.858291 -0.139672 -0.230039 -1.01819 -0.160414 0.230039
-1.01819 -0.160414 -0.590472 -0.86022 -0.163684 0.590471 -0.860222 -0.163683 -0.59083 -0.862393
-0.150553 0.59083 -0.862394 -0.150553 -0.59054 -0.87428 -0.0488057 0.59054 -0.874282 -0.0488054
-1.21532e-07 -1.04011 -0.183555 -0.16893 -1.02844 -0.171472 0.16893 -1.02844 -0.171472 -0.596668
-0.855693 -0.165721 0.596668 -0.855694 -0.165721 -0.590358 -0.864727 -0.139484 0.590358 -0.864729
-0.139484 -0.594816 -0.872908 -0.00532746 0.594816 -0.872909 -0.00532718 -0.229734 -1.01698 -0.170194
0.229734 -1.01698 -0.170194 -0.560794 -0.875981 -0.185711 0.560794 -0.875983 -0.185711 -0.541548
-0.887344 -0.188906 0.541548 -0.887345 -0.188906 -0.599279 -0.864013 -0.103915 0.599279 -0.864015
-0.103914 0.462211 -0.932166 -0.18446 -0.46221 -0.932166 -0.18446 -0.0752913 -1.04007 -0.170822
0.0752908 -1.04007 -0.170822 -0.101359 -1.03852 -0.167143 0.101359 -1.03852 -0.167143 -0.273312
-1.00805 -0.161537 0.273312 -1.00805 -0.161537 -0.599093 -0.86937 -0.0479845 0.599093 -0.869372
-0.0479842 -0.59926 -0.858408 -0.145554 0.59926 -0.858409 -0.145553 0.18371 -1.02771 -0.165467
-0.18371 -1.02771 -0.165467 -0.130508 -1.03591 -0.165086 0.130507 -1.03591 -0.165086 -0.541258
-0.888463 -0.187367 0.541258 -0.888465 -0.187367 -0.272515 -1.00689 -0.171355 0.272515 -1.00689
-0.171355 -0.572733 -0.869348 -0.183565 0.572733 -0.86935 -0.183564 -0.591592 -0.862871 -0.151707
0.591592 -0.862873 -0.151707 0.183228 -1.02934 -0.156363 -0.183228 -1.02934 -0.156363 -0.595109
-0.856687 -0.171795 0.595109 -0.856689 -0.171795 -0.590378 -0.864838 -0.145262 0.590378 -0.864839
-0.145261 -0.599279 -0.866598 -0.0867139 0.599279 -0.8666 -0.0867137 -0.590355 -0.870811 -0.104301
0.590355 -0.870812 -0.104301 -0.392039 -0.966266 -0.17428 0.392039 -0.966267 -0.17428 -0.589425
-0.861251 -0.169035 0.589424 -0.861252 -0.169035 -0.561493 -0.875736 -0.188717 0.561493 -0.875737
-0.188717 -0.131166 -1.03501 -0.171597 0.131165 -1.03501 -0.171597 -0.58385 -0.861547 -0.186487
0.58385 -0.861548 -0.186487 -0.596443 -0.872997 -0.00822142 0.596443 -0.872998 -0.00822115 -0.102456
-1.03746 -0.176526 0.102455 -1.03747 -0.176526 -0.590357 -0.867565 -0.130709 0.590357 -0.867567
-0.130708 0.186386 -1.02771 -0.165467 -0.186386 -1.02771 -0.165467 -0.599129 -0.858608 -0.149142
0.599129 -0.858609 -0.149142 -0.390635 -0.96539 -0.184068 0.390635 -0.965391 -0.184068 0.0762878
-1.03925 -0.180606 -0.0762883 -1.03925 -0.180606 -0.599279 -0.861644 -0.130745 0.599279 -0.861645
-0.130745 -0.590377 -0.874897 -0.068351 0.590377 -0.874899 -0.0683507 -0.561177 -0.876807 -0.187249
0.561177 -0.876808 -0.187249 -0.590512 -0.864908 -0.148602 0.590512 -0.86491 -0.148602 0.186868
-1.02934 -0.156363 -0.186868 -1.02934 -0.156363 -0.592811 -0.857981 -0.177568 -0.519282 -0.90297
-0.184607 0.592811 -0.857982 -0.177567 -0.541916 -0.888326 -0.190504 0.519282 -0.902971 -0.184607
0.541916 -0.888328 -0.190504 -0.592715 -0.86247 -0.154761 0.592715 -0.862472 -0.15476 -0.49494
-0.916954 -0.182991 0.49494 -0.916955 -0.182991 -0.598759 -0.859041 -0.151544 0.598759 -0.859042
-0.151544 -0.589394 -0.859532 -0.182549 0.589394 -0.859534 -0.182549 -0.59238 -0.862296 -0.158939
0.592379 -0.862297 -0.158939 -0.115323 -1.03872 -0.165888 0.115323 -1.03872 -0.165887 0.0892693
-1.03924 -0.178403 -0.0892693 -1.03924 -0.178403 -0.0572496 -1.0415 -0.178608 0.0572495 -1.0415
-0.178608 -0.58776 -0.862641 -0.174034 0.58776 -0.862643 -0.174034 -0.59089 -0.864956 -0.150353
0.59089 -0.864958 -0.150352 0.0917976 -1.04936 -0.103064 -0.0917977 -1.04936 -0.103064 -0.597791
-0.873266 -0.0168959 -0.0268641 -1.05507 -0.0795633 0.026864 -1.05508 -0.0795633 0.597791 -0.873268
-0.0168957 -0.599279 -0.864289 -0.118809 0.599279 -0.864291 -0.118809 -0.599256 -0.869859 -0.0677237
0.599256 -0.869861 -0.0677234 -0.592959 -0.863504 -0.152426 0.592959 -0.863506 -0.152426 -0.116276
-1.03766 -0.174289 0.116276 -1.03766 -0.174289 -0.580571 -0.866459 -0.181476 0.580571 -0.866461
-0.181476 -0.596992 -0.859641 -0.159629 0.596992 -0.859642 -0.159629 -0.597846 -0.860051 -0.154297
0.597846 -0.860053 -0.154297 -0.590357 -0.867753 -0.139578 0.590357 -0.867755 -0.139577 0.467032
-0.932166 -0.18446 -0.467032 -0.932166 -0.18446 -0.574861 -0.868984 -0.188593 -0.591697 -0.864983
-0.151217 0.574861 -0.868986 -0.188593 0.591697 -0.864984 -0.151216 0.185048 -1.03093 -0.155372
-0.185048 -1.03093 -0.155372 -0.585163 -0.864312 -0.17825 0.585163 -0.864313 -0.17825 -0.150097
-1.03431 -0.170102 0.150097 -1.03431 -0.170102 -0.599279 -0.8618 -0.13972 0.599279 -0.861802
-0.13972 -0.599279 -0.866961 -0.104157 0.599279 -0.866962 -0.104157 -0.591751 -0.862841 -0.16415
0.591751 -0.862842 -0.16415 -0.494882 -0.916431 -0.192005 0.494882 -0.916432 -0.192005 -0.590356
-0.871181 -0.119004 0.590356 -0.871183 -0.119004 -0.606998 -0.858382 -0.129201 0.606998 -0.858382
-0.129201 -0.519953 -0.902578 -0.192412 0.519953 -0.902579 -0.192412 0.0972387 -1.04765 -0.123605
-0.0972388 -1.04765 -0.123605 -0.0619632 -1.04343 -0.172431 0.0619626 -1.04343 -0.172431 -0.595968
-0.860114 -0.165462 0.595968 -0.860116 -0.165462 -0.594437 -0.863087 -0.155209 0.594437 -0.863089
-0.155209 -0.606998 -0.858044 -0.133159 0.606998 -0.858044 -0.133159 -0.541109 -0.891673 -0.186156
0.541108 -0.891675 -0.186156 -0.590355 -0.875504 -0.0875717 0.590355 -0.875506 -0.0875714 -0.598651
-0.873706 -0.0310136 0.598651 -0.873707 -0.0310133 -0.590374 -0.867866 -0.145336 0.590373 -0.867867
-0.145336 -0.593046 -0.864986 -0.15174 0.593046 -0.864988 -0.15174 -0.594659 -0.863782 -0.152747
0.594658 -0.863784 -0.152747 -0.594019 -0.863076 -0.159398 0.594019 -0.863077 -0.159398 -0.599258
-0.861915 -0.145548 0.599258 -0.861917 -0.145548 -0.591841 -0.879023 -0.0183364 0.591841 -0.879024
-0.0183361 -0.596191 -0.86244 -0.155128 0.596191 -0.862442 -0.155128 -0.150113 -1.03558 -0.168433
0.150113 -1.03558 -0.168433 -0.573321 -0.872086 -0.184774 0.573321 -0.872088 -0.184774 -0.464621
-0.934636 -0.184661 0.464621 -0.934636 -0.184661 -0.469419 -0.932898 -0.181449 0.469418 -0.9329
-0.181449 -0.599279 -0.864513 -0.130837 0.599279 -0.864514 -0.130836 -0.595663 -0.862254 -0.159574
0.595662 -0.862256 -0.159574 -0.150358 -1.03517 -0.172018 0.150357 -1.03517 -0.172018 -0.590629
-0.863898 -0.169617 0.590629 -0.863899 -0.169617 -0.590981 -0.87958 -0.0322844 0.590981 -0.879581
-0.0322841 -0.417837 -0.958112 -0.177232 0.417837 -0.958113 -0.177231 -0.590489 -0.867871 -0.148722
0.590488 -0.867872 -0.148722 -0.130987 -1.03875 -0.166946 0.130986 -1.03875 -0.166946 -0.593189
-0.87868 -0.00976682 0.593189 -0.878682 -0.00976655 -0.599279 -0.870341 -0.087135 0.599279 -0.870342
-0.0871347 -0.599108 -0.862066 -0.148982 0.599108 -0.862068 -0.148982 -0.131347 -1.03826 -0.170508
0.131346 -1.03826 -0.170508 -0.594473 -0.861109 -0.171484 0.594473 -0.86111 -0.171483 -0.252004
-1.01731 -0.161092 0.252004 -1.01731 -0.161092 -0.0628029 -1.04274 -0.182239 0.0628024 -1.04274
-0.182239 -0.596383 -0.863481 -0.152638 0.596382 -0.863483 -0.152637 -0.590818 -0.867728 -0.150639
0.590817 -0.867729 -0.150639 -0.598693 -0.862344 -0.150933 0.598693 -0.862346 -0.150932 -0.416517
-0.957309 -0.187005 0.416517 -0.95731 -0.187005 -0.251454 -1.01612 -0.170919 0.251454 -1.01612
-0.170919 -0.594719 -0.864977 -0.151981 0.594719 -0.864978 -0.151981 -0.597822 -0.86283 -0.152064
0.597822 -0.862831 -0.152064 -0.59327 -0.863675 -0.164681 0.59327 -0.863677 -0.164681 -0.590356
-0.871481 -0.130876 0.590356 -0.871482 -0.130876 -0.189327 -1.03097 -0.162736 0.189327 -1.03097
-0.162736 -0.591568 -0.867353 -0.151787 0.591568 -0.867355 -0.151787 -0.468729 -0.932265 -0.191008
0.468729 -0.932267 -0.191008 -0.583566 -0.866171 -0.18594 0.583566 -0.866172 -0.18594 -0.574479
-0.871893 -0.187529 0.574479 -0.871894 -0.187528 -0.594767 -0.862783 -0.165122 0.594767 -0.862785
-0.165121 -0.599279 -0.867269 -0.118977 0.599279 -0.86727 -0.118976 -0.542301 -0.891422 -0.191896
0.542301 -0.891424 -0.191896 -0.599093 -0.874262 -0.048878 0.599093 -0.874263 -0.0488777 -0.594816
-0.878566 -0.00691268 0.594816 -0.878567 -0.0069124 0.182042 -1.03216 -0.16583 -0.182042 -1.03216
-0.16583 -0.169317 -1.03453 -0.164585 0.169317 -1.03453 -0.164585 -0.592273 -0.862458 -0.177177
0.592273 -0.86246 -0.177176 -0.592925 -0.866728 -0.152486 0.592925 -0.866729 -0.152486 -0.573934
-0.872931 -0.186176 -0.189544 -1.02981 -0.172162 0.189544 -1.02981 -0.172162 -0.588861 -0.865314
-0.174775 0.573934 -0.872932 -0.186175 0.588861 -0.865315 -0.174775 -0.59054 -0.880284 -0.0499342
0.59054 -0.880286 -0.0499339 -0.0886832 -1.04382 -0.169478 0.0886827 -1.04382 -0.169478 -0.599279
-0.864678 -0.139767 0.599279 -0.86468 -0.139767 -0.131277 -1.03952 -0.168856 0.131276 -1.03952
-0.168856 -0.047553 -1.04603 -0.173402 0.0475524 -1.04603 -0.173402 -0.588977 -0.864082 -0.182074
0.588977 -0.864083 -0.182074 -0.581351 -0.869183 -0.182538 0.581351 -0.869184 -0.182537 -0.169718
-1.03352 -0.173037 0.169718 -1.03352 -0.173037 -0.596411 -0.864965 -0.151892 0.596411 -0.864966
-0.151892 -0.590355 -0.876046 -0.104736 0.590355 -0.876048 -0.104736 -0.592028 -0.86475 -0.170301
0.592028 -0.864752 -0.170301 -0.586119 -0.867012 -0.179154 0.586119 -0.867013 -0.179153 0.0189921
-1.05864 -0.0797829 -0.0189922 -1.05864 -0.0797829 -0.593388 -0.863821 -0.17096 0.593388 -0.863822
-0.170959 -0.594624 -0.866424 -0.152783 0.594624 -0.866426 -0.152783 -0.559669 -0.882506 -0.188682
0.559669 -0.882508 -0.188682 -0.0897289 -1.04292 -0.178885 0.0897284 -1.04292 -0.178885 0.0502274
-1.04559 -0.178975 -0.0502275 -1.04559 -0.178975 -0.590356 -0.871703 -0.13969 0.590356 -0.871705
-0.13969 -0.596443 -0.878678 -0.00977612 0.596443 -0.878679 -0.00977583 -0.210056 -1.02844 -0.1617
0.210055 -1.02844 -0.1617 -0.599257 -0.864787 -0.145556 0.599257 -0.864788 -0.145556 0.188054
-1.03216 -0.16583 -0.188055 -1.03216 -0.16583 -0.599279 -0.870771 -0.10447 0.599279 -0.870772
-0.104469 -0.597807 -0.864944 -0.151479 0.597807 -0.864946 -0.151479 -0.55917 -0.883594 -0.187243
0.55917 -0.883595 -0.187242 -0.210028 -1.02722 -0.171485 0.210028 -1.02722 -0.171485 -0.0482063
-1.04544 -0.183231 0.0482056 -1.04544 -0.183231 -0.599279 -0.867517 -0.130943 0.599279 -0.867519
-0.130942 -0.599101 -0.864857 -0.148905 0.599101 -0.864859 -0.148905 -0.598674 -0.864909 -0.150656
0.598674 -0.86491 -0.150656 -0.599256 -0.874871 -0.0684532 0.599256 -0.874872 -0.0684529 -0.0970332
-1.05017 -0.130175 0.0970331 -1.05017 -0.130175 -0.582983 -0.869029 -0.184984 0.582983 -0.86903
-0.184983 -0.590118 -0.866169 -0.175647 0.0322161 -1.04789 -0.173863 -0.0322166 -1.04789 -0.173863
0.590118 -0.866171 -0.175647 -0.591324 -0.865215 -0.176499 0.591324 -0.865217 -0.176498 -0.590377
-0.881057 -0.0692742 0.590377 -0.881058 -0.069274 -0.592629 -0.868569 -0.154885 0.592629 -0.86857
-0.154885 -0.5822 -0.870036 -0.183778 0.5822 -0.870038 -0.183778 -0.590367 -0.871834 -0.145429
0.590367 -0.871836 -0.145429 -0.150425 -1.03895 -0.167321 0.150424 -1.03895 -0.167321 -0.596358
-0.866704 -0.152653 0.596358 -0.866705 -0.152652 -0.5882 -0.866888 -0.181251 -0.613801 -0.858337
-0.129741 0.613801 -0.858337 -0.129741 0.5882 -0.86689 -0.18125 -0.597791 -0.879016 -0.0183593
0.597791 -0.879018 -0.018359 -0.587189 -0.867868 -0.180216 0.587189 -0.867869 -0.180215 -0.560234
-0.883481 -0.190145 0.560234 -0.883482 -0.190145 -0.59435 -0.86789 -0.155283 0.59435 -0.867891
-0.155283 -0.613801 -0.85809 -0.132619 0.613801 -0.85809 -0.132619 -0.115896 -1.04368 -0.167389
0.115896 -1.04368 -0.167389 -0.31995 -1.00035 -0.166579 0.31995 -1.00035 -0.166579 -0.150875
-1.03821 -0.173876 0.150875 -1.03821 -0.173876 -0.590438 -0.871831 -0.148913 0.590438 -0.871833
-0.148913 -0.0162627 -1.04901 -0.174001 0.0162622 -1.04901 -0.174001 -0.590355 -0.876506 -0.119318
0.590355 -0.876508 -0.119317 -0.343728 -0.992131 -0.169336 0.343728 -0.992132 -0.169336 -0.101989
-1.04524 -0.168259 0.101988 -1.04524 -0.168259 -0.318785 -0.999285 -0.176326 0.318784 -0.999286
-0.176326 -0.116633 -1.04289 -0.173911 0.116633 -1.04289 -0.173911 -0.590639 -0.871634 -0.151208
0.590639 -0.871635 -0.151208 -1.66312e-07 -1.04938 -0.174005 -0.599279 -0.867702 -0.139827 0.599279
-0.867703 -0.139827 -0.541142 -0.896877 -0.18547 0.541142 -0.896879 -0.18547 -0.342429 -0.991127
-0.179075 0.342428 -0.991127 -0.179075 -0.0326634 -1.04738 -0.183707 0.0326629 -1.04738 -0.183707
-0.591128 -0.871094 -0.153825 0.591128 -0.871096 -0.153825 -0.443942 -0.949978 -0.179914 0.443942
-0.949979 -0.179914 -0.519584 -0.909908 -0.184493 0.519584 -0.909909 -0.184493 -0.599279 -0.871136
-0.119196 0.599279 -0.871137 -0.119196 -0.102963 -1.04432 -0.176678 0.102962 -1.04432 -0.176678
-0.296941 -1.00872 -0.164338 0.296941 -1.00872 -0.164337 -0.597812 -0.867311 -0.152066 0.597812
-0.867312 -0.152066 -0.598651 -0.879568 -0.0323282 0.598651 -0.879569 -0.0323279 -0.592204 -0.870104
-0.159134 0.592204 -0.870106 -0.159133 -0.44284 -0.949254 -0.189638 0.44284 -0.949255 -0.189637
-0.295955 -1.00761 -0.174095 0.295954 -1.00761 -0.174095 -0.558835 -0.886735 -0.186073 0.558835
-0.886736 -0.186073 -0.599279 -0.87547 -0.0877032 0.599279 -0.875471 -0.0877029 -0.599258 -0.867812
-0.145597 0.599257 -0.867814 -0.145597 -0.368222 -0.983957 -0.172349 0.368221 -0.983957 -0.172348
-0.0164894 -1.04854 -0.183855 0.016489 -1.04854 -0.183855 -0.593847 -0.869193 -0.159514 0.593847
-0.869195 -0.159513 -0.616352 -0.858213 -0.13118 0.616352 -0.858213 -0.13118 -0.596131 -0.86854
-0.155158 -0.0759894 -1.04815 -0.171493 0.0759889 -1.04815 -0.171493 0.596131 -0.868541 -0.155158
0.0445507 -1.04868 -0.179199 -0.0445508 -1.04868 -0.179199 0.00985583 -1.06179 -0.0799695 -0.00985589
-1.06179 -0.0799695 -0.590355 -0.881816 -0.088293 0.590354 -0.881818 -0.0882927 -0.366841 -0.983014
-0.182084 0.366841 -0.983015 -0.182084 -2.55872e-07 -1.04893 -0.183862 -0.59869 -0.867677 -0.150934
0.59869 -0.867679 -0.150934 -0.599108 -0.867817 -0.148998 0.599108 -0.867819 -0.148998 0.0968387
-1.05181 -0.136635 -0.0968388 -1.05181 -0.136635 -0.23141 -1.02699 -0.16156 0.23141 -1.02699
-0.16156 -0.590356 -0.876878 -0.131091 0.590355 -0.876879 -0.131091 -0.591841 -0.885475 -0.0200839
0.591841 -0.885477 -0.0200836 -0.231128 -1.02577 -0.171393 0.231128 -1.02577 -0.171393 -0.495453
-0.925175 -0.183389 0.495453 -0.925176 -0.183389 -0.520301 -0.909467 -0.193207 0.520301 -0.909469
-0.193206 -0.133064 -1.04291 -0.172736 0.133063 -1.04291 -0.172736 -0.572593 -0.878825 -0.187184
0.572593 -0.878826 -0.187184 -0.593189 -0.885054 -0.0116235 0.593189 -0.885055 -0.0116233 -0.542654
-0.896552 -0.192878 0.542654 -0.896554 -0.192878 -0.0769227 -1.04739 -0.180924 0.0769222 -1.04739
-0.180924 -0.590981 -0.886161 -0.0338541 0.590981 -0.886163 -0.0338539 -0.599279 -0.871431 -0.131087
0.599279 -0.871432 -0.131087 -0.571876 -0.879893 -0.185886 0.571876 -0.879895 -0.185886 0.0864363
-1.05772 -0.0980038 -0.0864363 -1.05772 -0.0980038 -0.591448 -0.871373 -0.164423 0.591448 -0.871375
-0.164423 -0.599093 -0.880265 -0.0500045 0.599093 -0.880267 -0.0500042 -0.592978 -0.870363 -0.164851
0.592978 -0.870365 -0.164851 -0.590901 -0.873089 -0.158733 0.5909 -0.873091 -0.158733 -3.1952e-08
-1.06319 -0.0800481 -0.594816 -0.884912 -0.00880578 0.594816 -0.884914 -0.00880551 -0.560767 -0.886527
-0.191386 0.560767 -0.886529 -0.191385 -0.274755 -1.01737 -0.162872 0.274754 -1.01737 -0.162872
-0.595543 -0.870068 -0.159622 0.595543 -0.87007 -0.159622 -0.133037 -1.04419 -0.171064 0.133037
-1.04419 -0.171064 -0.590356 -0.877154 -0.139832 0.590356 -0.877155 -0.139831 -0.495366 -0.924629
-0.192752 0.495366 -0.92463 -0.192752 -0.599279 -0.876005 -0.104894 0.599279 -0.876006 -0.104893
-0.393355 -0.97573 -0.175376 0.393354 -0.975731 -0.175375 -0.116348 -1.04661 -0.169208 0.116347
-1.04661 -0.169208 -0.273985 -1.01621 -0.172641 0.273985 -1.01621 -0.17264 -0.133344 -1.04382
-0.174648 0.133344 -1.04382 -0.174648 0.182637 -1.03771 -0.166282 -0.182637 -1.03771 -0.166282
-0.11675 -1.04618 -0.172775 0.11675 -1.04618 -0.172775 0.0967411 -1.05272 -0.143164 -0.0967412
-1.05272 -0.143164 -0.59054 -0.887029 -0.051279 0.59054 -0.887031 -0.0512787 -0.391958 -0.974855
-0.185112 0.391957 -0.974856 -0.185112 -0.573373 -0.879798 -0.188485 0.573373 -0.8798 -0.188485
-0.590355 -0.882494 -0.105277 0.590355 -0.882496 -0.105277 -0.599279 -0.871649 -0.139916 0.599279
-0.871651 -0.139915 -0.590158 -0.872537 -0.169984 0.590158 -0.872539 -0.169984 -0.591579 -0.87149
-0.170546 0.591578 -0.871492 -0.170545 -0.596443 -0.885051 -0.0116328 0.596443 -0.885053 -0.0116325
-0.581079 -0.876132 -0.184483 0.581079 -0.876134 -0.184483 0.0392059 -1.05152 -0.179344 -0.039206
-1.05152 -0.179344 -0.590359 -0.877327 -0.145535 0.590359 -0.877329 -0.145534 0.187459 -1.03771
-0.166282 -0.187459 -1.03771 -0.166282 -0.580148 -0.877192 -0.183358 0.580148 -0.877193 -0.183358
-0.0626302 -1.0516 -0.173015 0.0626297 -1.0516 -0.173015 -0.597836 -0.87104 -0.154299 0.597836
-0.871042 -0.154299 -0.590243 -0.874442 -0.164054 0.590243 -0.874444 -0.164054 -0.116644 -1.04743
-0.171105 0.116643 -1.04743 -0.171105 -0.59456 -0.871329 -0.165202 0.594559 -0.87133 -0.165201
-0.589472 -0.872708 -0.175996 0.589472 -0.87271 -0.175995 -0.588179 -0.873762 -0.175255 0.588179
-0.873764 -0.175255 -0.599256 -0.881029 -0.0693735 0.599256 -0.881031 -0.0693732 -0.571356 -0.882996
-0.18481 0.571356 -0.882998 -0.18481 -0.59926 -0.871779 -0.145668 0.59926 -0.87178 -0.145667
-0.590382 -0.877391 -0.149081 0.590382 -0.877392 -0.149081 -0.586311 -0.874177 -0.180709 0.586311
-0.874179 -0.180709 -0.170252 -1.04136 -0.164904 0.170251 -1.04136 -0.164904 -0.585183 -0.875233
-0.179775 0.585183 -0.875235 -0.179774 -0.0893156 -1.05068 -0.170486 0.0893152 -1.05068 -0.170486
-0.598762 -0.871577 -0.151552 0.598762 -0.871579 -0.151552 0.0967149 -1.05326 -0.149828 -0.0967149
-1.05326 -0.149828 -0.599131 -0.871774 -0.149183 0.59913 -0.871776 -0.149183 -0.151034 -1.04431
-0.166984 0.151034 -1.04431 -0.166984 -0.470133 -0.941892 -0.182202 0.470133 -0.941893 -0.182202
-0.59043 -0.877381 -0.151613 0.59043 -0.877382 -0.151613 -0.599279 -0.876459 -0.119498 0.599279
-0.876461 -0.119497 -0.170714 -1.04024 -0.174329 0.170714 -1.04024 -0.174329 -0.597791 -0.885469
-0.0201067 -0.0634103 -1.05095 -0.182469 0.597791 -0.885471 -0.0201064 0.0634097 -1.05095 -0.182469
-0.558732 -0.891836 -0.185357 0.558732 -0.891837 -0.185357 -0.590377 -0.88798 -0.0703726 0.590377
-0.887982 -0.0703723 -0.593058 -0.872483 -0.171098 0.593058 -0.872485 -0.171097 -0.190509 -1.03884
-0.163511 0.190508 -1.03884 -0.163511 -0.151625 -1.04335 -0.175433 0.151625 -1.04336 -0.175433
-0.090238 -1.04989 -0.178926 0.0902375 -1.04989 -0.178926 -0.58905 -0.875629 -0.169513 0.58905
-0.875631 -0.169513 -0.102538 -1.05032 -0.169682 0.102537 -1.05032 -0.169682 -0.582076 -0.877109
-0.185602 0.582076 -0.877111 -0.185602 -0.590423 -0.877592 -0.154467 0.590423 -0.877593 -0.154467
-0.590355 -0.88307 -0.119705 0.590355 -0.883072 -0.119705 -0.469422 -0.941252 -0.191815 0.469422
-0.941253 -0.191815 -0.190754 -1.03764 -0.173296 0.190753 -1.03764 -0.173296 -0.418962 -0.967456
-0.178255 0.418961 -0.967457 -0.178255 -0.103287 -1.04963 -0.176217 0.103287 -1.04963 -0.176217
-0.590834 -0.873699 -0.176734 0.590833 -0.8737 -0.176734 0.0968297 -1.05356 -0.156313 -0.0968298
-1.05356 -0.156313 -0.541327 -0.903641 -0.185229 0.541327 -0.903643 -0.185229 -0.579453 -0.880281
-0.182414 0.185048 -1.04018 -0.166484 -0.185048 -1.04018 -0.166484 0.579452 -0.880282 -0.182414
-0.596965 -0.873023 -0.159637 -0.0481211 -1.05426 -0.173933 0.0481206 -1.05426 -0.173933 0.596965
-0.873025 -0.159636 -0.253409 -1.02638 -0.162375 0.253408 -1.02638 -0.162375 -0.587509 -0.875161
-0.181638 0.587508 -0.875162 -0.181638 -0.133288 -1.04762 -0.169938 0.133288 -1.04762 -0.169938
-0.587184 -0.876856 -0.174632 0.587184 -0.876858 -0.174632 -0.417644 -0.966654 -0.187978 0.417644
-0.966655 -0.187978 -0.599279 -0.881781 -0.0884208 0.599279 -0.881782 -0.0884205 -0.252886 -1.02519
-0.172151 0.252886 -1.02519 -0.172151 -0.598651 -0.886149 -0.0338979 0.598651 -0.886151 -0.0338976
-0.574081 -0.882821 -0.18957 0.574081 -0.882823 -0.189569 -0.584327 -0.878323 -0.178988 0.584327
-0.878324 -0.178988 0.321612 -1.00658 -0.168383 -0.321612 -1.00658 -0.168383 -0.133854 -1.04694
-0.176492 0.133853 -1.04694 -0.176492 -0.599279 -0.876826 -0.131289 0.599279 -0.876828 -0.131289
-0.590177 -0.878466 -0.158728 0.590177 -0.878467 -0.158728 0.0976659 -1.05346 -0.160995 -0.097666
-1.05346 -0.160995 0.0334613 -1.05456 -0.179436 -0.0334614 -1.05456 -0.179436 -0.0487244 -1.0537
-0.183405 0.0487239 -1.0537 -0.183405 -0.590355 -0.883535 -0.131354 0.590355 -0.883537 -0.131354
-0.211383 -1.03698 -0.162758 0.211382 -1.03698 -0.162758 -0.590355 -0.888916 -0.0891489 0.590354
-0.888917 -0.0891487 -0.561193 -0.891567 -0.192219 0.561193 -0.891569 -0.192219 0.0326272 -1.05613
-0.174366 -0.0326277 -1.05613 -0.174366 -0.591841 -0.892279 -0.0220975 0.591841 -0.892281 -0.0220972
-0.595905 -0.874361 -0.165488 0.595905 -0.874362 -0.165488 -0.519966 -0.917909 -0.184715 0.519966
-0.91791 -0.184715 -0.211378 -1.03576 -0.172595 0.211378 -1.03576 -0.172595 0.0829239 -1.05235
-0.181586 -0.0829239 -1.05236 -0.181586 -0.593189 -0.891773 -0.0137636 0.593189 -0.891775 -0.0137633
-0.117416 -1.05009 -0.175625 0.117415 -1.05009 -0.175625 -0.319792 -1.00823 -0.169262 0.319792
-1.00823 -0.169262 -0.097753 -1.05359 -0.167539 0.0977529 -1.05359 -0.167539 -0.599279 -0.877099
-0.140043 0.599279 -0.8771 -0.140043 -0.589562 -0.879571 -0.163871 0.589562 -0.879572 -0.163871
-0.590981 -0.893102 -0.0356618 0.590981 -0.893104 -0.0356615 -0.542972 -0.903276 -0.193505 0.542972
-0.903278 -0.193505 -0.599093 -0.887009 -0.0513491 0.599093 -0.887011 -0.0513489 -0.0164781 -1.05725
-0.174494 0.0164776 -1.05725 -0.174494 0.0995958 -1.05458 -0.162947 -0.0995958 -1.05458 -0.162947
-0.571133 -0.888042 -0.184119 0.571132 -0.888043 -0.184119 -0.0766236 -1.05512 -0.172405 0.0766231
-1.05512 -0.172405 -0.594816 -0.891604 -0.010988 0.594816 -0.891605 -0.0109877 -0.599279 -0.882452
-0.10543 0.599279 -0.882454 -0.10543 -1.66312e-07 -1.05762 -0.174496 -0.594344 -0.875531 -0.17156
0.594344 -0.875532 -0.171559 -0.582967 -0.88013 -0.186528 0.582967 -0.880131 -0.186528 -0.0330385
-1.05564 -0.183851 0.0330382 -1.05564 -0.183851 -0.0969286 -1.05396 -0.170427 0.0969285 -1.05396
-0.170427 -0.590356 -0.883881 -0.140001 0.590355 -0.883882 -0.140001 -0.117361 -1.05138 -0.17394
0.11736 -1.05138 -0.17394 -0.102975 -1.05334 -0.171455 0.102974 -1.05334 -0.171455 0.323432
-1.00823 -0.169262 -0.323432 -1.00823 -0.169262 -0.599265 -0.87727 -0.145761 0.599265 -0.877271
-0.145761 -0.103383 -1.05297 -0.17503 0.103383 -1.05297 -0.17503 -0.117708 -1.05105 -0.177526
0.117707 -1.05105 -0.177526 -0.321357 -1.00929 -0.167949 0.321357 -1.00929 -0.167949 -0.0996097
-1.05475 -0.166898 0.0996097 -1.05475 -0.166898 -0.52067 -0.917448 -0.193772 0.52067 -0.91745
-0.193772 -0.34513 -1.00109 -0.170646 0.345129 -1.00109 -0.170646 -0.58844 -0.88069 -0.16921
0.58844 -0.880691 -0.16921 -0.0774412 -1.05445 -0.180867 0.0774407 -1.05445 -0.180866 -0.444854
-0.959163 -0.180846 0.444854 -0.959165 -0.180846 -0.320246 -1.00827 -0.177339 0.320245 -1.00827
-0.177339 -0.59203 -0.87674 -0.177349 0.59203 -0.876742 -0.177348 -0.58857 -0.87819 -0.182406
0.588569 -0.878192 -0.182406 0.0806379 -1.06547 -0.0958159 -0.080638 -1.06547 -0.0958159 -0.343885
-1.00012 -0.180028 0.343884 -1.00012 -0.180028 -0.016686 -1.0568 -0.183988 0.0166856 -1.0568
-0.183988 -0.599169 -0.877331 -0.149359 -0.59054 -0.894144 -0.0528261 0.599169 -0.877333 -0.149359
0.59054 -0.894146 -0.0528258 -0.596443 -0.89177 -0.0137729 0.596443 -0.891772 -0.0137727 -0.590354
-0.884108 -0.145649 0.590354 -0.88411 -0.145649 0.102159 -1.05531 -0.165112 -0.10216 -1.05531
-0.165112 -0.590355 -0.889751 -0.105916 0.590355 -0.889752 -0.105916 -0.598912 -0.877317 -0.152024
0.598912 -0.877319 -0.152024 -2.55872e-07 -1.05719 -0.183994 -0.443748 -0.95844 -0.19052 0.443748
-0.958441 -0.190519 -0.29832 -1.01758 -0.165745 0.29832 -1.01758 -0.165745 -0.103268 -1.05421
-0.17334 0.103268 -1.05421 -0.17334 -0.496001 -0.933941 -0.183971 0.496001 -0.933943 -0.183971
0.101453 -1.05596 -0.163865 -0.101453 -1.05596 -0.163865 -0.57912 -0.885309 -0.181793 0.57912
-0.88531 -0.181793 0.0267447 -1.05796 -0.179489 -0.0267447 -1.05796 -0.179489 -0.598454 -0.877521
-0.155163 0.598454 -0.877523 -0.155163 -0.58666 -0.881901 -0.174219 0.58666 -0.881903 -0.174219
-0.297386 -1.01651 -0.175146 0.297385 -1.01651 -0.175146 -0.0898611 -1.05588 -0.171831 0.0898606
-1.05588 -0.171831 -0.369562 -0.992883 -0.173591 0.369562 -0.992884 -0.173591 -0.599256 -0.887953
-0.0704716 0.599256 -0.887954 -0.0704714 -0.590341 -0.884263 -0.149211 0.590341 -0.884265 -0.149211
-0.368235 -0.991973 -0.18297 0.368235 -0.991974 -0.18297 -0.583895 -0.883356 -0.178465 0.583895
-0.883357 -0.178465 -0.599279 -0.883022 -0.11988 0.599279 -0.883024 -0.11988 0.101455 -1.05608
-0.16673 -0.101455 -1.05608 -0.16673 -0.23278 -1.03578 -0.162758 0.232779 -1.03578 -0.162758
-0.090568 -1.05528 -0.178381 0.0905675 -1.05528 -0.178381 -0.590298 -0.884423 -0.15184 0.590298
-0.884424 -0.151839 -0.558825 -0.89847 -0.185028 0.558825 -0.898471 -0.185028 -0.597791 -0.892273
-0.0221205 0.597791 -0.892274 -0.0221202 -0.232524 -1.03456 -0.172541 0.232523 -1.03456 -0.172541
-0.597797 -0.87838 -0.159928 0.597797 -0.878382 -0.159928 -0.495882 -0.933388 -0.193392 0.495882
-0.933389 -0.193391 -0.574614 -0.887815 -0.190274 0.574613 -0.887817 -0.190273 -0.0632319 -1.05865
-0.173854 0.0632314 -1.05865 -0.173854 -0.590177 -0.884752 -0.154745 0.590177 -0.884753 -0.154745
-0.590377 -0.895286 -0.0716341 0.590377 -0.895288 -0.0716338 0.319343 -1.01194 -0.171237 -0.319342
-1.01194 -0.171237 -0.321612 -1.01332 -0.158533 0.321612 -1.01332 -0.158533 -0.133825 -1.05309
-0.169579 0.133825 -1.05309 -0.169579 -0.590355 -0.89046 -0.12016 0.590355 -0.890462 -0.12016
-0.276095 -1.02608 -0.164279 0.276095 -1.02608 -0.164279 -0.15188 -1.05122 -0.167294 0.151879
-1.05122 -0.167294 -0.597644 -0.883529 -0.135803 0.597644 -0.883529 -0.135803 -0.394565 -0.984582
-0.176556 0.394565 -0.984583 -0.176556 -0.117569 -1.05488 -0.172777 0.117569 -1.05488 -0.172777
-0.275373 -1.02496 -0.17369 0.275373 -1.02496 -0.17369 -0.319792 -1.01431 -0.16012 0.319792
-1.01431 -0.16012 -0.0639108 -1.05808 -0.182335 0.0639103 -1.05808 -0.182335 -0.393219 -0.983737
-0.185935 0.393218 -0.983738 -0.185935 -0.103307 -1.05561 -0.178742 0.103307 -1.05561 -0.178742
-0.134564 -1.05221 -0.178028 0.134563 -1.05221 -0.178028 -0.599279 -0.883483 -0.131547 0.599279
-0.883484 -0.131546 -0.596798 -0.879466 -0.165746 0.596797 -0.879467 -0.165746 -0.589901 -0.885386
-0.158843 0.589901 -0.885387 -0.158843 -0.599279 -0.88888 -0.0892765 0.599279 -0.888882 -0.0892762
-0.598651 -0.89309 -0.035706 0.598651 -0.893092 -0.0357057 -0.152554 -1.05016 -0.176716 0.152553
-1.05016 -0.176716 -0.118208 -1.05428 -0.179334 0.118207 -1.05428 -0.179334 -0.171349 -1.04921
-0.165656 0.171348 -1.04921 -0.165656 0.323882 -1.01194 -0.171237 -0.323881 -1.01194 -0.171237
-0.541612 -0.911444 -0.185286 0.541612 -0.911445 -0.185286 0.0188394 -1.06106 -0.179527 -0.0188394
-1.06106 -0.179527 -0.0958406 -1.05778 -0.174913 0.0958406 -1.05778 -0.174913 -0.171848 -1.04805
-0.175439 0.171848 -1.04805 -0.175439 -0.10324 -1.0569 -0.177032 0.103239 -1.0569 -0.177032
-0.583621 -0.885113 -0.187121 0.583621 -0.885115 -0.18712 0.323432 -1.01431 -0.16012 -0.323432
-1.01431 -0.16012 -0.561522 -0.898168 -0.192701 0.561522 -0.89817 -0.192701 -0.600195 -0.883671
-0.134366 0.600195 -0.883671 -0.134366 -0.591841 -0.899081 -0.0243306 0.591841 -0.899083 -0.0243303
-0.595241 -0.880562 -0.171874 0.595241 -0.880564 -0.171874 -0.0486314 -1.06135 -0.174725 0.0486309
-1.06135 -0.174725 -0.470843 -0.950883 -0.183006 0.470843 -0.950884 -0.183006 -0.593189 -0.89849
-0.0161377 0.593189 -0.898492 -0.0161374 0.600195 -0.883388 -0.13724 -0.600195 -0.883388 -0.13724
-0.589316 -0.886259 -0.163815 0.589317 -0.886261 -0.163815 -0.0902896 -1.05897 -0.173559 0.0902892
-1.05897 -0.173559 -0.590356 -0.891033 -0.13166 0.590355 -0.891035 -0.13166 -0.103602 -1.05663
-0.180621 0.103601 -1.05663 -0.180621 -0.599279 -0.883824 -0.140206 0.599279 -0.883826 -0.140206
-0.590355 -0.896409 -0.0901297 0.590354 -0.896411 -0.0901294 -0.571158 -0.894607 -0.183759 0.571158
-0.894608 -0.183758 -0.0906738 -1.05865 -0.177142 0.0906733 -1.05865 -0.177142 -0.191773 -1.04723
-0.164504 0.191773 -1.04723 -0.164504 -0.592886 -0.881752 -0.177749 0.592886 -0.881753 -0.177749
-0.0771622 -1.06042 -0.173681 0.0771617 -1.06042 -0.17368 -0.590981 -0.900042 -0.0376655 0.590981
-0.900044 -0.0376652 -0.589338 -0.883185 -0.182899 0.589338 -0.883186 -0.182899 -0.594816 -0.898293
-0.0134092 0.594816 -0.898295 -0.0134089 -0.470118 -0.950242 -0.192573 0.470118 -0.950243 -0.192572
-0.599093 -0.894125 -0.052897 0.599093 -0.894126 -0.0528967 -0.0491538 -1.06085 -0.183221 0.0491532
-1.06085 -0.183221 -0.192042 -1.04602 -0.17434 0.192041 -1.04602 -0.17434 -0.419994 -0.976197
-0.179369 0.419993 -0.976198 -0.179369 -0.588251 -0.887283 -0.169047 0.588251 -0.887285 -0.169047
-0.0777857 -1.0599 -0.180246 0.0777853 -1.0599 -0.180246 -0.59927 -0.884049 -0.145872 0.59927
-0.884051 -0.145872 -0.599279 -0.889708 -0.106069 0.599279 -0.88971 -0.106069 -0.319342 -1.01654
-0.163686 0.319343 -1.01654 -0.163685 -0.0329961 -1.06324 -0.175134 0.0329956 -1.06324 -0.175134
-0.0905708 -1.05989 -0.175432 0.0905702 -1.05989 -0.175432 -0.418721 -0.975421 -0.188735 0.418721
-0.975422 -0.188735 0.00974875 -1.06312 -0.179566 -0.00974882 -1.06312 -0.179566 -0.254718 -1.03486
-0.163731 0.254717 -1.03486 -0.163731 -0.320602 -1.01492 -0.172821 0.320602 -1.01492 -0.172821
-0.543268 -0.911062 -0.193895 0.543268 -0.911064 -0.193895 0.438437 -0.968312 -0.18167 -0.438437
-0.968312 -0.18167 -0.590356 -0.891459 -0.140195 0.590355 -0.89146 -0.140194 -0.254235 -1.03371
-0.173151 0.254235 -1.03371 -0.173151 -0.599206 -0.884201 -0.149501 0.599206 -0.884203 -0.149501
-0.596443 -0.898488 -0.0161472 0.596443 -0.898489 -0.0161469 -0.520388 -0.926442 -0.185105 0.520388
-0.926443 -0.185105 -0.586533 -0.888472 -0.173986 -0.579093 -0.891854 -0.181449 0.586533 -0.888473
-0.173985 0.579092 -0.891856 -0.181449 -0.0166706 -1.06436 -0.175254 0.0166702 -1.06436 -0.175254
-0.59054 -0.901259 -0.0545394 0.59054 -0.90126 -0.0545392 -0.322622 -1.01492 -0.172821 0.322622
-1.01492 -0.172821 -3.19451e-08 -1.06385 -0.179586 -0.0901525 -1.05968 -0.181835 0.0901521 -1.05968
-0.181835 -0.599037 -0.884355 -0.152304 0.599037 -0.884357 -0.152304 -1.66312e-07 -1.06472 -0.175255
-0.0333505 -1.0628 -0.183642 0.0333499 -1.0628 -0.183642 -0.583821 -0.889909 -0.178169 0.583821
-0.889911 -0.178168 0.436617 -0.969963 -0.182548 -0.436617 -0.969964 -0.182549 -0.590352 -0.891742
-0.145772 0.590352 -0.891744 -0.145771 -0.323881 -1.01654 -0.163686 0.323882 -1.01654 -0.163685
-0.21271 -1.04552 -0.163868 0.212709 -1.04552 -0.163868 -0.590355 -0.897412 -0.106646 0.590355
-0.897413 -0.106646 -0.598728 -0.884674 -0.155556 0.598727 -0.884676 -0.155555 -0.0738242 -1.07274
-0.0954315 0.0738241 -1.07274 -0.0954315 -0.599256 -0.895258 -0.0717343 0.599256 -0.89526 -0.071734
-0.212728 -1.04431 -0.173653 0.212727 -1.04431 -0.173653 -0.0168498 -1.06396 -0.183769 0.0168492
-1.06396 -0.183769 -0.10343 -1.06048 -0.1758 0.103429 -1.06048 -0.1758 -0.0900871 -1.06098
-0.180093 0.0900867 -1.06098 -0.180093 -0.597791 -0.899075 -0.024354 0.597791 -0.899076 -0.0243537
-0.590329 -0.891956 -0.149309 0.590329 -0.891958 -0.149309 -0.599279 -0.890412 -0.120335 0.599279
-0.890413 -0.120335 -2.55872e-07 -1.06434 -0.183773 -0.521049 -0.925975 -0.194223 0.521049 -0.925976
-0.194222 -0.574992 -0.894353 -0.190651 0.574991 -0.894355 -0.190651 -0.0637361 -1.06402 -0.175074
0.0637356 -1.06402 -0.175074 -0.322536 -1.01699 -0.169465 0.322535 -1.01699 -0.169465 -0.0904395
-1.06076 -0.183688 0.0904389 -1.06076 -0.183688 -0.346299 -1.00881 -0.172109 0.346299 -1.00881
-0.172109 -0.598217 -0.885291 -0.160219 0.598217 -0.885292 -0.160219 -0.606998 -0.883723 -0.133827
0.606998 -0.883723 -0.133827 -0.321548 -1.01607 -0.177886 0.321548 -1.01607 -0.177886 0.320602
-1.01832 -0.166545 -0.320602 -1.01832 -0.166545 -0.590264 -0.892193 -0.151955 0.590264 -0.892195
-0.151954 -0.104093 -1.05998 -0.182363 0.104093 -1.05998 -0.182363 -0.345188 -1.00794 -0.180522
0.345187 -1.00794 -0.180522 -0.606998 -0.883335 -0.137778 0.606998 -0.883335 -0.137779 -0.559048
-0.906125 -0.184957 0.559048 -0.906127 -0.184957 -0.0775745 -1.06358 -0.175368 0.077574 -1.06358
-0.175368 0.440257 -0.969963 -0.182548 -0.440256 -0.969964 -0.182549 -0.118054 -1.06048 -0.172359
0.118053 -1.06048 -0.172359 -0.44569 -0.967757 -0.181873 0.44569 -0.967759 -0.181872 -0.0642513
-1.06358 -0.181655 0.0642507 -1.06358 -0.181655 -0.590377 -0.902591 -0.0730293 0.590377 -0.902593
-0.0730291 -0.0779125 -1.0633 -0.178959 0.0779119 -1.0633 -0.178959 -0.299481 -1.02522 -0.167294
0.299481 -1.02522 -0.167294 0.322622 -1.01832 -0.166545 -0.322622 -1.01832 -0.166545 -0.590133
-0.892555 -0.154863 0.590133 -0.892557 -0.154863 0.0749692 -1.06294 -0.183047 -0.0749693 -1.06294
-0.183047 -0.298656 -1.02425 -0.175725 0.298655 -1.02425 -0.175725 -0.370676 -1.00057 -0.174997
0.370676 -1.00057 -0.174996 -0.0771831 -1.06263 -0.184597 0.0771827 -1.06263 -0.184597 -0.496548
-0.942705 -0.184603 0.496548 -0.942706 -0.184602 -0.444617 -0.967057 -0.191193 0.444617 -0.967058
-0.191192 -0.597317 -0.886142 -0.165942 0.597317 -0.886144 -0.165942 -0.369488 -0.999756 -0.183407
0.369487 -0.999757 -0.183407 0.118885 -1.05971 -0.18081 -0.118885 -1.05971 -0.18081 -0.598651
-0.90003 -0.0377102 0.598651 -0.900032 -0.03771 -0.590355 -0.898264 -0.120677 0.590355 -0.898265
-0.120677 -0.599279 -0.89098 -0.131852 0.599279 -0.890981 -0.131852 -0.0778332 -1.06453 -0.17723
0.0778328 -1.06453 -0.17723 -0.599279 -0.896373 -0.0902587 0.599279 -0.896375 -0.0902584 -0.134589
-1.06014 -0.169862 0.134588 -1.06014 -0.169861 -0.589882 -0.893127 -0.158904 0.589882 -0.893129
-0.158904 -0.591841 -0.905521 -0.0266215 0.591841 -0.905523 -0.0266212 -0.593189 -0.90485 -0.0185736
0.593189 -0.904852 -0.0185733 -0.584067 -0.891635 -0.187427 0.584067 -0.891637 -0.187427 -0.0771279
-1.06392 -0.182822 0.0771274 -1.06392 -0.182822 -0.0490553 -1.06675 -0.175911 0.0490546 -1.06675
-0.175911 -0.23406 -1.04399 -0.164036 -0.595805 -0.887142 -0.172058 0.23406 -1.04399 -0.164036
0.595805 -0.887143 -0.172058 -0.4964 -0.942151 -0.193982 0.496399 -0.942152 -0.193981 -0.233834
-1.04282 -0.17346 0.233833 -1.04282 -0.17346 -0.135427 -1.05917 -0.179282 0.135427 -1.05917
-0.179282 -0.436167 -0.973674 -0.184523 0.436167 -0.973674 -0.184523 -0.0774507 -1.06377 -0.186422
0.0774502 -1.06377 -0.186422 -0.594816 -0.904626 -0.0158935 0.594816 -0.904628 -0.0158932 0.438437
-0.975049 -0.171819 -0.438437 -0.975049 -0.171819 -0.395565 -0.99221 -0.177907 0.395565 -0.992211
-0.177907 -0.277231 -1.03357 -0.165827 0.277231 -1.03357 -0.165827 0.0636289 -1.06477 -0.186719
-0.0636295 -1.06477 -0.186719 -0.590981 -0.906613 -0.0397203 0.590981 -0.906615 -0.03972 -0.0494501
-1.06637 -0.182503 0.0494494 -1.06637 -0.182503 -0.593445 -0.888305 -0.177966 0.593445 -0.888306
-0.177965 -0.589852 -0.889718 -0.183157 0.589851 -0.88972 -0.183156 -0.276598 -1.03257 -0.174267
0.276598 -1.03257 -0.174267 -0.394357 -0.991451 -0.186318 0.394357 -0.991452 -0.186318 -0.589349
-0.893911 -0.163796 0.589348 -0.893912 -0.163795 -0.561788 -0.90581 -0.19295 0.561788 -0.905811
-0.19295 0.436617 -0.97604 -0.173406 -0.436617 -0.97604 -0.173406 -0.152882 -1.05916 -0.168036
0.152882 -1.05916 -0.168036 -0.599279 -0.891401 -0.1404 0.599279 -0.891403 -0.140399 -0.0902727
-1.06462 -0.17877 0.0902722 -1.06462 -0.17877 -0.590355 -0.903902 -0.0912121 0.590354 -0.903904
-0.0912118 -0.590355 -0.898951 -0.132004 0.590355 -0.898953 -0.132003 -0.541948 -0.919767 -0.185491
0.541948 -0.919769 -0.18549 -0.571349 -0.902185 -0.183618 0.571349 -0.902187 -0.183618 -0.599093
-0.901239 -0.0546113 0.599093 -0.90124 -0.054611 0.0332996 -1.06866 -0.176303 -0.0333003 -1.06866
-0.176303 -0.0641122 -1.06723 -0.17673 0.0641115 -1.06723 -0.17673 -0.0635874 -1.06605 -0.184916
0.0635869 -1.06605 -0.184916 -0.153602 -1.05807 -0.177815 0.153601 -1.05807 -0.177815 -0.596443
-0.904848 -0.0185832 0.596443 -0.904849 -0.0185829 -0.0489067 -1.06637 -0.187989 0.0489061 -1.06637
-0.187989 -0.0643907 -1.06699 -0.180329 0.0643901 -1.06699 -0.180329 -0.090918 -1.06423 -0.185342
0.0909174 -1.06423 -0.185342 -0.588342 -0.894889 -0.168971 0.588342 -0.894891 -0.168971 -0.599272
-0.891682 -0.145995 0.599272 -0.891684 -0.145995 -0.613801 -0.883671 -0.134366 0.613801 -0.883671
-0.134366 -0.599279 -0.897368 -0.106801 0.599279 -0.89737 -0.106801 0.0168287 -1.06977 -0.176416
-0.0168291 -1.06977 -0.176416 -0.0335674 -1.06832 -0.182903 -0.0638646 -1.06596 -0.188521 0.063864
-1.06596 -0.188521 0.0335668 -1.06832 -0.182903 0.613801 -0.883388 -0.13724 -0.613801 -0.883388
-0.13724 -0.172527 -1.05758 -0.166625 0.172527 -1.05758 -0.166625 0.033168 -1.0675 -0.188572
-0.0331686 -1.0675 -0.188572 -0.440706 -0.973674 -0.184523 0.440706 -0.973674 -0.184523 -3.00651e-07
-1.07014 -0.176416 -0.59054 -0.907995 -0.0562956 0.59054 -0.907996 -0.0562953 -0.471497 -0.959295
-0.183911 0.471496 -0.959296 -0.183911 0.440257 -0.97604 -0.173406 -0.440256 -0.97604 -0.173406
0.016753 -1.06817 -0.18873 -0.0167537 -1.06817 -0.18873 -0.0488769 -1.06765 -0.186166 0.0488762
-1.06765 -0.186166 -0.599226 -0.891893 -0.149607 0.599226 -0.891895 -0.149607 -3.00651e-07 -1.06839
-0.188724 -0.173052 -1.05641 -0.176458 0.173051 -1.05641 -0.176458 -0.0643373 -1.06821 -0.178584
0.0643367 -1.06821 -0.178584 -0.590355 -0.899462 -0.140409 0.590355 -0.899464 -0.140409 -0.586673
-0.89606 -0.173872 0.586673 -0.896061 -0.173872 -0.579269 -0.89941 -0.18129 0.579269 -0.899412
-0.181289 -0.420841 -0.983731 -0.180662 0.420841 -0.983733 -0.180661 0.0169635 -1.06946 -0.183022
-0.0169642 -1.06946 -0.183022 -0.319792 -1.02499 -0.157366 0.319792 -1.02499 -0.157366 -0.470783
-0.958674 -0.19313 0.470783 -0.958675 -0.19313 -0.597791 -0.905515 -0.026645 0.597791 -0.905517
-0.0266448 -0.599101 -0.892124 -0.152446 0.599101 -0.892125 -0.152446 -3.00651e-07 -1.06984 -0.183025
-0.321612 -1.02492 -0.155496 0.321612 -1.02492 -0.155496 -0.583986 -0.897477 -0.178023 0.583985
-0.897478 -0.178023 -0.0490958 -1.0676 -0.189776 0.0490952 -1.0676 -0.189776 0.033149 -1.06877
-0.186739 -0.0331495 -1.06877 -0.186739 -0.419698 -0.983034 -0.189061 0.419698 -0.983035 -0.189061
-0.103889 -1.06622 -0.175268 0.103889 -1.06622 -0.175268 -0.543552 -0.91938 -0.194167 0.543552
-0.919381 -0.194166 0.436167 -0.978266 -0.176972 -0.436167 -0.978266 -0.176972 -0.0773125 -1.06763
-0.181405 0.077312 -1.06763 -0.181405 0.0493651 -1.06999 -0.177547 -0.0493657 -1.06999 -0.177547
-0.255835 -1.04216 -0.165237 0.255835 -1.04216 -0.165237 -0.0167444 -1.06943 -0.186893 0.0167438
-1.06943 -0.186893 -0.616352 -0.883529 -0.135803 0.616352 -0.883529 -0.135803 -0.193039 -1.05561
-0.165548 0.193039 -1.05561 -0.165548 -0.319342 -1.02513 -0.161567 0.319343 -1.02513 -0.161567
-3.00651e-07 -1.06965 -0.186886 -0.599256 -0.902563 -0.0731308 0.599256 -0.902565 -0.0731305 -0.590355
-0.905073 -0.107449 0.590355 -0.905074 -0.107449 -0.255417 -1.04112 -0.173684 0.255417 -1.04113
-0.173684 -0.59886 -0.892474 -0.155728 0.0655034 -1.07982 -0.0953202 -0.0655035 -1.07982 -0.0953202
0.59886 -0.892476 -0.155728 -0.590353 -0.899801 -0.145901 0.590353 -0.899803 -0.145901 0.0333
-1.06876 -0.190352 -0.0333007 -1.06876 -0.190352 -0.0495786 -1.06978 -0.181152 0.0495782 -1.06978
-0.181152 0.437427 -0.97665 -0.186107 -0.437427 -0.97665 -0.186107 -0.520814 -0.934972 -0.185542
0.520813 -0.934973 -0.185542 -0.193328 -1.05441 -0.175333 0.193328 -1.05441 -0.175333 0.323432
-1.02499 -0.157366 -0.323432 -1.02499 -0.157366 -0.323374 -1.02283 -0.171199 0.323373 -1.02283
-0.171199 -0.104751 -1.06558 -0.183728 0.10475 -1.06558 -0.183728 -0.347121 -1.01466 -0.173802
0.34712 -1.01467 -0.173802 -0.0168215 -1.06945 -0.190508 0.016821 -1.06945 -0.190508 -0.322612
-1.02212 -0.177732 0.322611 -1.02212 -0.177732 -3.00651e-07 -1.06968 -0.190503 -0.599279 -0.898214
-0.120853 0.599279 -0.898216 -0.120853 -0.346261 -1.01399 -0.180329 0.346261 -1.01399 -0.180329
-0.0779028 -1.06735 -0.187987 0.077902 -1.06735 -0.187987 -0.575266 -0.90192 -0.190812 0.575266
-0.901921 -0.190811 -0.590334 -0.900051 -0.149391 0.590334 -0.900053 -0.14939 0.320602 -1.02525
-0.164936 -0.320602 -1.02525 -0.164936 -0.590377 -0.909509 -0.0744582 0.590377 -0.909511 -0.0744579
-0.593189 -0.910495 -0.0208682 0.593189 -0.910497 -0.0208679 -0.598432 -0.893028 -0.160366 0.598432
-0.89303 -0.160366 -0.591841 -0.911238 -0.0287792 0.591841 -0.911239 -0.028779 -0.439446 -0.97665
-0.186107 0.439447 -0.97665 -0.186107 -0.0495455 -1.071 -0.179397 0.0495449 -1.071 -0.179397
-0.300317 -1.031 -0.169054 0.300316 -1.031 -0.169054 -0.0335209 -1.07191 -0.177929 0.0335203
-1.07191 -0.177929 -0.598651 -0.906601 -0.0397655 0.598651 -0.906602 -0.0397652 -0.323881 -1.02513
-0.161567 0.323882 -1.02513 -0.161567 -0.371449 -1.00641 -0.176645 0.371448 -1.00641 -0.176645
-0.299683 -1.03025 -0.175595 0.299682 -1.03025 -0.175595 -0.590283 -0.900313 -0.152014 0.590282
-0.900314 -0.152013 -0.0637629 -1.06981 -0.183419 0.0637623 -1.06981 -0.183419 -0.370528 -1.00578
-0.183169 0.322622 -1.02525 -0.164936 -0.322622 -1.02525 -0.164936 0.370528 -1.00578 -0.183169
0.440706 -0.978266 -0.176972 -0.440706 -0.978266 -0.176972 -0.594816 -0.910247 -0.0182336 0.594816
-0.910248 -0.0182333 0.0336643 -1.07173 -0.181539 -0.0336648 -1.07173 -0.181539 -0.213954 -1.0535
-0.165063 0.213953 -1.0535 -0.165062 -0.559336 -0.914292 -0.185015 0.559336 -0.914293 -0.185014
-0.521426 -0.934503 -0.194626 0.521425 -0.934505 -0.194626 -0.0169437 -1.07303 -0.178039 0.0169431
-1.07303 -0.178039 -0.590182 -0.900687 -0.154907 0.590182 -0.900688 -0.154907 -0.590981 -0.912446
-0.0416555 0.590981 -0.912448 -0.0416552 -0.59761 -0.893789 -0.166046 0.59761 -0.893791 -0.166046
-0.213991 -1.05233 -0.174489 0.213991 -1.05233 -0.174489 -0.446375 -0.975168 -0.183089 0.446375
-0.975169 -0.183088 -2.11092e-07 -1.0734 -0.178039 -0.118758 -1.06771 -0.172563 0.118757 -1.06771
-0.172563 -0.590355 -0.906067 -0.121242 0.590355 -0.906068 -0.121242 -0.437427 -0.980051 -0.179831
0.437427 -0.980052 -0.179831 0.0170156 -1.07287 -0.181652 -0.0170162 -1.07287 -0.181652 -0.0642686
-1.06964 -0.190012 0.0642681 -1.06964 -0.190012 -0.599279 -0.903866 -0.0913427 -0.0490258 -1.07143
-0.184618 0.599279 -0.903867 -0.0913424 0.0490252 -1.07143 -0.184618 -0.599279 -0.898897 -0.132198
0.599279 -0.898899 -0.132198 -0.0336458 -1.07293 -0.179778 0.0336453 -1.07293 -0.179778 -0.445408
-0.974537 -0.191447 0.445407 -0.974538 -0.191447 -3.00651e-07 -1.07324 -0.181653 -0.596443 -0.910492
-0.0208777 0.596443 -0.910494 -0.0208775 -0.584375 -0.899182 -0.187544 0.584375 -0.899184 -0.187544
-0.396249 -0.998004 -0.179515 0.396249 -0.998005 -0.179515 -0.27806 -1.03925 -0.167587 0.27806
-1.03925 -0.167587 -0.596149 -0.894742 -0.172148 0.596149 -0.894743 -0.172148 -0.589985 -0.901256
-0.158923 0.589985 -0.901258 -0.158923 -0.119698 -1.06686 -0.181987 0.119698 -1.06686 -0.181987
-0.497057 -0.950906 -0.185343 0.0657989 -1.0712 -0.183935 -0.0657989 -1.0712 -0.183935 0.497056
-0.950907 -0.185343 -0.395312 -0.997414 -0.186039 0.395312 -0.997415 -0.186039 -0.277577 -1.03847
-0.174135 0.277577 -1.03847 -0.174135 -0.0332571 -1.07257 -0.185164 0.0332566 -1.07257 -0.185164
-0.0907224 -1.0705 -0.178092 0.0907217 -1.0705 -0.178092 -0.439446 -0.980051 -0.179831 0.439447
-0.980052 -0.179831 -0.0170076 -1.07406 -0.179888 0.0170072 -1.07406 -0.179888 0.0168002 -1.07324
-0.185307 -0.0168006 -1.07324 -0.185307 -0.599093 -0.907975 -0.056368 0.599093 -0.907976 -0.0563677
-3.00651e-07 -1.07345 -0.185299 -3.00651e-07 -1.07443 -0.179888 -0.0494247 -1.07135 -0.191219 0.049424
-1.07135 -0.191219 -0.593806 -0.895886 -0.17806 0.593805 -0.895888 -0.17806 -0.590355 -0.910998
-0.0923191 0.590354 -0.910999 -0.0923188 -0.590195 -0.897278 -0.183257 0.590194 -0.897279 -0.183256
-0.235162 -1.05106 -0.165473 0.235161 -1.05106 -0.165473 -0.59054 -0.913975 -0.057949 0.59054
-0.913977 -0.0579488 -0.599279 -0.899404 -0.140616 0.599279 -0.899406 -0.140616 -0.496887 -0.950368
-0.194385 0.496887 -0.95037 -0.194385 -0.234974 -1.05001 -0.173925 0.234973 -1.05001 -0.173925
-0.589517 -0.90203 -0.163787 0.589517 -0.902031 -0.163787 -0.0915567 -1.07 -0.186564 0.0915561
-1.07 -0.186564 -0.32378 -1.0263 -0.173161 0.32378 -1.0263 -0.173161 -0.347503 -1.01814
-0.175739 0.347503 -1.01814 -0.175739 -0.323365 -1.0259 -0.176734 0.323365 -1.0259 -0.176734
0.0335317 -1.07256 -0.191771 -0.0335324 -1.07256 -0.191771 -0.347034 -1.01777 -0.179308 0.347034
-1.01777 -0.179308 -0.590356 -0.90687 -0.132377 0.590355 -0.906871 -0.132377 -0.562021 -0.913972
-0.193081 0.562021 -0.913973 -0.193081 -0.597791 -0.911231 -0.0288028 0.597791 -0.911233 -0.0288025
-0.135503 -1.06825 -0.170571 0.135503 -1.06825 -0.170571 0.0929609 -1.07116 -0.181056 -0.092961
-1.07116 -0.181056 0.0169405 -1.07328 -0.191918 -0.0169411 -1.07328 -0.191918 -0.571623 -0.91027
-0.183588 0.571623 -0.910271 -0.183588 -3.45431e-07 -1.07351 -0.191912 -0.30074 -1.03442 -0.171034
0.30074 -1.03442 -0.171033 -0.593189 -0.915066 -0.0228183 0.593189 -0.915068 -0.022818 -0.599279
-0.905029 -0.107606 0.599279 -0.90503 -0.107606 -0.421413 -0.989457 -0.182223 0.421413 -0.989458
-0.182223 -0.300396 -1.03401 -0.17461 0.300395 -1.03401 -0.17461 -0.542293 -0.928088 -0.185741
0.542293 -0.928089 -0.185741 -0.371793 -1.00988 -0.178554 0.371793 -1.00988 -0.178554 -0.599273
-0.89974 -0.146127 0.599273 -0.899742 -0.146127 -0.591841 -0.915868 -0.0306131 0.591841 -0.915869
-0.0306128 -0.136393 -1.06725 -0.180349 0.136393 -1.06725 -0.180349 -0.37129 -1.00954 -0.182122
0.371289 -1.00954 -0.182122 -0.588573 -0.902999 -0.168938 0.588572 -0.903001 -0.168938 -0.420524
-0.988915 -0.188739 0.420524 -0.988916 -0.188739 0.094428 -1.0804 -0.120886 -0.0944281 -1.0804
-0.120886 -0.323766 -1.02731 -0.175108 0.323765 -1.02731 -0.175108 -0.347462 -1.01917 -0.177676
0.347461 -1.01917 -0.177676 -0.594816 -0.914799 -0.0202224 0.594816 -0.9148 -0.0202221 -0.472035
-0.966551 -0.185018 0.472035 -0.966552 -0.185018 -0.0777491 -1.07364 -0.180576 0.0777485 -1.07364
-0.180576 -0.256665 -1.04768 -0.166965 0.256665 -1.04768 -0.166965 -0.599235 -0.899987 -0.149694
0.599235 -0.899989 -0.149694 0.0572524 -1.08599 -0.0952622 -0.0572525 -1.08599 -0.0952622 -0.256349
-1.04687 -0.173518 0.256349 -1.04687 -0.173518 -0.590356 -0.907466 -0.140639 0.590356 -0.907467
-0.140638 -0.599256 -0.909481 -0.0745605 0.599256 -0.909482 -0.0745603 -0.153963 -1.06762 -0.168993
0.153962 -1.06762 -0.168993 -0.586945 -0.904156 -0.173818 0.586945 -0.904158 -0.173818 -0.579548
-0.907472 -0.181222 0.579548 -0.907474 -0.181222 -0.590981 -0.917172 -0.0433001 0.590981 -0.917173
-0.0432999 -0.300757 -1.03542 -0.172988 0.300757 -1.03542 -0.172988 -0.590355 -0.912327 -0.108269
0.590355 -0.912329 -0.108269 -0.599131 -0.900242 -0.152517 -0.598651 -0.912434 -0.0417007 0.599131
-0.900244 -0.152516 0.598651 -0.912435 -0.0417004 -0.471385 -0.965991 -0.193287 -0.371726 -1.01092
-0.180481 0.471385 -0.965992 -0.193287 0.371725 -1.01092 -0.180481 -0.590378 -0.915651 -0.075803
0.590377 -0.915653 -0.0758027 -0.584269 -0.905551 -0.177954 -0.396537 -1.00146 -0.181398 0.584269
-0.905552 -0.177953 0.396536 -1.00146 -0.181398 -0.396024 -1.00113 -0.184966 0.396024 -1.00113
-0.184966 -0.278502 -1.0426 -0.169567 0.278501 -1.0426 -0.169567 0.436617 -0.986718 -0.170652
-0.436617 -0.986718 -0.170652 -0.15471 -1.06653 -0.178823 0.154709 -1.06653 -0.178823 -0.27824
-1.04218 -0.173148 0.278239 -1.04218 -0.173148 -0.596443 -0.915064 -0.0228277 0.596443 -0.915066
-0.0228274 -0.0785096 -1.07328 -0.189061 0.0785089 -1.07328 -0.189061 -0.590355 -0.907861 -0.146036
0.590354 -0.907862 -0.146036 -0.598928 -0.900605 -0.155795 0.598928 -0.900607 -0.155794 -0.543829
-0.927699 -0.194393 0.543828 -0.9277 -0.194393 0.438437 -0.986654 -0.168782 -0.438437 -0.986654
-0.168782 -0.104564 -1.07365 -0.175325 0.104563 -1.07365 -0.175325 -0.173708 -1.06593 -0.167644
0.173708 -1.06593 -0.167644 0.436167 -0.986863 -0.174853 -0.436167 -0.986864 -0.174853 -0.599279
-0.906017 -0.121421 0.599279 -0.906018 -0.121421 -0.0641659 -1.07593 -0.182462 0.0641651 -1.07593
-0.182462 0.185126 -1.06362 -0.171883 -0.185126 -1.06362 -0.171884 -0.52122 -0.942956 -0.186097
0.52122 -0.942957 -0.186096 -0.590345 -0.908146 -0.149467 0.590345 -0.908147 -0.149467 -0.174252
-1.06478 -0.177426 0.174252 -1.06478 -0.177426 -0.446833 -0.980803 -0.184589 0.446833 -0.980804
-0.184589 -0.575489 -0.910001 -0.190863 0.575489 -0.910002 -0.190863 -0.396447 -1.00249 -0.183317
0.396447 -1.00249 -0.183317 -0.593189 -0.918379 -0.0243771 0.593189 -0.91838 -0.0243768 -0.278555
-1.04357 -0.171523 0.278554 -1.04357 -0.171523 -0.598556 -0.901156 -0.160425 0.598556 -0.901158
-0.160425 -0.591841 -0.919223 -0.032079 0.591841 -0.919225 -0.0320788 -0.194231 -1.06344 -0.166682
0.19423 -1.06344 -0.166682 -0.105534 -1.07295 -0.184759 0.105533 -1.07295 -0.184759 -0.59054
-0.918822 -0.0593543 0.59054 -0.918824 -0.059354 -0.44608 -0.980312 -0.191073 0.44608 -0.980313
-0.191073 -0.440256 -0.986718 -0.170652 0.440257 -0.986718 -0.170652 -0.590317 -0.90843 -0.152054
0.590317 -0.908431 -0.152054 -0.597791 -0.915862 -0.0306365 0.597791 -0.915863 -0.0306362 -0.594816
-0.918096 -0.0218122 0.594816 -0.918098 -0.0218119 0.437427 -0.98698 -0.178222 -0.437427 -0.98698
-0.178222 -0.194528 -1.06229 -0.176108 0.194528 -1.06229 -0.176108 -0.0493617 -1.07763 -0.183578
0.0493609 -1.07763 -0.183578 -0.421638 -0.992876 -0.184078 0.421638 -0.992877 -0.184078 -0.599279
-0.910961 -0.0924509 0.599279 -0.910963 -0.0924506 -0.599093 -0.913956 -0.0580216 0.599093 -0.913957
-0.0580213 -0.590355 -0.913457 -0.121818 0.590355 -0.913458 -0.121817 -0.421152 -0.992579 -0.187641
0.421152 -0.99258 -0.187641 -0.0648152 -1.07571 -0.19096 0.0648146 -1.07571 -0.19096 0.0570325
-1.07734 -0.184531 -0.0570325 -1.07734 -0.184531 -0.324579 -1.0295 -0.181553 0.324579 -1.0295
-0.181553 -0.215034 -1.06037 -0.166428 0.215033 -1.06037 -0.166428 0.183306 -1.06533 -0.172662
-0.183306 -1.06533 -0.172662 -0.59026 -0.908814 -0.154925 0.59026 -0.908816 -0.154925 -0.597794
-0.901908 -0.166095 0.597794 -0.901909 -0.166095 -0.559638 -0.922457 -0.185114 0.559638 -0.922458
-0.185114 -0.521771 -0.942501 -0.194859 0.52177 -0.942503 -0.194858 -0.590355 -0.917299 -0.0933603
0.590354 -0.917301 -0.09336 0.440706 -0.986863 -0.174853 -0.440706 -0.986864 -0.174853 -0.590981
-0.920599 -0.0446148 0.590981 -0.9206 -0.0446146 0.0334963 -1.07881 -0.18408 -0.0334968 -1.07881
-0.18408 -0.348368 -1.02157 -0.184271 0.348368 -1.02157 -0.184271 -0.215081 -1.05931 -0.174881
0.21508 -1.05931 -0.174881 -0.439446 -0.98698 -0.178222 0.439447 -0.98698 -0.178222 -0.599279
-0.906815 -0.132573 0.599279 -0.906816 -0.132573 -0.25713 -1.05093 -0.168926 0.257129 -1.05093
-0.168926 -0.25696 -1.05049 -0.17251 0.256959 -1.05049 -0.17251 -0.301437 -1.0375 -0.179303
0.301437 -1.0375 -0.179303 0.597644 -0.907406 -0.137552 -0.597644 -0.907406 -0.137552 -0.0169254
-1.07951 -0.184207 0.0169247 -1.07951 -0.184207 -0.235995 -1.0564 -0.167149 0.235995 -1.0564
-0.167148 0.186946 -1.06533 -0.172662 -0.186946 -1.06533 -0.172662 -3.90211e-07 -1.07973 -0.184196
-0.596443 -0.918376 -0.0243864 0.596443 -0.918378 -0.0243861 -0.497488 -0.957982 -0.186303 0.497488
-0.957983 -0.186303 -0.584613 -0.907241 -0.187565 0.584613 -0.907243 -0.187565 -0.235857 -1.05558
-0.173705 0.235857 -1.05559 -0.173705 -0.421537 -0.993907 -0.185986 0.421537 -0.993909 -0.185985
0.0498717 -1.07753 -0.192088 -0.0498724 -1.07753 -0.192088 -0.596384 -0.902851 -0.17219 0.596384
-0.902853 -0.172189 -0.590126 -0.909381 -0.15893 0.590125 -0.909383 -0.158929 -0.324956 -1.03089
-0.179788 0.324955 -1.03089 -0.179788 -0.593189 -0.920929 -0.0261234 0.593189 -0.920931 -0.0261231
-0.0506301 -1.09057 -0.0953269 0.05063 -1.09057 -0.0953269 -0.591841 -0.92181 -0.0337203 0.591841
-0.921811 -0.0337201 -0.348738 -1.02292 -0.182496 -0.372592 -1.01361 -0.187232 0.348737 -1.02292
-0.182496 0.372592 -1.01362 -0.187232 -0.598651 -0.91716 -0.0433449 0.598651 -0.917162 -0.0433446
-0.320602 -1.03452 -0.168886 0.320602 -1.03452 -0.168886 -0.324656 -1.03085 -0.183395 0.324656
-1.03085 -0.183395 -0.257224 -1.05186 -0.170877 0.257223 -1.05186 -0.170877 -0.594067 -0.903982
-0.178093 0.594067 -0.903983 -0.178093 -0.590453 -0.90535 -0.183278 0.590452 -0.905351 -0.183278
-0.497318 -0.957497 -0.194416 0.497318 -0.957499 -0.194415 -0.594816 -0.920635 -0.0235934 0.594816
-0.920636 -0.0235931 -0.301813 -1.03891 -0.177546 0.301812 -1.03891 -0.177546 -0.590378 -0.92063
-0.076946 0.590377 -0.920632 -0.0769457 -0.0338487 -1.07881 -0.192598 0.0338482 -1.07881 -0.192598
-0.119608 -1.07604 -0.173182 0.119607 -1.07604 -0.173182 -0.590355 -0.914369 -0.132754 0.590355
-0.914371 -0.132754 -0.348408 -1.0229 -0.186101 0.348408 -1.0229 -0.186101 -0.599279 -0.907407
-0.140849 0.599279 -0.907409 -0.140848 -0.0913823 -1.07814 -0.177959 0.0913817 -1.07814 -0.177959
-0.600195 -0.907588 -0.13612 0.600195 -0.907588 -0.13612 -0.600195 -0.907224 -0.138984 0.600195
-0.907224 -0.138984 -0.322622 -1.03452 -0.168886 0.322622 -1.03452 -0.168886 -0.472402 -0.972072
-0.186429 0.472402 -0.972073 -0.186429 0.017104 -1.07956 -0.19273 -0.0171046 -1.07956 -0.19273
-0.279154 -1.04565 -0.177748 0.279154 -1.04565 -0.177747 -0.589727 -0.910147 -0.163783 0.589727
-0.910149 -0.163783 -0.301565 -1.03886 -0.181155 0.301564 -1.03886 -0.181155 0.319343 -1.0361
-0.16591 -0.319342 -1.0361 -0.16591 -0.59054 -0.922339 -0.0604776 0.59054 -0.92234 -0.0604774
-3.45431e-07 -1.07981 -0.192721 -0.599279 -0.912283 -0.108427 0.599279 -0.912285 -0.108427 -0.447008
-0.984173 -0.186402 0.447008 -0.984174 -0.186401 -0.599256 -0.915623 -0.0759055 0.599256 -0.915625
-0.0759052 -0.597791 -0.919218 -0.0321019 0.597791 -0.91922 -0.0321016 -0.372947 -1.01494 -0.185448
0.372947 -1.01494 -0.185448 -0.446595 -0.983904 -0.189948 0.446595 -0.983905 -0.189948 -0.590981
-0.923243 -0.0460853 -0.56224 -0.922135 -0.19317 0.590981 -0.923244 -0.046085 0.56224 -0.922137
-0.19317 -0.471892 -0.971636 -0.192846 0.471892 -0.971638 -0.192845 -0.120601 -1.07517 -0.182964
0.1206 -1.07517 -0.182964 -0.571917 -0.918353 -0.183596 0.571917 -0.918355 -0.183596 -0.596443
-0.920927 -0.0261324 0.596443 -0.920928 -0.0261322 -0.590355 -0.918771 -0.109039 0.590355 -0.918772
-0.109039 -0.599274 -0.907799 -0.146265 0.599274 -0.907801 -0.146265 -0.372612 -1.01493 -0.189053
0.372612 -1.01493 -0.189053 0.185126 -1.06976 -0.161646 -0.185126 -1.06976 -0.161646 -0.0923173
-1.07759 -0.187406 0.0923166 -1.07759 -0.187406 -0.542637 -0.935877 -0.186114 0.542637 -0.935879
-0.186113 -0.397082 -1.00557 -0.190194 0.397082 -1.00557 -0.190194 -0.593189 -0.923387 -0.0287922
0.593189 -0.923388 -0.0287919 -0.588843 -0.911109 -0.168921 0.588843 -0.911111 -0.168921 -0.27952
-1.04709 -0.175993 0.279519 -1.04709 -0.175993 -0.590356 -0.915046 -0.140869 0.590356 -0.915048
-0.140869 -0.446916 -0.985199 -0.188289 0.446916 -0.9852 -0.188289 -0.591841 -0.924304 -0.0362272
0.323882 -1.0361 -0.16591 -0.323881 -1.0361 -0.16591 0.591841 -0.924306 -0.0362269 -0.59924
-0.908081 -0.149774 0.59924 -0.908082 -0.149774 -0.319792 -1.03807 -0.162199 0.319792 -1.03807
-0.162199 -0.279339 -1.04702 -0.179605 0.279339 -1.04702 -0.179605 -0.594816 -0.923081 -0.0263161
0.594816 -0.923082 -0.0263158 -0.599093 -0.918803 -0.0594262 0.599093 -0.918805 -0.0594259 0.0501027
-1.08167 -0.184905 -0.0501027 -1.08167 -0.184905 0.183306 -1.07084 -0.163171 -0.183306 -1.07084
-0.163171 0.182856 -1.06915 -0.17441 -0.182856 -1.06915 -0.17441 -0.236487 -1.05955 -0.169078
0.236486 -1.05955 -0.169078 -0.397414 -1.00686 -0.188403 0.397414 -1.00686 -0.188403 -0.579853
-0.915533 -0.181188 0.579853 -0.915535 -0.181188 -0.587254 -0.912252 -0.173786 0.587254 -0.912253
-0.173786 -0.599147 -0.908359 -0.152563 0.599147 -0.90836 -0.152562 -0.236414 -1.0591 -0.172664
0.236413 -1.0591 -0.172664 -0.136493 -1.07689 -0.171494 0.136493 -1.07689 -0.171494 -0.598652
-0.920588 -0.0446586 0.598651 -0.92059 -0.0446583 -0.590358 -0.915497 -0.146167 0.590357 -0.915498
-0.146167 -0.584586 -0.913624 -0.177912 0.584585 -0.913625 -0.177911 -0.0783865 -1.08147 -0.180246
0.0783857 -1.08147 -0.180246 -0.597791 -0.921805 -0.0337426 0.597791 -0.921806 -0.0337423 -0.590355
-0.922408 -0.0942453 0.590354 -0.92241 -0.094245 0.186946 -1.07084 -0.163171 -0.186946 -1.07084
-0.163171 -0.59054 -0.925057 -0.0617319 0.590539 -0.925058 -0.0617316 -0.397103 -1.00686 -0.192008
0.397103 -1.00686 -0.192007 -0.599279 -0.913407 -0.121998 0.599279 -0.913408 -0.121998 0.0450563
-1.09418 -0.0954301 -0.0450564 -1.09418 -0.0954301 0.323432 -1.03807 -0.162199 -0.323432 -1.03807
-0.162199 0.187395 -1.06915 -0.17441 -0.187395 -1.06915 -0.17441 0.321612 -1.03895 -0.160548
-0.321612 -1.03895 -0.160548 -0.590981 -0.925798 -0.0483286 0.590981 -0.925799 -0.0483283 -0.590377
-0.924246 -0.0778595 0.590377 -0.924247 -0.0778593 -0.598971 -0.908732 -0.155825 0.598971 -0.908734
-0.155824 -0.257877 -1.05405 -0.177055 0.257877 -1.05405 -0.177054 -0.544066 -0.935499 -0.194467
0.544066 -0.935501 -0.194466 -0.521587 -0.949847 -0.186886 0.521587 -0.949849 -0.186885 -0.32576
-1.03501 -0.178408 0.325759 -1.03501 -0.178408 -0.596443 -0.923385 -0.028801 0.596443 -0.923387
-0.0288008 -0.599279 -0.917263 -0.0934923 0.599279 -0.917265 -0.093492 -0.137411 -1.0759 -0.181322
0.13741 -1.0759 -0.181322 -0.349488 -1.02697 -0.181086 0.349487 -1.02697 -0.181086 -0.590369
-0.915834 -0.149522 0.590369 -0.915836 -0.149522 -0.236625 -1.06043 -0.17102 0.236624 -1.06044
-0.171019 -0.590355 -0.920021 -0.122357 0.590355 -0.920022 -0.122357 -0.421835 -0.997405 -0.192843
0.421835 -0.997406 -0.192843 -0.472554 -0.97538 -0.188179 0.472554 -0.975381 -0.188178 -0.215866
-1.06555 -0.168049 0.215866 -1.06555 -0.168049 -0.606998 -0.907656 -0.135583 0.606998 -0.907656
-0.135583 -0.472273 -0.975142 -0.191688 0.472273 -0.975143 -0.191688 -0.302669 -1.04311 -0.176191
0.302668 -1.04311 -0.176191 -0.575693 -0.918083 -0.190877 0.575692 -0.918085 -0.190877 -0.215911
-1.06474 -0.174607 0.21591 -1.06474 -0.174607 -0.606998 -0.907156 -0.13952 0.606998 -0.907156
-0.13952 -0.155048 -1.07607 -0.170002 0.155047 -1.07607 -0.170002 -0.598645 -0.909282 -0.160453
0.598645 -0.909284 -0.160453 -0.079234 -1.08108 -0.189708 0.0792333 -1.08108 -0.189708 -0.590394
-0.916181 -0.152037 0.590394 -0.916182 -0.152037 -0.497805 -0.963371 -0.187591 0.497805 -0.963372
-0.18759 -0.325214 -1.03494 -0.185004 0.325214 -1.03495 -0.185004 -0.593189 -0.926421 -0.0331184
0.593189 -0.926422 -0.0331181 -0.258223 -1.0555 -0.175299 0.258223 -1.0555 -0.175299 -0.348886
-1.02693 -0.187679 0.348886 -1.02693 -0.187678 -0.195274 -1.07017 -0.167994 0.195273 -1.07017
-0.167994 -0.373648 -1.0189 -0.18401 0.373648 -1.0189 -0.184009 -0.522053 -0.949437 -0.194751
0.522053 -0.949439 -0.194751 -0.591841 -0.927386 -0.0402897 0.591841 -0.927388 -0.0402894 -0.174824
-1.07374 -0.168755 0.174824 -1.07374 -0.168755 -0.422128 -0.998669 -0.191052 0.422128 -0.99867
-0.191051 -0.155813 -1.07499 -0.179779 0.155813 -1.07499 -0.179779 -0.06475 -1.08393 -0.181967
0.0647494 -1.08393 -0.181967 -0.594816 -0.926099 -0.0307303 0.594816 -0.9261 -0.03073 -0.195554
-1.06914 -0.176447 0.195553 -1.06914 -0.176447 -0.258123 -1.05541 -0.178913 0.258122 -1.05541
-0.178912 -0.599256 -0.920604 -0.0770474 0.599256 -0.920605 -0.0770471 -0.302217 -1.043 -0.182792
0.302216 -1.043 -0.182792 -0.497663 -0.962993 -0.193887 0.497662 -0.962995 -0.193886 -0.590413
-0.916588 -0.154871 0.590412 -0.91659 -0.154871 -0.472503 -0.976397 -0.190032 0.472502 -0.976398
-0.190032 -0.599279 -0.914314 -0.132953 0.599279 -0.914315 -0.132953 -0.598651 -0.923234 -0.0461279
0.598651 -0.923235 -0.0461276 -0.559959 -0.930101 -0.185337 0.559959 -0.930102 -0.185337 -0.597791
-0.9243 -0.036249 0.597791 -0.924302 -0.0362487 -0.175367 -1.07264 -0.178177 0.175367 -1.07264
-0.178177 0.182856 -1.07328 -0.166596 -0.182856 -1.07328 -0.166596 -0.105382 -1.08222 -0.175775
0.105381 -1.08222 -0.175775 -0.421879 -0.998669 -0.194648 0.421879 -0.99867 -0.194648 -0.599093
-0.922322 -0.0605479 0.599093 -0.922324 -0.0605476 -0.597938 -0.910026 -0.166124 0.597938 -0.910027
-0.166124 0.0444674 -1.08495 -0.185131 -0.0444675 -1.08495 -0.185131 -0.59054 -0.927688 -0.0636417
0.590539 -0.927689 -0.0636414 -0.373035 -1.01889 -0.190601 0.373035 -1.01889 -0.190601 0.320602
-1.03956 -0.173908 -0.320602 -1.03956 -0.173908 -0.590377 -0.927044 -0.0788769 0.590377 -0.927045
-0.0788766 -0.590355 -0.923996 -0.109694 0.590355 -0.923998 -0.109693 -0.280419 -1.05132 -0.174653
0.280419 -1.05133 -0.174653 0.184116 -1.07221 -0.175812 -0.184116 -1.07221 -0.175812 -0.590356
-0.92103 -0.133108 0.590355 -0.921032 -0.133108 0.187395 -1.07328 -0.166596 -0.187395 -1.07328
-0.166596 -0.590363 -0.9171 -0.158899 0.590363 -0.917101 -0.158899 -0.0498458 -1.08578 -0.182976
0.0498452 -1.08578 -0.182976 -0.590981 -0.928957 -0.0519617 0.590981 -0.928959 -0.0519614 -0.584825
-0.915302 -0.187553 0.584825 -0.915304 -0.187553 -0.398072 -1.01074 -0.186943 0.398072 -1.01074
-0.186943 0.322622 -1.03956 -0.173908 -0.322622 -1.03956 -0.173908 -0.596443 -0.926419 -0.0331273
0.596443 -0.926421 -0.033127 -0.599279 -0.918728 -0.109197 0.599279 -0.918729 -0.109197 0.186136
-1.07221 -0.175812 -0.186136 -1.07221 -0.175812 -0.590354 -0.926121 -0.0949527 0.590354 -0.926122
-0.0949524 -0.0654702 -1.08369 -0.191444 0.0654697 -1.08369 -0.191444 -0.106401 -1.08149 -0.185567
0.1064 -1.08149 -0.185566 -0.596578 -0.910962 -0.172214 0.596578 -0.910963 -0.172213 0.0395433
-1.09763 -0.0954878 -0.0395433 -1.09763 -0.0954878 -0.446889 -0.989123 -0.194849 0.446889 -0.989125
-0.194849 -0.599279 -0.914987 -0.141081 0.599279 -0.914989 -0.14108 0.0950881 -1.09116 -0.12884
-0.0950881 -1.09116 -0.12884 -0.280091 -1.05119 -0.181258 0.280091 -1.05119 -0.181257 0.0338412
-1.08707 -0.183423 -0.0338418 -1.08707 -0.183423 -0.594292 -0.912078 -0.178104 0.594292 -0.91208
-0.178104 -0.590679 -0.913423 -0.183272 0.590678 -0.913425 -0.183271 0.437427 -0.996246 -0.182172
-0.437427 -0.996246 -0.182173 -0.397503 -1.01074 -0.193534 0.397502 -1.01074 -0.193534 -0.237496
-1.06276 -0.17717 0.237496 -1.06276 -0.17717 -0.590044 -0.917787 -0.163797 0.590044 -0.917789
-0.163797 0.0171038 -1.08784 -0.183528 -0.0171044 -1.08784 -0.183528 -2.11092e-07 -1.08809 -0.183514
-0.216382 -1.06861 -0.169945 0.216382 -1.06861 -0.169945 -0.598651 -0.92579 -0.0483704 0.598651
-0.925792 -0.0483701 -0.216409 -1.06816 -0.173532 0.216408 -1.06816 -0.173532 -0.447119 -0.990354
-0.193068 0.447118 -0.990355 -0.193068 0.436167 -0.997829 -0.179197 -0.436167 -0.997829 -0.179197
-0.590356 -0.92178 -0.141084 0.590356 -0.921781 -0.141084 -0.562407 -0.929789 -0.193125 0.562407
-0.92979 -0.193124 -0.497976 -0.966606 -0.189248 0.497976 -0.966607 -0.189248 -0.54298 -0.942602
-0.186731 0.54298 -0.942604 -0.186731 -0.319342 -1.04242 -0.172123 0.319343 -1.04242 -0.172123
-0.0504103 -1.08567 -0.192466 0.0504098 -1.08567 -0.192466 -0.599093 -0.925042 -0.0618002 0.599093
-0.925043 -0.0618 -0.572249 -0.925922 -0.183721 0.572249 -0.925923 -0.183721 -0.599273 -0.915435
-0.146398 0.599273 -0.915437 -0.146397 0.184116 -1.07523 -0.169343 -0.184116 -1.07523 -0.169344
-0.439446 -0.996246 -0.182173 0.439447 -0.996246 -0.182172 -0.599279 -0.922374 -0.094376 0.599279
-0.922376 -0.0943757 -0.497895 -0.966399 -0.192692 0.497895 -0.966401 -0.192692 0.613801 -0.907588
-0.13612 -0.613801 -0.907588 -0.13612 -0.597791 -0.927383 -0.0403115 0.597791 -0.927384 -0.0403112
0.613801 -0.907224 -0.138984 -0.613801 -0.907224 -0.138984 -0.44698 -0.990352 -0.196638 0.44698
-0.990353 -0.196638 -0.593189 -0.930537 -0.0396044 0.593189 -0.930539 -0.0396042 -0.599256 -0.924222
-0.0779588 0.599256 -0.924223 -0.0779585 0.186136 -1.07523 -0.169343 -0.186136 -1.07523 -0.169344
-0.590377 -0.929759 -0.0804212 0.590377 -0.92976 -0.0804209 0.0391541 -1.08797 -0.185273 -0.0391541
-1.08797 -0.185273 -0.422738 -1.00246 -0.189581 0.422738 -1.00246 -0.189581 -0.589217 -0.918709
-0.168957 0.589216 -0.91871 -0.168957 -0.59054 -0.930945 -0.0667315 0.590539 -0.930947 -0.0667313
-0.590355 -0.925345 -0.122816 -0.237813 -1.06421 -0.175409 0.237813 -1.06421 -0.175409 0.590355
-0.925347 -0.122816 -0.521896 -0.9551 -0.188026 0.521896 -0.955101 -0.188026 -0.0342296 -1.08707
-0.192922 0.034229 -1.08707 -0.192922 -0.59923 -0.91577 -0.149826 0.59923 -0.915771 -0.149825
-0.216565 -1.06946 -0.171875 0.216564 -1.06946 -0.171875 -0.591841 -0.931568 -0.0463794 0.591841
-0.931569 -0.0463791 -0.594816 -0.930193 -0.0373485 0.594816 -0.930195 -0.0373482 -0.259152 -1.05975
-0.173956 0.259151 -1.05975 -0.173956 -0.599279 -0.919972 -0.122538 0.599279 -0.919973 -0.122538
-0.590363 -0.922284 -0.146285 0.590363 -0.922286 -0.146284 -0.590355 -0.928998 -0.095737 0.590354
-0.928999 -0.0957367 -0.498003 -0.96761 -0.191047 0.498002 -0.967611 -0.191047 -0.237801 -1.0641
-0.179023 0.2378 -1.0641 -0.179023 0.436617 -0.999804 -0.175486 -0.436617 -0.999804 -0.175486
0.0173011 -1.0879 -0.193033 -0.0173018 -1.0879 -0.193033 -0.323881 -1.04242 -0.172123 0.323882
-1.04242 -0.172123 -3.45431e-07 -1.08818 -0.193021 -0.59912 -0.916111 -0.15253 -0.590355 -0.927795
-0.110217 0.59912 -0.916112 -0.152529 0.590355 -0.927796 -0.110217 -0.580214 -0.923081 -0.18126
0.580214 -0.923083 -0.18126 -0.587653 -0.919833 -0.173828 0.587653 -0.919835 -0.173828 0.0912078
-1.09499 -0.119785 -0.0912078 -1.09499 -0.119785 -0.0921825 -1.08695 -0.17819 0.0921819 -1.08695
-0.17819 -0.422281 -1.00246 -0.196158 0.422281 -1.00246 -0.196158 -0.544226 -0.942261 -0.194235
0.544225 -0.942263 -0.194235 -0.120531 -1.08491 -0.174009 0.12053 -1.08491 -0.174009 0.440706
-0.997829 -0.179197 -0.440706 -0.997829 -0.179197 -0.522242 -0.95478 -0.194132 0.522242 -0.954781
-0.194132 -0.616352 -0.907406 -0.137552 0.616352 -0.907406 -0.137552 -0.590415 -0.922696 -0.149535
0.590415 -0.922697 -0.149535 -0.25897 -1.05958 -0.180563 0.25897 -1.05958 -0.180563 -0.584976
-0.921184 -0.17796 0.584976 -0.921185 -0.17796 0.0336094 -1.10122 -0.0955703 -0.0336095 -1.10122
-0.0955703 -0.598935 -0.916508 -0.155741 0.598935 -0.91651 -0.155741 -0.596443 -0.930536 -0.0396135
0.596443 -0.930537 -0.0396133 -0.472283 -0.980717 -0.19588 0.472283 -0.980718 -0.19588 -0.196094
-1.07526 -0.169575 0.196093 -1.07526 -0.169575 -0.590981 -0.933245 -0.0574065 0.590981 -0.933246
-0.0574062 -0.599093 -0.927675 -0.0637087 0.599093 -0.927677 -0.0637084 -0.326953 -1.04176 -0.177643
0.326952 -1.04176 -0.177643 -0.121549 -1.08405 -0.183841 0.121548 -1.08405 -0.183841 -0.35058
-1.0336 -0.180271 0.35058 -1.0336 -0.180271 0.438437 -1.00068 -0.173834 -0.438437 -1.00068
-0.173834 -0.196319 -1.07446 -0.176132 0.196318 -1.07446 -0.176132 -0.598651 -0.928951 -0.0520035
0.598651 -0.928952 -0.0520032 -0.590546 -0.923172 -0.151906 0.590545 -0.923173 -0.151906 0.440257
-0.999804 -0.175486 -0.440256 -0.999804 -0.175486 -0.0931586 -1.08639 -0.187996 0.093158 -1.08639
-0.187996 -0.590356 -0.926434 -0.133409 0.590355 -0.926436 -0.133408 -0.599256 -0.927023 -0.0789734
0.599256 -0.927025 -0.0789732 -0.575826 -0.92566 -0.190772 0.575826 -0.925661 -0.190772 -0.599279
-0.923955 -0.10985 0.599279 -0.923957 -0.10985 -0.598624 -0.917004 -0.160383 0.598624 -0.917005
-0.160383 -0.472416 -0.981908 -0.194125 0.472416 -0.981909 -0.194125 -0.599279 -0.920976 -0.133307
0.599279 -0.920978 -0.133306 -0.319792 -1.04599 -0.169897 0.319792 -1.04599 -0.169897 -0.447659
-0.994043 -0.191602 0.447659 -0.994044 -0.191601 0.0881946 -1.0875 -0.1866 -0.0881947 -1.0875
-0.1866 -0.320274 -1.04436 -0.179001 0.320274 -1.04436 -0.179001 -0.374658 -1.0254 -0.183147
0.374657 -1.0254 -0.183146 -0.303967 -1.04995 -0.175469 0.303967 -1.04995 -0.175469 -0.599279
-0.92609 -0.0950805 0.599279 -0.926092 -0.0950802 -0.560318 -0.936703 -0.185806 0.560318 -0.936705
-0.185806 -0.590727 -0.923665 -0.154661 0.590727 -0.923667 -0.154661 -0.590377 -0.933124 -0.0829158
0.590377 -0.933125 -0.0829155 -0.590354 -0.931795 -0.096922 0.590354 -0.931797 -0.0969217 -0.326253
-1.04167 -0.186146 0.326252 -1.04167 -0.186145 0.0334427 -1.0912 -0.18536 -0.0334427 -1.0912
-0.18536 -0.349806 -1.03355 -0.188769 0.349806 -1.03355 -0.188769 -0.472447 -0.981899 -0.197642
0.472447 -0.9819 -0.197641 -0.522129 -0.95826 -0.189568 0.522128 -0.958261 -0.189568 -0.137488
-1.08552 -0.172468 0.137488 -1.08552 -0.172468 -0.32295 -1.04436 -0.179001 0.32295 -1.04436
-0.179001 -0.590355 -0.930743 -0.110793 0.590355 -0.930745 -0.110793 -0.590355 -0.929217 -0.123183
0.590355 -0.929219 -0.123183 -0.175811 -1.08046 -0.170047 0.17581 -1.08046 -0.170047 -0.597953
-0.91767 -0.166088 0.597953 -0.917672 -0.166087 -0.597791 -0.931564 -0.0464018 0.597791 -0.931566
-0.0464015 -0.447404 -0.994039 -0.198131 0.447404 -0.99404 -0.198131 0.323432 -1.04599 -0.169897
-0.323432 -1.04599 -0.169897 -0.373867 -1.02538 -0.191643 0.373867 -1.02538 -0.191643 -0.522313
-0.958084 -0.192909 0.522313 -0.958086 -0.192908 -0.217838 -1.07185 -0.177982 0.217837 -1.07185
-0.177982 -0.590812 -0.923964 -0.158822 0.590812 -0.923966 -0.158822 -0.30339 -1.04982 -0.183977
0.303389 -1.04982 -0.183977 -0.0791574 -1.09053 -0.18025 0.0791568 -1.09053 -0.18025 0.185126
-1.08116 -0.157918 -0.185126 -1.08116 -0.157918 -0.176311 -1.07947 -0.178496 0.176311 -1.07947
-0.178496 -0.590356 -0.927243 -0.141267 0.590356 -0.927245 -0.141267 -0.399022 -1.0171 -0.186045
0.399022 -1.0171 -0.186045 0.183306 -1.08134 -0.15978 -0.183306 -1.08134 -0.159781 -0.138423
-1.08455 -0.182243 0.138422 -1.08455 -0.182243 -0.156078 -1.08397 -0.171102 0.156077 -1.08397
-0.171102 -0.543323 -0.947732 -0.187717 0.543323 -0.947733 -0.187717 -0.599279 -0.921722 -0.141296
0.599279 -0.921724 -0.141296 -0.59054 -0.935367 -0.0713601 0.590539 -0.935369 -0.0713599 -0.23875
-1.06844 -0.174052 0.238749 -1.06844 -0.174052 -0.584948 -0.922857 -0.187438 0.584948 -0.922859
-0.187438 0.437427 -1.00129 -0.187194 -0.437427 -1.00129 -0.187195 0.321612 -1.04758 -0.168906
-0.321612 -1.04758 -0.168906 -0.59664 -0.918567 -0.172178 0.59664 -0.918568 -0.172178 -0.593189
-0.935587 -0.0478215 0.593189 -0.935589 -0.0478212 -0.522272 -0.959249 -0.191291 0.522271 -0.959251
-0.191291 -0.281817 -1.05823 -0.173953 0.281816 -1.05823 -0.173953 0.186946 -1.08134 -0.15978
-0.186946 -1.08134 -0.159781 -0.156834 -1.08294 -0.18052 0.156834 -1.08294 -0.18052 -0.599256
-0.929741 -0.0805159 0.599256 -0.929743 -0.0805156 -0.599093 -0.930935 -0.0667985 0.599093 -0.930936
-0.0667983 -0.590581 -0.924449 -0.163863 0.59058 -0.924451 -0.163862 -0.562471 -0.936421 -0.192809
0.562471 -0.936423 -0.192809 -0.599279 -0.925299 -0.122995 0.599279 -0.9253 -0.122995 -0.182856
-1.08173 -0.163965 0.182856 -1.08173 -0.163965 -0.594816 -0.935217 -0.0457331 0.594816 -0.935218
-0.0457328 -0.218116 -1.07329 -0.176216 0.218115 -1.07329 -0.176216 -0.591841 -0.936698 -0.054094
0.591841 -0.9367 -0.0540937 -0.196628 -1.07826 -0.171446 0.196627 -1.07826 -0.171446 -0.439446
-1.00129 -0.187195 0.439447 -1.00129 -0.187194 -0.59037 -0.927788 -0.146378 0.590369 -0.92779
-0.146378 -0.238729 -1.06824 -0.18066 0.238728 -1.06824 -0.18066 -0.594393 -0.919666 -0.178043
0.594393 -0.919667 -0.178043 -0.590796 -0.92099 -0.183178 0.590796 -0.920991 -0.183177 0.0951817
-1.09695 -0.13602 -0.0951818 -1.09695 -0.13602 -0.0800367 -1.09014 -0.190072 0.0800361 -1.09014
-0.190072 -0.398286 -1.0171 -0.194541 0.398286 -1.0171 -0.194541 0.0268992 -1.10505 -0.0957537
-0.0268993 -1.10505 -0.0957537 -0.196753 -1.07782 -0.175032 0.196752 -1.07782 -0.175032 -0.599269
-0.922224 -0.146513 0.599269 -0.922226 -0.146513 -0.572657 -0.93246 -0.18408 0.572657 -0.932462
-0.18408 -0.599279 -0.928971 -0.0958614 0.599279 -0.928973 -0.0958611 -0.544269 -0.947466 -0.193545
0.544268 -0.947468 -0.193545 -0.497803 -0.972261 -0.195705 0.497803 -0.972263 -0.195704 -0.218194
-1.07317 -0.179829 0.218193 -1.07317 -0.179828 -0.472849 -0.985471 -0.19268 0.472849 -0.985472
-0.19268 -0.2814 -1.05806 -0.182468 -0.590356 -0.930366 -0.133649 0.2814 -1.05806 -0.182468
0.590355 -0.930368 -0.133649 -0.599279 -0.927758 -0.11037 0.599279 -0.92776 -0.11037 -0.187395
-1.08173 -0.163965 0.187395 -1.08173 -0.163965 -0.423635 -1.00868 -0.188663 0.423635 -1.00868
-0.188663 -0.0654551 -1.09325 -0.18178 0.0654544 -1.09325 -0.18178 -0.589796 -0.925286 -0.169103
0.589796 -0.925287 -0.169103 -0.598652 -0.933239 -0.0574494 -0.590355 -0.933613 -0.111657 0.598651
-0.93324 -0.0574491 0.590354 -0.933615 -0.111657 -0.590467 -0.928242 -0.149494 0.590467 -0.928243
-0.149494 0.184116 -1.08205 -0.167321 -0.184116 -1.08205 -0.167321 -0.599198 -0.922633 -0.149821
0.599198 -0.922635 -0.149821 -0.590355 -0.932226 -0.123583 0.590355 -0.932227 -0.123582 0.436167
-1.00415 -0.185409 -0.436167 -1.00415 -0.185409 -0.497799 -0.973405 -0.193998 0.497798 -0.973407
-0.193997 -0.590354 -0.935266 -0.0988312 0.590354 -0.935268 -0.0988309 -0.196851 -1.0791 -0.173368
0.196851 -1.0791 -0.173368 -0.596443 -0.935586 -0.047831 0.596443 -0.935587 -0.0478308 -0.106272
-1.09135 -0.176421 0.106271 -1.09135 -0.176421 0.186136 -1.08205 -0.167321 -0.186136 -1.08205
-0.167321 -0.318606 -1.04881 -0.179364 0.318606 -1.04881 -0.179364 -0.0267612 -1.09481 -0.18541
0.0267611 -1.09481 -0.18541 -0.599015 -0.923106 -0.152344 0.599015 -0.923108 -0.152344 -0.590981
-0.938506 -0.0643034 0.590981 -0.938508 -0.0643031 -0.580689 -0.929603 -0.181544 0.580688 -0.929605
-0.181543 -0.472901 -0.985454 -0.19911 0.472901 -0.985455 -0.19911 -0.588231 -0.926387 -0.174018
0.588231 -0.926388 -0.174017 -0.498063 -0.973386 -0.197422 0.498063 -0.973387 -0.197421 -0.590743
-0.928826 -0.151595 0.590742 -0.928828 -0.151594 -0.599279 -0.926383 -0.133605 0.599279 -0.926385
-0.133605 -0.585514 -0.927717 -0.178191 0.585513 -0.927719 -0.178191 -0.423043 -1.00868 -0.197141
0.423043 -1.00868 -0.197141 -0.590377 -0.937693 -0.0866501 0.590377 -0.937695 -0.0866498 -0.543658
-0.950825 -0.189127 0.543657 -0.950826 -0.189127 -0.598726 -0.923593 -0.155421 0.598726 -0.923595
-0.155421 -0.0504294 -1.09533 -0.182666 0.0504286 -1.09533 -0.182666 -0.590356 -0.931219 -0.141413
0.590355 -0.93122 -0.141413 -0.10731 -1.09063 -0.186263 0.107309 -1.09063 -0.186263 -0.26063
-1.06667 -0.173253 0.260629 -1.06667 -0.173253 -0.0661976 -1.09301 -0.191618 0.066197 -1.09301
-0.191618 -0.560733 -0.941742 -0.186645 0.560733 -0.941744 -0.186644 -0.599256 -0.933109 -0.0830104
0.599256 -0.93311 -0.0830102 -0.599279 -0.931772 -0.0970439 0.599279 -0.931774 -0.0970436 -0.575822
-0.932224 -0.19043 0.575822 -0.932226 -0.190429 -0.544169 -0.950679 -0.192316 0.544169 -0.950681
-0.192316 0.440706 -1.00415 -0.185409 -0.440706 -1.00415 -0.185409 -0.598366 -0.923878 -0.16015
0.598365 -0.923879 -0.16015 -0.324618 -1.04881 -0.179364 0.324618 -1.04881 -0.179364 -0.599279
-0.930711 -0.110942 0.599279 -0.930713 -0.110942 -0.448489 -1.00009 -0.190679 0.448488 -1.00009
-0.190679 -0.597791 -0.936695 -0.0541175 0.597791 -0.936696 -0.0541172 -0.0342568 -1.09683 -0.183049
0.0342561 -1.09683 -0.183049 -0.599279 -0.929176 -0.123358 0.599279 -0.929177 -0.123357 -0.590355
-0.933423 -0.133906 0.590355 -0.933424 -0.133906 -0.597644 -0.928556 -0.136079 0.597644 -0.928556
-0.136079 -0.260403 -1.06645 -0.181771 0.260402 -1.06645 -0.181771 -0.543952 -0.951803 -0.190751
0.543952 -0.951804 -0.190751 -0.590374 -0.931785 -0.146447 0.590374 -0.931786 -0.146447 -0.591433
-0.929966 -0.154095 0.591433 -0.929968 -0.154095 -0.590355 -0.935158 -0.124174 0.590355 -0.93516
-0.124174 -0.599279 -0.927189 -0.141477 0.599279 -0.92719 -0.141477 0.0173191 -1.09773 -0.18313
-0.0173196 -1.09773 -0.18313 -0.59166 -0.929288 -0.158868 0.591659 -0.92929 -0.158868 -0.599093
-0.935358 -0.071429 0.599093 -0.935359 -0.0714287 -0.176603 -1.08554 -0.171612 0.176602 -1.08554
-0.171612 -0.0510085 -1.09523 -0.192518 0.0510077 -1.09523 -0.192518 -0.597704 -0.924344 -0.165937
0.597704 -0.924346 -0.165937 -2.11092e-07 -1.09804 -0.183112 0.0190545 -1.10891 -0.0959852 -0.0190546
-1.10891 -0.0959852 -0.498076 -0.976815 -0.192593 0.498076 -0.976817 -0.192593 -0.219033 -1.07747
-0.174839 0.219033 -1.07747 -0.174839 0.0950423 -1.10013 -0.142295 -0.0950424 -1.10013 -0.142295
-0.590355 -0.937179 -0.113044 0.590354 -0.937181 -0.113044 -0.56238 -0.941523 -0.192088 0.56238
-0.941524 -0.192087 0.436617 -1.00772 -0.183183 -0.436617 -1.00772 -0.183183 -0.59054 -0.940794
-0.0772223 0.59054 -0.940795 -0.077222 -0.176998 -1.08478 -0.178166 0.176998 -1.08478 -0.178166
-0.590505 -0.932199 -0.149413 0.590505 -0.9322 -0.149412 -0.522215 -0.964157 -0.194492 0.522215
-0.964158 -0.194492 0.437099 -1.00609 -0.192287 -0.437099 -1.00609 -0.192287 -0.0188761 -1.09811
-0.185445 0.018876 -1.09811 -0.185445 -0.448153 -1.00008 -0.199096 0.448153 -1.00008 -0.199096
-0.591473 -0.929547 -0.164073 0.591473 -0.929549 -0.164073 -0.584893 -0.929402 -0.187117 0.584893
-0.929404 -0.187117 -0.600195 -0.928332 -0.137505 0.600195 -0.928332 -0.137505 -0.600195 -0.928779
-0.134653 0.600195 -0.92878 -0.134653 -0.198728 -1.08138 -0.179382 0.198727 -1.08138 -0.179382
-0.593189 -0.94126 -0.0571081 0.593189 -0.941262 -0.0571078 -0.596437 -0.925158 -0.172025 0.596437
-0.92516 -0.172025 -0.599264 -0.927732 -0.146601 0.599264 -0.927734 -0.146601 -0.522041 -0.965251
-0.192855 0.52204 -0.965252 -0.192855 -0.219178 -1.07725 -0.181445 0.219177 -1.07725 -0.181445
0.0346528 -1.09683 -0.19291 -0.0346534 -1.09683 -0.19291 -0.590356 -0.934312 -0.141565 -0.573178
-0.937454 -0.184791 0.590355 -0.934313 -0.141565 0.573178 -0.937455 -0.184791 -0.121459 -1.09378
-0.174887 0.121458 -1.09378 -0.174887 -0.590874 -0.932621 -0.151115 0.590874 -0.932622 -0.151115
-0.594816 -0.940859 -0.0552092 0.594816 -0.940861 -0.0552089 -0.498553 -0.976779 -0.198856 0.498553
-0.976781 -0.198855 -0.590354 -0.93998 -0.101686 0.590354 -0.939982 -0.101686 -0.591841 -0.942461
-0.0628126 0.591841 -0.942463 -0.0628123 -0.351937 -1.04224 -0.179961 0.351936 -1.04224 -0.179961
-0.599279 -0.93032 -0.133841 0.599279 -0.930322 -0.133841 -0.0930529 -1.09636 -0.178602 0.0930523
-1.09636 -0.178602 0.439775 -1.00609 -0.192287 -0.439775 -1.00609 -0.192287 -0.594247 -0.926236
-0.177837 0.594246 -0.926238 -0.177836 -0.590698 -0.927543 -0.182908 0.590697 -0.927545 -0.182908
0.0175206 -1.0978 -0.192996 -0.0175212 -1.0978 -0.192996 -0.440256 -1.00772 -0.183183 0.440257
-1.00772 -0.183183 -0.561208 -0.944787 -0.187912 0.561208 -0.944788 -0.187912 -0.599157 -0.928184
-0.149755 0.599157 -0.928185 -0.149755 -0.328446 -1.05056 -0.177399 0.328446 -1.05057 -0.177399
-0.590689 -0.930317 -0.16942 0.590689 -0.930318 -0.16942 -3.45431e-07 -1.09813 -0.19298 -0.599279
-0.933586 -0.111804 0.599279 -0.933588 -0.111803 -0.522596 -0.965219 -0.196142 0.522596 -0.96522
-0.196142 -0.598651 -0.9385 -0.0643484 0.598651 -0.938501 -0.0643481 -0.590355 -0.936406 -0.134279
0.590355 -0.936407 -0.134279 -0.599279 -0.93219 -0.123753 0.599279 -0.932191 -0.123752 -0.198957
-1.08279 -0.17761 0.198956 -1.08279 -0.17761 -0.375905 -1.03387 -0.182774 0.375904 -1.03387
-0.182774 -0.122491 -1.09293 -0.184666 0.122491 -1.09293 -0.184666 -0.599279 -0.935247 -0.098953
0.599279 -0.935248 -0.0989528 -0.473574 -0.991306 -0.191769 0.473574 -0.991307 -0.191769 -0.590376
-0.934888 -0.146523 0.590375 -0.934889 -0.146523 -0.240277 -1.07532 -0.173326 0.240277 -1.07532
-0.173326 -0.591684 -0.9332 -0.152168 0.591684 -0.933201 -0.152168 0.438437 -1.00931 -0.182192
-0.438437 -1.00931 -0.182192 0.0946255 -1.0963 -0.182539 -0.0946255 -1.0963 -0.182539 -0.156997
-1.09077 -0.172385 0.156996 -1.09077 -0.172385 -0.598856 -0.928768 -0.151945 0.598856 -0.92877
-0.151945 0.0859874 -1.1061 -0.116374 -0.0859875 -1.1061 -0.116374 -0.581332 -0.934587 -0.182145
0.581332 -0.934589 -0.182144 -0.199122 -1.08267 -0.18122 0.199122 -1.08267 -0.18122 -0.562102
-0.944666 -0.190892 0.562102 -0.944668 -0.190892 -0.58908 -0.931398 -0.174428 0.589079 -0.931399
-0.174428 -0.596443 -0.941259 -0.0571183 0.596443 -0.94126 -0.057118 -0.0940407 -1.09581 -0.188459
0.0940401 -1.09581 -0.188459 0.00977605 -1.10031 -0.18548 -0.00977612 -1.10031 -0.18548 -0.138437
-1.09359 -0.173535 0.138436 -1.09359 -0.173535 -0.351077 -1.04218 -0.189437 0.351076 -1.04218
-0.189437 -0.305609 -1.05888 -0.175281 0.305609 -1.05888 -0.175281 -0.157689 -1.08985 -0.18083
0.157689 -1.08986 -0.18083 -0.590355 -0.938804 -0.125118 0.590355 -0.938806 -0.125117 -0.586273
-0.932712 -0.178694 0.586273 -0.932713 -0.178694 -0.590516 -0.93522 -0.149392 0.590516 -0.935221
-0.149391 -0.593044 -0.932697 -0.155149 0.593044 -0.932699 -0.155149 -0.327671 -1.05046 -0.186881
0.327671 -1.05046 -0.186881 -0.0948898 -1.10217 -0.148269 0.0948898 -1.10217 -0.148269 -0.575609
-0.93727 -0.189732 0.575609 -0.937272 -0.189732 -0.561688 -0.945758 -0.189414 0.561688 -0.945759
-0.189414 -0.599256 -0.937679 -0.0867474 0.599256 -0.937681 -0.0867471 0.319201 -1.05436 -0.179816
-0.319201 -1.05436 -0.179816 -0.400197 -1.0254 -0.185627 0.400196 -1.0254 -0.185627 -0.597664
-0.929221 -0.159887 0.597664 -0.929223 -0.159886 -0.593052 -0.932292 -0.159303 0.593052 -0.932293
-0.159303 -0.599279 -0.93117 -0.141619 0.599279 -0.931171 -0.141618 -0.590981 -0.944416 -0.0720976
0.590981 -0.944417 -0.0720973 -0.598117 -0.929911 -0.15461 -0.177142 -1.08854 -0.173473 0.177142
-1.08854 -0.173473 0.598117 -0.929913 -0.15461 -0.375024 -1.03385 -0.192249 0.375024 -1.03385
-0.192249 -0.240257 -1.07507 -0.181844 0.240257 -1.07507 -0.181844 -0.00990068 -1.11233 -0.0961809
0.00990062 -1.11233 -0.0961809 -0.590378 -0.9433 -0.0913784 0.590377 -0.943302 -0.0913781 -3.19451e-08
-1.10108 -0.185497 -0.177361 -1.08812 -0.177057 -0.139355 -1.09267 -0.182951 0.177361 -1.08812
-0.177057 0.139355 -1.09267 -0.182951 -0.590909 -0.935393 -0.150908 0.590909 -0.935395 -0.150908
-0.473631 -0.991285 -0.20006 0.47363 -0.991286 -0.20006 -0.590355 -0.937332 -0.141777 0.590355
-0.937334 -0.141777 -0.522125 -0.968497 -0.191512 0.522125 -0.968498 -0.191512 -0.593089 -0.933941
-0.152826 0.593088 -0.933942 -0.152826 -0.597032 -0.929465 -0.165692 0.597032 -0.929467 -0.165692
0.43543 -1.01054 -0.19265 -0.43543 -1.01054 -0.19265 -0.304973 -1.05873 -0.18477 0.304973
-1.05873 -0.184769 -0.592794 -0.93259 -0.16449 0.592794 -0.932592 -0.164489 -0.591734 -0.935476
-0.15167 0.591734 -0.935478 -0.15167 -0.599279 -0.933383 -0.134093 0.599279 -0.933385 -0.134093
-0.573826 -0.940475 -0.185913 0.573826 -0.940477 -0.185912 -0.544033 -0.956884 -0.192509 0.544032
-0.956886 -0.192509 -0.59926 -0.931734 -0.146663 0.599259 -0.931735 -0.146663 -0.177402 -1.08938
-0.175391 0.177401 -1.08938 -0.175391 -0.399374 -1.0254 -0.195102 -0.324023 -1.05436 -0.179816
0.324023 -1.05436 -0.179816 0.399373 -1.0254 -0.195102 -0.599279 -0.935128 -0.124341 0.599279
-0.935129 -0.124341 0.606998 -0.928249 -0.13804 -0.606998 -0.928249 -0.13804 -0.590355 -0.942023
-0.115114 0.590355 -0.942024 -0.115113 -0.606998 -0.928864 -0.134118 0.606998 -0.928864 -0.134118
-0.594792 -0.93341 -0.155555 0.594792 -0.933412 -0.155555 0.0799948 -1.10025 -0.180421 -0.0799955
-1.10025 -0.180421 -0.597791 -0.942458 -0.0628376 0.597791 -0.942459 -0.0628373 -0.283602 -1.06723
-0.173796 0.283602 -1.06723 -0.173796 -0.584571 -0.93443 -0.186488 0.584571 -0.934432 -0.186487
-0.543665 -0.957931 -0.190968 0.543664 -0.957932 -0.190968 -0.424755 -1.01679 -0.188218 0.424754
-1.01679 -0.188217 -0.590373 -0.937921 -0.146642 0.590372 -0.937922 -0.146641 -0.595834 -0.930218
-0.171706 0.595833 -0.930219 -0.171706 -0.59653 -0.932668 -0.155448 0.59653 -0.932669 -0.155448
-3.20419e-08 -1.11384 -0.0962631 -0.599093 -0.940784 -0.0772946 0.599093 -0.940785 -0.0772943 -0.594717
-0.9332 -0.159718 0.594716 -0.933202 -0.159717 -0.594803 -0.934266 -0.153109 0.594803 -0.934268
-0.153109 -0.593099 -0.935522 -0.152136 0.593099 -0.935524 -0.152136 -0.599279 -0.937156 -0.11319
0.599279 -0.937157 -0.11319 -0.599124 -0.932148 -0.149647 0.599124 -0.932149 -0.149647 -0.596355
-0.932255 -0.159859 0.596355 -0.932257 -0.159859 -0.0948146 -1.10341 -0.154309 0.0948145 -1.10341
-0.154309 -0.591944 -0.933366 -0.169942 0.591943 -0.933367 -0.169942 -0.498644 -0.982396 -0.19171
0.498644 -0.982397 -0.19171 -0.590355 -0.940117 -0.134866 0.590355 -0.940118 -0.134866 -0.523131
-0.968439 -0.197525 0.523131 -0.96844 -0.197525 -0.575149 -0.940375 -0.188619 0.575149 -0.940376
-0.188618 -0.598743 -0.932572 -0.15138 0.598743 -0.932573 -0.15138 -0.590494 -0.938185 -0.149516
0.590493 -0.938186 -0.149515 -0.59373 -0.931281 -0.177413 0.59373 -0.931282 -0.177413 -0.590275
-0.932576 -0.182375 0.590275 -0.932578 -0.182374 -0.596516 -0.933918 -0.152986 0.596516 -0.933919
-0.152986 -0.574519 -0.941446 -0.187267 0.574519 -0.941448 -0.187267 -0.597922 -0.933159 -0.152432
0.597921 -0.933161 -0.152432 -0.582167 -0.937606 -0.183117 0.582167 -0.937608 -0.183117 -0.544557
-0.957887 -0.194067 0.544556 -0.957888 -0.194066 -0.594341 -0.933566 -0.164975 0.594341 -0.933567
-0.164974 -0.595845 -0.932545 -0.165377 0.595845 -0.932547 -0.165377 -0.590838 -0.938145 -0.15118
0.590838 -0.938147 -0.151179 -0.599279 -0.934269 -0.141765 0.599279 -0.934271 -0.141765 -0.594779
-0.935534 -0.152346 0.594779 -0.935535 -0.152346 -0.590236 -0.934439 -0.175098 0.590236 -0.934441
-0.175097 -0.283147 -1.06703 -0.183291 0.283146 -1.06703 -0.183291 -0.199821 -1.08691 -0.176214
0.199821 -1.08691 -0.176214 -0.59054 -0.946889 -0.0838467 0.59054 -0.946891 -0.0838465 -0.0808788
-1.09986 -0.190295 0.0808779 -1.09986 -0.190295 -0.591612 -0.937795 -0.152219 0.591612 -0.937797
-0.152219 -0.321612 -1.05683 -0.180017 0.321612 -1.05683 -0.180017 -0.587285 -0.93574 -0.179516
0.587285 -0.935742 -0.179515 -0.424089 -1.01679 -0.197672 0.424088 -1.01679 -0.197672 -0.599279
-0.939962 -0.101811 0.599279 -0.939964 -0.101811 0.441443 -1.01054 -0.19265 -0.441443 -1.01054
-0.19265 -0.592988 -0.937198 -0.152862 0.592988 -0.937199 -0.152862 -0.593189 -0.947244 -0.0668029
0.593189 -0.947246 -0.0668026 -0.107167 -1.10048 -0.177119 0.107166 -1.10048 -0.177119 -0.599279
-0.936372 -0.134463 0.599279 -0.936374 -0.134462 0.094798 -1.10418 -0.16087 -0.0947981 -1.10418
-0.16087 -0.590355 -0.945766 -0.105299 0.590354 -0.945767 -0.105299 -0.594755 -0.933312 -0.171198
0.594755 -0.933313 -0.171198 -0.596465 -0.935504 -0.152254 0.596465 -0.935505 -0.152253 -0.499243
-0.98235 -0.199787 0.499243 -0.982352 -0.199787 -0.593379 -0.934359 -0.170575 0.593378 -0.934361
-0.170575 -0.449544 -1.00798 -0.190221 0.449543 -1.00798 -0.190221 -0.583932 -0.93752 -0.185498
0.583932 -0.937522 -0.185497 -0.200127 -1.08668 -0.182816 0.200127 -1.08668 -0.182816 -0.590355
-0.941091 -0.142102 0.590355 -0.941092 -0.142102 0.184116 -1.09154 -0.170708 -0.184116 -1.09154
-0.170708 -0.594816 -0.946812 -0.0651018 0.594816 -0.946813 -0.0651016 -0.599258 -0.934843 -0.146732
0.599258 -0.934845 -0.146732 -0.220567 -1.08428 -0.17408 0.220566 -1.08428 -0.17408 -0.0662206
-1.1033 -0.181747 0.0662199 -1.1033 -0.181747 -0.583082 -0.938582 -0.184305 0.583082 -0.938583
-0.184304 -0.594694 -0.936911 -0.153133 0.594694 -0.936912 -0.153133 -0.543534 -0.961023 -0.189708
0.543534 -0.961025 -0.189708 -0.591841 -0.948541 -0.0719144 0.591841 -0.948542 -0.0719142 -0.590355
-0.943758 -0.126522 0.590355 -0.943759 -0.126521 0.186136 -1.09154 -0.170708 -0.186136 -1.09154
-0.170708 -0.598651 -0.944409 -0.0721455 0.598651 -0.944411 -0.0721452 -0.597847 -0.935443 -0.151871
0.597847 -0.935444 -0.151871 -0.592775 -0.934375 -0.176736 0.592775 -0.934377 -0.176736 -0.599109
-0.935176 -0.149609 0.599109 -0.935178 -0.149609 -0.59154 -0.93543 -0.175916 0.591539 -0.935431
-0.175915 -0.589468 -0.935666 -0.181535 0.589468 -0.935668 -0.181534 -0.56177 -0.950925 -0.190023
0.561769 -0.950926 -0.190023 -0.262537 -1.07568 -0.173092 0.262536 -1.07568 -0.173092 0.182856
-1.09294 -0.167642 -0.182856 -1.09294 -0.167642 -0.599279 -0.938778 -0.125285 0.599279 -0.938779
-0.125284 -0.108213 -1.09978 -0.186908 0.108213 -1.09978 -0.186908 -0.598696 -0.935352 -0.151134
0.598696 -0.935354 -0.151133 -0.15775 -1.09592 -0.173943 0.15775 -1.09592 -0.173942 -0.180044
-1.09132 -0.181257 0.180044 -1.09132 -0.181257 -0.588411 -0.936723 -0.180522 0.58841 -0.936725
-0.180522 0.0818936 -1.10171 -0.189812 -0.0818937 -1.10171 -0.189812 -0.561193 -0.951934 -0.188607
0.561193 -0.951935 -0.188607 -0.592779 -0.938773 -0.155221 0.592779 -0.938775 -0.15522 -0.590367
-0.941706 -0.146819 0.590367 -0.941707 -0.146818 -0.158295 -1.09521 -0.180493 0.158294 -1.09521
-0.180493 -0.22076 -1.084 -0.182595 0.22076 -1.084 -0.182595 -0.599256 -0.943287 -0.0914806
0.599256 -0.943288 -0.0914803 -0.596422 -0.937181 -0.153006 0.596422 -0.937182 -0.153006 0.613801
-0.928332 -0.137505 -0.613801 -0.928332 -0.137505 -0.596443 -0.947243 -0.0668137 0.596443 -0.947244
-0.0668134 -0.613801 -0.928779 -0.134653 0.613801 -0.92878 -0.134653 -0.44916 -1.00797 -0.199609
0.449159 -1.00797 -0.199609 -0.522498 -0.973803 -0.190672 0.522498 -0.973805 -0.190672 -0.094918
-1.10475 -0.167909 0.0949179 -1.10475 -0.167909 0.187395 -1.09294 -0.167642 -0.187395 -1.09294
-0.167642 -0.594513 -0.938127 -0.155598 0.594513 -0.938129 -0.155598 -0.599279 -0.937296 -0.141973
0.599279 -0.937297 -0.141973 -0.0669613 -1.10306 -0.191637 0.0669605 -1.10306 -0.191637 -0.590448
-0.941955 -0.149722 0.590447 -0.941956 -0.149721 -0.0510623 -1.10574 -0.182502 0.0510616 -1.10574
-0.182502 -0.262294 -1.07543 -0.18259 0.262293 -1.07543 -0.18259 -0.180214 -1.09271 -0.179482
0.180214 -1.09271 -0.179482 -0.545155 -0.960943 -0.195378 0.183306 -1.09469 -0.163819 -0.183306
-1.09469 -0.163819 0.545155 -0.960945 -0.195378 -0.590676 -0.941826 -0.151735 0.590675 -0.941828
-0.151734 -0.562458 -0.95188 -0.191459 0.562457 -0.951882 -0.191459 -0.591237 -0.94119 -0.154213
0.591237 -0.941191 -0.154213 -0.590981 -0.95065 -0.0802344 0.590981 -0.950652 -0.0802341 0.0950642
-1.10339 -0.181907 -0.0950642 -1.10339 -0.181907 -0.474528 -0.99892 -0.191315 0.474528 -0.998921
-0.191315 -0.590378 -0.9496 -0.0967211 0.590377 -0.949601 -0.0967208 -0.599279 -0.942001 -0.115264
0.599279 -0.942003 -0.115264 -0.592515 -0.939844 -0.159403 0.592515 -0.939846 -0.159403 -0.180461
-1.09258 -0.183089 0.18046 -1.09258 -0.183089 0.436026 -1.01609 -0.193102 -0.436026 -1.01609
-0.193103 -0.597858 -0.937765 -0.152458 0.597858 -0.937767 -0.152458 0.186946 -1.09469 -0.163819
-0.186946 -1.09469 -0.163819 -0.590355 -0.945159 -0.135735 0.590355 -0.94516 -0.135735 -0.594173
-0.938993 -0.159769 0.594173 -0.938995 -0.159768 -0.599258 -0.937883 -0.146847 0.599258 -0.937885
-0.146847 -0.122346 -1.10207 -0.175865 0.122345 -1.10207 -0.175865 0.185126 -1.09547 -0.162118
-0.185126 -1.09547 -0.162118 -0.616352 -0.928556 -0.136079 0.616352 -0.928556 -0.136079 -0.095746
-1.10522 -0.173286 0.0957459 -1.10522 -0.173286 -0.596283 -0.938754 -0.155479 0.596283 -0.938756
-0.155479 -0.590355 -0.947967 -0.117731 0.590355 -0.947969 -0.117731 -0.574382 -0.946619 -0.187231
0.574381 -0.94662 -0.187231 -0.599279 -0.940087 -0.13505 0.599279 -0.940089 -0.135049 -0.139291
-1.10055 -0.17479 0.13929 -1.10055 -0.17479 -0.0347069 -1.10756 -0.182816 0.0347061 -1.10756
-0.182816 -0.598713 -0.938109 -0.151425 0.598713 -0.938111 -0.151424 -0.599115 -0.938147 -0.149737
0.599115 -0.938149 -0.149736 -0.560844 -0.954903 -0.187453 0.560843 -0.954904 -0.187453 -0.573593
-0.947604 -0.185969 0.573593 -0.947606 -0.185969 -0.523774 -0.973729 -0.19843 0.523774 -0.973731
-0.19843 -0.0516367 -1.10564 -0.192406 0.0516361 -1.10564 -0.192406 -0.591965 -0.940546 -0.164597
0.591965 -0.940548 -0.164597 -0.597791 -0.948537 -0.0719411 0.597791 -0.948538 -0.0719408 -0.123357
-1.10127 -0.185285 0.123356 -1.10127 -0.185285 -0.593515 -0.939613 -0.165012 0.593515 -0.939615
-0.165011 -0.0802082 -1.11485 -0.114585 0.0802081 -1.11485 -0.114585 -0.599093 -0.946879 -0.0839236
0.599093 -0.946881 -0.0839233 -0.140128 -1.09972 -0.183233 0.140128 -1.09972 -0.183233 0.0976269
-1.10565 -0.1753 -0.097627 -1.10565 -0.1753 -0.0175532 -1.10871 -0.182871 0.0175524 -1.10871
-0.182871 -0.474575 -0.998898 -0.200564 0.474575 -0.998899 -0.200564 -0.591178 -0.942623 -0.159026
0.591177 -0.942624 -0.159026 -3.90211e-07 -1.10911 -0.182849 0.0958302 -1.10534 -0.180541 -0.0958303
-1.10534 -0.180541 -0.0939284 -1.10579 -0.179065 0.0939278 -1.10579 -0.179065 -0.158287 -1.09897
-0.175799 0.158287 -1.09897 -0.175799 -0.590905 -0.941131 -0.170021 0.590905 -0.941133 -0.17002
-0.595859 -0.939818 -0.159879 0.595858 -0.93982 -0.159879 -0.592353 -0.94017 -0.170564 0.592353
-0.940171 -0.170564 -0.582594 -0.943747 -0.18404 0.582594 -0.943748 -0.18404 0.440848 -1.01609
-0.193102 -0.440848 -1.01609 -0.193103 -0.0995059 -1.10598 -0.176084 0.0995058 -1.10598 -0.176084
-0.590356 -0.946199 -0.142578 0.590355 -0.9462 -0.142578 -0.158587 -1.09858 -0.179381 0.158587
-1.09858 -0.179381 -0.581601 -0.94472 -0.182953 0.5816 -0.944722 -0.182952 -0.57525 -0.947545
-0.188515 0.57525 -0.947547 -0.188514 -0.242267 -1.08429 -0.173134 0.242267 -1.08429 -0.173134
-0.35347 -1.05223 -0.179987 0.353469 -1.05223 -0.179987 -0.543697 -0.966073 -0.188926 0.543697
-0.966074 -0.188926 -0.599279 -0.945748 -0.105431 0.599279 -0.945749 -0.105431 -0.589161 -0.941837
-0.175092 -0.590493 -0.94087 -0.175808 0.58916 -0.941838 -0.175092 0.590493 -0.940871 -0.175808
0.097641 -1.10582 -0.180153 -0.0976411 -1.10582 -0.180153 -0.599279 -0.94106 -0.142298 0.599279
-0.941061 -0.142298 -0.37731 -1.04367 -0.182729 0.37731 -1.04367 -0.182729 -0.587575 -0.94195
-0.180287 0.587575 -0.941952 -0.180287 0.0350981 -1.10757 -0.19273 -0.0350989 -1.10757 -0.19273
-0.586396 -0.942919 -0.179385 0.586396 -0.942921 -0.179385 0.100211 -1.10616 -0.177897 -0.100211
-1.10616 -0.177897 -0.499443 -0.989674 -0.191273 0.499443 -0.989675 -0.191272 0.597644 -0.943655
-0.133602 -0.597644 -0.943655 -0.133602 -0.330141 -1.06073 -0.177503 0.33014 -1.06073 -0.177503
0.0995087 -1.10611 -0.179678 -0.0995087 -1.10611 -0.179678 -0.59054 -0.95332 -0.0907624 0.59054
-0.953321 -0.0907621 -0.599279 -0.943733 -0.126693 0.599279 -0.943735 -0.126693 -0.590715 -0.94338
-0.164251 0.590715 -0.943382 -0.164251 -0.563143 -0.954805 -0.192674 0.563143 -0.954807 -0.192674
-0.573032 -0.950496 -0.184942 0.573032 -0.950498 -0.184942 -0.595088 -0.940511 -0.16536 0.595087
-0.940512 -0.16536 -0.0949177 -1.10525 -0.188871 0.094917 -1.10525 -0.188871 -0.593198 -0.953233
-0.0763021 0.593197 -0.953235 -0.0763018 -0.158576 -1.09984 -0.177714 0.158575 -1.09984 -0.177714
-0.59036 -0.946861 -0.14706 0.59036 -0.946862 -0.14706 -0.401521 -1.035 -0.18553 0.401521
-1.035 -0.185529 0.0177512 -1.10878 -0.19279 -0.0177518 -1.10878 -0.19279 0.438437 -1.01856
-0.193304 -0.438437 -1.01856 -0.193304 -0.242256 -1.084 -0.182633 0.242255 -1.084 -0.182633
-0.590355 -0.949837 -0.128295 0.590355 -0.949839 -0.128295 -0.594816 -0.95278 -0.0748107 0.594816
-0.952782 -0.0748105 -0.597949 -0.941155 -0.154663 0.597949 -0.941156 -0.154663 -0.201306 -1.0936
-0.175424 0.201305 -1.0936 -0.175424 -0.590355 -0.952265 -0.109382 -0.18099 -1.09673 -0.178074
0.18099 -1.09673 -0.178074 0.590355 -0.952267 -0.109381 -0.583647 -0.94466 -0.185149 0.583647
-0.944661 -0.185148 -0.352581 -1.05217 -0.189825 0.35258 -1.05217 -0.189824 -0.599262 -0.941673
-0.147026 0.599262 -0.941675 -0.147026 -3.90211e-07 -1.1092 -0.19277 -0.593828 -0.941086 -0.171112
0.593828 -0.941088 -0.171112 -0.589738 -0.943977 -0.16958 0.589738 -0.943979 -0.169579 0.184116
-1.09688 -0.175418 -0.184116 -1.09688 -0.175418 -0.376397 -1.04364 -0.192565 0.376396 -1.04364
-0.192565 -0.591857 -0.954608 -0.0808084 0.591857 -0.954609 -0.0808081 -0.590394 -0.947165 -0.149924
0.590394 -0.947167 -0.149924 -0.591861 -0.941784 -0.176541 0.59186 -0.941785 -0.176541 -0.580847
-0.947575 -0.182069 0.580847 -0.947576 -0.182069 -0.600195 -0.943401 -0.135024 0.600195 -0.943401
-0.135024 -0.329344 -1.06062 -0.187346 0.329343 -1.06062 -0.187346 -0.307481 -1.06919 -0.175449
0.30748 -1.06919 -0.175449 -0.5888 -0.942861 -0.181209 0.5888 -0.942862 -0.181208 -0.598651
-0.950643 -0.0802854 0.598651 -0.950645 -0.0802851 0.186136 -1.09688 -0.175418 -0.186136 -1.09688
-0.175418 -0.598801 -0.941792 -0.152049 0.5988 -0.941793 -0.152049 -0.600195 -0.943909 -0.132179
0.600195 -0.94391 -0.132179 -0.599142 -0.941921 -0.149961 0.599141 -0.941923 -0.149961 -0.588099
-0.944681 -0.174512 0.588099 -0.944682 -0.174511 -0.590472 -0.947178 -0.152138 0.590472 -0.947179
-0.152137 -0.585473 -0.945762 -0.178653 0.585473 -0.945763 -0.178652 -0.181444 -1.0965 -0.184669
0.181443 -1.0965 -0.184669 -0.54576 -0.965971 -0.196245 0.545759 -0.965972 -0.196245 -0.500087
-0.989625 -0.200286 0.500086 -0.989626 -0.200286 -0.201706 -1.0933 -0.183934 0.201706 -1.0933
-0.183934 -0.590535 -0.94718 -0.154864 0.590535 -0.947181 -0.154863 -0.426023 -1.02616 -0.188087
0.426022 -1.02617 -0.188086 -0.400664 -1.03499 -0.195364 0.400663 -1.03499 -0.195364 -0.599256
-0.949585 -0.0968297 0.599256 -0.949587 -0.0968294 -0.596434 -0.953232 -0.0763137 0.596434 -0.953233
-0.0763134 -0.560801 -0.959747 -0.186741 0.5608 -0.959749 -0.186741 -0.597251 -0.942575 -0.159908
0.597251 -0.942576 -0.159908 -0.599279 -0.945132 -0.135924 0.599279 -0.945133 -0.135923 -0.576052
-0.950389 -0.189604 0.576051 -0.95039 -0.189604 -0.30683 -1.06903 -0.185299 0.30683 -1.06903
-0.185299 -0.0808382 -1.11002 -0.180643 0.0808374 -1.11002 -0.180642 -0.599279 -0.947945 -0.117889
0.599279 -0.947947 -0.117889 -0.523105 -0.980722 -0.190263 0.523104 -0.980724 -0.190263 -0.590415
-0.947592 -0.159041 0.590414 -0.947594 -0.159041 -0.590355 -0.951347 -0.13683 0.590355 -0.951349
-0.13683 -0.591002 -0.956868 -0.0881767 0.591001 -0.956869 -0.0881764 -0.16187 -1.10127 -0.183495
0.16187 -1.10127 -0.183495 0.182856 -1.09963 -0.173464 -0.182856 -1.09963 -0.173464 -0.596398
-0.943315 -0.165657 0.596397 -0.943317 -0.165656 -0.425324 -1.02616 -0.197901 0.425323 -1.02616
-0.197901 -0.285646 -1.07763 -0.174001 0.285646 -1.07763 -0.174001 -0.108023 -1.10902 -0.177927
0.108022 -1.10902 -0.177927 -0.590378 -0.956245 -0.102299 0.590378 -0.956247 -0.102298 -0.140004
-1.10582 -0.176325 0.140004 -1.10582 -0.176325 -0.450749 -1.0171 -0.190074 0.450748 -1.0171
-0.190074 -0.589967 -0.948111 -0.164096 0.589967 -0.948113 -0.164096 -0.584579 -0.947464 -0.186093
0.584579 -0.947466 -0.186093 -0.081716 -1.10965 -0.190465 0.0817153 -1.10965 -0.190465 0.187395
-1.09963 -0.173464 -0.187395 -1.09963 -0.173464 -0.590355 -0.954645 -0.120688 0.590355 -0.954647
-0.120688 -0.595076 -0.943895 -0.171585 0.595076 -0.943896 -0.171585 -0.572808 -0.955212 -0.184311
0.572807 -0.955214 -0.184311 -0.140661 -1.10518 -0.182875 0.140661 -1.10518 -0.182875 -0.222584
-1.09314 -0.173846 0.222584 -1.09314 -0.173845 -0.599279 -0.94617 -0.14278 0.599279 -0.946171
-0.142779 -0.161978 -1.10262 -0.18172 0.161977 -1.10262 -0.181719 -0.597776 -0.954604 -0.0808367
0.597775 -0.954606 -0.0808364 -0.59303 -0.944584 -0.177171 0.593029 -0.944585 -0.177171 -0.58986
-0.945655 -0.181997 0.589859 -0.945656 -0.181997 -0.109043 -1.10836 -0.187357 0.109042 -1.10836
-0.187357 -0.589042 -0.948635 -0.169318 0.589042 -0.948637 -0.169317 -0.599093 -0.953309 -0.0908442
-0.285186 -1.07742 -0.183857 0.599093 -0.95331 -0.090844 0.285185 -1.07742 -0.183857 -0.563736
-0.959622 -0.193485 0.563736 -0.959623 -0.193485 -0.162292 -1.10249 -0.185322 0.162292 -1.10249
-0.185322 -0.590356 -0.952468 -0.143176 0.590356 -0.95247 -0.143176 -0.524494 -0.980641 -0.198925
0.524494 -0.980643 -0.198925 -0.580466 -0.952228 -0.181526 0.580466 -0.952229 -0.181526 -0.606998
-0.943305 -0.135558 0.606998 -0.943305 -0.135558 -0.587483 -0.94932 -0.174156 0.587483 -0.949322
-0.174155 -0.123151 -1.10922 -0.177042 0.12315 -1.10922 -0.177042 -0.606998 -0.944005 -0.131646
0.606998 -0.944006 -0.131646 -0.584963 -0.950396 -0.178203 0.584962 -0.950398 -0.178203 -0.450337
-1.01709 -0.199821 0.450336 -1.01709 -0.199821 -0.599267 -0.94683 -0.147276 0.599267 -0.946832
-0.147276 -0.06699 -1.11349 -0.181765 0.0669892 -1.11349 -0.181765 -0.22281 -1.09282 -0.183341
0.222809 -1.09283 -0.183341 -0.544099 -0.972653 -0.188552 0.544099 -0.972655 -0.188551 0.0912215
-1.1189 -0.132045 -0.0912215 -1.1189 -0.132045 -0.599279 -0.949813 -0.128475 0.599279 -0.949814
-0.128475 -0.599279 -0.952246 -0.109521 0.599279 -0.952248 -0.109521 -0.598037 -0.950284 -0.132358
0.598037 -0.950284 -0.132358 -0.475635 -1.00772 -0.191166 0.475634 -1.00772 -0.191166 -0.124069
-1.10851 -0.185488 0.124068 -1.10851 -0.185488 -0.599182 -0.947133 -0.150191 0.599182 -0.947135
-0.150191 -0.593259 -0.95894 -0.085233 0.593259 -0.958942 -0.0852327 -0.590356 -0.95319 -0.147352
0.590355 -0.953191 -0.147352 -0.598957 -0.947141 -0.152536 0.598957 -0.947143 -0.152536 0.0733775
-1.12281 -0.114224 -0.0733776 -1.12281 -0.114224 -0.590562 -0.959736 -0.0975143 0.590562 -0.959738
-0.097514 -0.598572 -0.947134 -0.155543 0.598571 -0.947136 -0.155543 0.183306 -1.10305 -0.171027
-0.183306 -1.10305 -0.171027 -0.594816 -0.958534 -0.0840351 0.594816 -0.958535 -0.0840348 -0.26473
-1.08609 -0.173291 0.264729 -1.08609 -0.173291 -0.590352 -0.953575 -0.150104 0.590352 -0.953577
-0.150103 -0.591969 -0.960286 -0.0890226 0.591968 -0.960288 -0.0890223 0.183788 -1.10197 -0.180213
-0.183788 -1.10197 -0.180213 -0.0677208 -1.11326 -0.191605 0.0677201 -1.11326 -0.191605 -0.590356
-0.956667 -0.130298 0.590355 -0.956669 -0.130298 0.186946 -1.10305 -0.171027 -0.186946 -1.10305
-0.171027 -0.576671 -0.955073 -0.190339 0.57667 -0.955075 -0.190339 0.600486 -0.950017 -0.133719
-0.600486 -0.950017 -0.133719 -0.598047 -0.947529 -0.160216 0.598047 -0.947531 -0.160216 0.600486
-0.95053 -0.131 -0.600486 -0.95053 -0.131 0.0741417 -1.11317 -0.191372 -0.0741418 -1.11317
-0.191372 -0.140532 -1.10895 -0.178169 0.140532 -1.10895 -0.178168 -0.590336 -0.953724 -0.15237
0.590336 -0.953725 -0.15237 -0.590355 -0.959122 -0.113643 0.590355 -0.959123 -0.113643 0.186464
-1.10197 -0.180213 -0.186464 -1.10197 -0.180213 -0.598631 -0.956861 -0.0882307 0.598631 -0.956862
-0.0882304 -0.140894 -1.1086 -0.18175 0.140893 -1.1086 -0.18175 -0.182363 -1.10328 -0.177262
0.182363 -1.10328 -0.177262 -0.475662 -1.0077 -0.200771 0.475662 -1.0077 -0.200771 -0.59027
-0.953808 -0.155148 0.59027 -0.95381 -0.155148 -0.0516984 -1.11641 -0.182389 0.0516975 -1.11641
-0.182389 -0.596373 -0.958938 -0.0852456 0.596373 -0.95894 -0.0852453 -0.264491 -1.08583 -0.183151
0.264491 -1.08583 -0.183151 -0.561013 -0.966057 -0.186406 0.561013 -0.966059 -0.186406 -0.599279
-0.95132 -0.137028 0.599279 -0.951322 -0.137028 -0.597231 -0.948026 -0.165933 0.597231 -0.948028
-0.165933 -0.546358 -0.972541 -0.19673 0.546358 -0.972542 -0.196729 -0.500396 -0.998085 -0.191133
0.500395 -0.998086 -0.191133 0.185126 -1.10458 -0.169943 -0.185126 -1.10458 -0.169943 -0.16264
-1.10655 -0.180303 0.162639 -1.10655 -0.180303 -0.590087 -0.953986 -0.159174 0.590087 -0.953987
-0.159174 -0.0947647 -1.11462 -0.179655 0.0947641 -1.11462 -0.179655 -0.585251 -0.952085 -0.186736
0.58525 -0.952087 -0.186736 -0.599256 -0.95623 -0.102414 0.599256 -0.956231 -0.102414 -0.14084
-1.10987 -0.180079 0.140839 -1.10987 -0.180079 -0.600778 -0.951709 -0.13209 0.600778 -0.95171
-0.13209 -0.595903 -0.948528 -0.171926 0.595903 -0.94853 -0.171926 -0.182953 -1.10297 -0.185762
0.182953 -1.10297 -0.185762 0.613801 -0.943401 -0.135024 -0.613801 -0.943401 -0.135024 -0.599279
-0.954623 -0.120856 0.599279 -0.954625 -0.120856 -0.590595 -0.950258 -0.182538 0.590595 -0.95026
-0.182538 -0.593822 -0.949194 -0.177608 0.593821 -0.949196 -0.177608 -0.601896 -0.951406 -0.133174
0.601896 -0.951406 -0.133174 -0.613801 -0.943909 -0.132179 0.613801 -0.94391 -0.132179 -0.589636
-0.954281 -0.164071 0.589636 -0.954282 -0.164071 -0.591144 -0.962661 -0.095459 0.591143 -0.962662
-0.0954587 -0.601896 -0.951813 -0.131044 0.601896 -0.951813 -0.131044 -0.163217 -1.10632 -0.18689
0.163216 -1.10632 -0.18689 -0.0522621 -1.11631 -0.192242 0.0522613 -1.11631 -0.192242 -0.590356
-0.9583 -0.138066 0.590356 -0.958302 -0.138066 -0.035159 -1.1187 -0.182636 0.0351582 -1.1187
-0.182636 -0.0957232 -1.11412 -0.189101 0.0957224 -1.11412 -0.189101 -0.572865 -0.961354 -0.184017
0.572864 -0.961356 -0.184017 -0.588745 -0.954705 -0.169203 0.588745 -0.954707 -0.169203 -0.599279
-0.95244 -0.143387 0.599279 -0.952441 -0.143387 -0.203277 -1.10231 -0.175148 0.203277 -1.10231
-0.175148 -0.597664 -0.960282 -0.0890526 0.597664 -0.960284 -0.0890523 -0.501032 -0.998035 -0.200498
0.501031 -0.998037 -0.200498 -0.590401 -0.962878 -0.107746 0.590401 -0.962879 -0.107746 -0.587246
-0.955364 -0.173991 0.587246 -0.955365 -0.173991 -0.580401 -0.958288 -0.181275 0.580401 -0.958289
-0.181275 -0.244566 -1.09464 -0.173299 0.244565 -1.09464 -0.173299 -0.378795 -1.05412 -0.182848
0.378795 -1.05412 -0.182848 -0.523866 -0.988716 -0.19014 0.523866 -0.988717 -0.19014 -0.616352
-0.943655 -0.133602 0.616352 -0.943655 -0.133602 -0.35509 -1.0629 -0.180183 0.35509 -1.0629
-0.180182 -0.584802 -0.956433 -0.177995 0.584802 -0.956434 -0.177994 -0.0177876 -1.1202 -0.182665
0.0177869 -1.1202 -0.182665 -0.590356 -0.961691 -0.123775 0.590355 -0.961692 -0.123775 -0.606998
-0.94993 -0.134229 0.606998 -0.94993 -0.134229 -0.564241 -0.965919 -0.193949 0.564241 -0.965921
-0.193948 -0.144341 -1.11073 -0.185984 0.14434 -1.11073 -0.185984 -0.606998 -0.950637 -0.130487
0.606998 -0.950637 -0.130487 -0.402921 -1.04524 -0.185592 0.40292 -1.04524 -0.185592 -3.90211e-07
-1.12074 -0.182639 -0.599271 -0.95316 -0.147581 0.599271 -0.953161 -0.147581 -0.599071 -0.959725
-0.0976008 0.59907 -0.959727 -0.0976005 -0.123831 -1.11465 -0.178518 0.123831 -1.11465 -0.178518
0.0355414 -1.11871 -0.192498 -0.0355422 -1.11871 -0.192498 -0.590356 -0.959512 -0.143849 0.590356
-0.959514 -0.143849 0.182119 -1.10644 -0.180308 -0.18212 -1.10644 -0.180308 -0.203734 -1.10198
-0.184637 0.203733 -1.10198 -0.184637 -0.331935 -1.07159 -0.17778 0.331935 -1.07159 -0.17778
-0.1088 -1.11639 -0.178958 0.108799 -1.11639 -0.178958 -0.593397 -0.964119 -0.0933454 0.593396
-0.964121 -0.0933452 0.0919521 -1.1165 -0.188534 -0.0919522 -1.1165 -0.188534 -0.599218 -0.953542
-0.150398 0.599218 -0.953544 -0.150398 -0.244568 -1.09434 -0.183159 0.244567 -1.09434 -0.183159
0.12455 -1.1141 -0.18507 -0.12455 -1.1141 -0.18507 -0.377878 -1.05409 -0.192735 0.377877
-1.05409 -0.192735 -0.354202 -1.06283 -0.190072 0.354201 -1.06283 -0.190071 -0.599279 -0.956642
-0.130489 0.599279 -0.956644 -0.130489 -0.144388 -1.11206 -0.184208 0.144388 -1.11206 -0.184207
-0.594816 -0.963899 -0.0926186 0.594816 -0.963901 -0.0926183 -0.592244 -0.965158 -0.0960735 0.592243
-0.965159 -0.0960732 -0.606998 -0.951461 -0.133389 0.606998 -0.951461 -0.133389 -0.427364 -1.03617
-0.188113 0.427364 -1.03617 -0.188113 -0.599078 -0.953685 -0.152834 0.599078 -0.953686 -0.152834
-0.606998 -0.951957 -0.130792 0.606998 -0.951957 -0.130792 -0.599279 -0.959102 -0.113792 0.599279
-0.959104 -0.113792 -0.606998 -0.951918 -0.132051 0.606998 -0.951919 -0.132051 -0.0816414 -1.11922
-0.181006 0.0816408 -1.11922 -0.181006 0.188132 -1.10644 -0.180308 -0.188132 -1.10644 -0.180308
-0.109723 -1.11581 -0.187414 0.109722 -1.11581 -0.187414 -0.59072 -0.965734 -0.103713 0.590719
-0.965736 -0.103713 -0.402055 -1.04523 -0.195478 0.402055 -1.04523 -0.195478 0.0179808 -1.12028
-0.192533 -0.0179813 -1.12028 -0.192533 -0.590354 -0.960296 -0.147674 0.590354 -0.960297 -0.147674
-0.598828 -0.953757 -0.15595 0.598828 -0.953758 -0.15595 -0.144753 -1.11193 -0.187806 0.144752
-1.11193 -0.187806 -0.331142 -1.07147 -0.187675 0.331142 -1.07147 -0.187675 -0.525265 -0.988634
-0.199147 0.525265 -0.988635 -0.199146 -0.544662 -0.980255 -0.188449 0.544661 -0.980256 -0.188449
-3.90211e-07 -1.12084 -0.192509 -0.577128 -0.9612 -0.190768 0.577127 -0.961202 -0.190768 -0.309466
-1.08019 -0.175796 0.309466 -1.08019 -0.175796 -0.596236 -0.964117 -0.0933599 0.596236 -0.964119
-0.0933596 -0.59842 -0.953915 -0.160527 0.598419 -0.953916 -0.160527 -0.598489 -0.962653 -0.0955146
0.598489 -0.962655 -0.0955143 -0.590337 -0.960737 -0.150258 0.590337 -0.960738 -0.150258 -0.452029
-1.02683 -0.190082 0.452028 -1.02683 -0.190082 -0.426653 -1.03617 -0.197979 0.426653 -1.03617
-0.197979 0.082486 -1.11886 -0.190469 -0.0824867 -1.11886 -0.190469 -0.590356 -0.963873 -0.132388
0.590356 -0.963874 -0.132388 -0.59029 -0.960946 -0.152492 0.59029 -0.960948 -0.152492 0.0650424
-1.13043 -0.114086 -0.0650424 -1.13043 -0.114086 -0.597672 -0.954185 -0.166156 0.597672 -0.954187
-0.166155 -0.590379 -0.965966 -0.117806 0.590378 -0.965967 -0.117806 -0.590194 -0.961044 -0.155274
0.590194 -0.961046 -0.155273 -0.585696 -0.958129 -0.187118 0.585696 -0.95813 -0.187118 -0.308824
-1.08003 -0.185698 0.308823 -1.08003 -0.185698 -0.591523 -0.967591 -0.101599 0.591523 -0.967592
-0.101599 -0.59637 -0.954585 -0.172147 0.59637 -0.954586 -0.172147 -0.599279 -0.958272 -0.138276
0.599279 -0.958274 -0.138276 0.61351 -0.950017 -0.133719 -0.61351 -0.950017 -0.133719 0.61351
-0.95053 -0.131 -0.61351 -0.95053 -0.131 -0.591049 -0.956278 -0.182866 0.591049 -0.95628
-0.182866 -0.594288 -0.955222 -0.177879 -0.590004 -0.961147 -0.159254 0.594288 -0.955224 -0.177879
0.590004 -0.961148 -0.159253 -0.561396 -0.973345 -0.186323 0.561396 -0.973347 -0.186323 -0.6121
-0.951406 -0.133174 0.612101 -0.951406 -0.133174 -0.597389 -0.965154 -0.096105 0.597389 -0.965155
-0.0961047 -0.124348 -1.11789 -0.180326 0.124347 -1.11789 -0.180326 -0.163855 -1.11294 -0.179476
0.163854 -1.11294 -0.179476 -0.6121 -0.951813 -0.131044 0.612101 -0.951813 -0.131044 -0.599233
-0.962862 -0.107868 0.599232 -0.962863 -0.107868 -0.451599 -1.02682 -0.199882 0.451599 -1.02682
-0.199881 -0.224924 -1.10337 -0.173961 0.224923 -1.10337 -0.173961 -0.124743 -1.11759 -0.183909
0.124742 -1.11759 -0.183909 -0.476818 -1.01711 -0.191169 0.476817 -1.01711 -0.191169 -0.287819
-1.08872 -0.174386 0.287819 -1.08872 -0.174386 -0.546953 -0.98014 -0.19696 0.546953 -0.980141
-0.196959 -0.589569 -0.961341 -0.164087 0.589568 -0.961342 -0.164087 -0.067722 -1.12313 -0.181939
0.0677213 -1.12313 -0.181939 -0.592585 -0.96843 -0.100903 0.592585 -0.968431 -0.100903 -0.613219
-0.951709 -0.13209 0.613219 -0.95171 -0.13209 -0.599279 -0.961667 -0.123954 0.599279 -0.961669
-0.123953 -0.144926 -1.11589 -0.182785 0.144926 -1.11589 -0.182785 0.0913611 -1.12768 -0.140475
-0.0913612 -1.12768 -0.140475 -0.615959 -0.950284 -0.132358 0.615959 -0.950284 -0.132358 -0.588713
-0.961708 -0.169182 0.588713 -0.96171 -0.169182 -0.57311 -0.968447 -0.183949 0.57311 -0.968448
-0.183948 -0.0652467 -1.1221 -0.192328 0.0652467 -1.1221 -0.192328 -0.164604 -1.11264 -0.187967
0.164603 -1.11264 -0.187967 -0.590356 -0.965635 -0.139356 0.590356 -0.965637 -0.139356 -0.599279
-0.959482 -0.144073 0.599279 -0.959484 -0.144073 -0.124664 -1.11886 -0.182225 0.124663 -1.11886
-0.182225 -0.590564 -0.96909 -0.112755 0.590563 -0.969091 -0.112755 -0.593492 -0.968725 -0.10074
0.593492 -0.968727 -0.10074 -0.0955225 -1.12226 -0.180498 0.0955217 -1.12226 -0.180498 -0.225172
-1.10304 -0.183817 0.225171 -1.10304 -0.183817 -0.587262 -0.962343 -0.173954 0.587262 -0.962345
-0.173954 -0.184206 -1.1118 -0.176956 0.184205 -1.1118 -0.176956 -0.287371 -1.08851 -0.184294
0.28737 -1.08851 -0.184294 -0.580546 -0.965285 -0.181218 0.580546 -0.965287 -0.181218 -0.145594
-1.11566 -0.189365 0.145593 -1.11566 -0.189365 -0.584874 -0.963403 -0.177947 0.584874 -0.963405
-0.177947 -0.598914 -0.965722 -0.103801 0.598914 -0.965724 -0.103801 -0.501425 -1.00706 -0.191143
0.501425 -1.00706 -0.191142 -0.476821 -1.01709 -0.20083 0.47682 -1.01709 -0.200829 -0.0684212
-1.12292 -0.191418 0.0684205 -1.12292 -0.191418 0.182715 -1.112 -0.180426 -0.182715 -1.112
-0.180426 -0.594816 -0.96887 -0.100684 0.594816 -0.968871 -0.100684 -0.590379 -0.968723 -0.126791
0.590379 -0.968725 -0.126791 -0.599273 -0.960265 -0.147917 0.599273 -0.960266 -0.147917 -0.10946
-1.122 -0.180324 0.109459 -1.122 -0.180323 -0.0963858 -1.12181 -0.188968 0.0963851 -1.12181
-0.188968 -0.564688 -0.973203 -0.194181 0.564688 -0.973205 -0.194181 -0.59614 -0.968723 -0.100758
-0.591144 -0.970893 -0.108976 0.59614 -0.968724 -0.100758 0.591144 -0.970895 -0.108976 -0.184872
-1.11145 -0.186435 0.184872 -1.11146 -0.186435 0.187537 -1.112 -0.180426 -0.187537 -1.112
-0.180426 -0.59811 -0.967583 -0.101653 0.59811 -0.967585 -0.101653 -0.590357 -0.966943 -0.144551
0.590356 -0.966945 -0.144551 -0.597048 -0.968425 -0.100935 0.597047 -0.968427 -0.100935 -0.12759
-1.11922 -0.188611 0.127589 -1.11922 -0.188611 -0.599235 -0.960702 -0.150575 0.599235 -0.960704
-0.150574 -0.11018 -1.12155 -0.186883 0.11018 -1.12155 -0.186883 -0.592244 -0.971148 -0.105924
0.592244 -0.97115 -0.105923 -0.0523027 -1.1266 -0.18244 0.052302 -1.1266 -0.18244 -0.267066
-1.09719 -0.173671 0.267065 -1.09719 -0.173671 -0.599131 -0.960904 -0.152995 0.599131 -0.960906
-0.152995 -0.599279 -0.963846 -0.132592 0.599279 -0.963848 -0.132592 -0.524706 -0.997247 -0.190161
0.524705 -0.997248 -0.190161 -0.599256 -0.965945 -0.117963 0.599256 -0.965946 -0.117963 -0.502028
-1.00701 -0.200566 0.502027 -1.00702 -0.200566 -0.598932 -0.960989 -0.156137 0.598931 -0.960991
-0.156137 -0.127588 -1.12051 -0.186832 0.127588 -1.12051 -0.186832 -0.590355 -0.967789 -0.148007
0.590354 -0.967791 -0.148007 -0.577477 -0.968288 -0.190993 0.577477 -0.96829 -0.190992 -0.598575
-0.961071 -0.160695 0.598575 -0.961073 -0.160694 -0.127978 -1.1204 -0.190429 0.127978 -1.1204
-0.190429 -0.266842 -1.09693 -0.183583 0.266841 -1.09693 -0.183583 0.0860064 -1.13308 -0.130296
-0.0860065 -1.13308 -0.130296 -0.590338 -0.968266 -0.150398 0.590338 -0.968268 -0.150398 -0.0528395
-1.12652 -0.191933 0.0528386 -1.12652 -0.191933 0.185126 -1.11448 -0.180479 -0.185126 -1.11448
-0.180479 0.0568254 -1.13702 -0.114 -0.0568254 -1.13702 -0.114 -0.590542 -0.972377 -0.121637
0.590541 -0.972379 -0.121637 -0.597872 -0.961239 -0.166291 0.597872 -0.961241 -0.16629 -0.59038
-0.971065 -0.134432 0.590379 -0.971067 -0.134432 -0.590294 -0.968494 -0.152559 0.590293 -0.968496
-0.152558 -0.545304 -0.988367 -0.188483 0.545304 -0.988368 -0.188483 -0.585991 -0.965121 -0.187326
0.58599 -0.965122 -0.187326 -0.0355881 -1.12944 -0.182623 0.0355875 -1.12944 -0.182623 -0.596601
-0.961582 -0.172283 0.5966 -0.961583 -0.172283 -0.205573 -1.11236 -0.175215 0.205572 -1.11236
-0.175215 -0.0823661 -1.12719 -0.181654 0.0823654 -1.12719 -0.181654 -0.593397 -0.972966 -0.1079
0.593397 -0.972967 -0.107899 -0.590207 -0.96859 -0.155324 0.590206 -0.968592 -0.155324 -0.599071
-0.969073 -0.112879 0.59907 -0.969075 -0.112879 -0.526062 -0.997166 -0.199231 0.526061 -0.997168
-0.199231 -0.594537 -0.962196 -0.178038 0.594537 -0.962197 -0.178038 -0.591315 -0.963243 -0.183051
0.591315 -0.963244 -0.183051 -0.599279 -0.965605 -0.13958 0.599279 -0.965607 -0.13958 -0.597389
-0.971142 -0.105969 0.597389 -0.971144 -0.105969 -0.380275 -1.06457 -0.183018 0.380275 -1.06457
-0.183018 0.0913639 -1.13206 -0.147177 -0.091364 -1.13206 -0.147177 -0.109963 -1.12536 -0.182064
0.109963 -1.12536 -0.182064 -0.590036 -0.968671 -0.159293 0.590036 -0.968672 -0.159292 -0.404316
-1.05548 -0.185705 0.404315 -1.05548 -0.185705 -0.356706 -1.07356 -0.180429 0.356706 -1.07356
-0.180429 -0.110359 -1.12512 -0.185651 0.110358 -1.12512 -0.185651 -0.591003 -0.97446 -0.117034
0.591003 -0.974461 -0.117033 -0.598489 -0.970882 -0.109059 0.598489 -0.970884 -0.109059 0.0831229
-1.12688 -0.19014 -0.0831236 -1.12688 -0.19014 -0.561864 -0.981122 -0.186365 0.561864 -0.981124
-0.186365 -0.594817 -0.973486 -0.108398 0.594816 -0.973487 -0.108398 -0.589631 -0.968834 -0.164115
0.589631 -0.968836 -0.164115 -0.206059 -1.11202 -0.185065 0.206059 -1.11202 -0.185065 -0.59197
-0.974786 -0.112883 0.591969 -0.974787 -0.112883 -0.145958 -1.12213 -0.181945 0.145958 -1.12213
-0.181945 -0.599256 -0.968698 -0.12698 0.599256 -0.9687 -0.126979 -0.0180101 -1.13135 -0.182628
0.0180095 -1.13135 -0.182628 -0.428702 -1.04618 -0.188191 -0.247018 -1.10568 -0.173641 0.247018
-1.10568 -0.173641 0.428702 -1.04618 -0.188191 -0.596236 -0.972962 -0.107925 0.596236 -0.972964
-0.107925 -0.0359517 -1.12945 -0.192124 0.0359511 -1.12945 -0.192124 -0.379363 -1.06454 -0.192854
0.379363 -1.06454 -0.192853 0.0567245 -1.12872 -0.192958 -0.0567246 -1.12872 -0.192958 -0.588813
-0.969176 -0.169206 0.588813 -0.969178 -0.169206 -0.128006 -1.12427 -0.185401 0.128005 -1.12427
-0.185401 -0.110274 -1.12639 -0.183942 0.110274 -1.12639 -0.183942 -0.333726 -1.08244 -0.178109
0.333725 -1.08244 -0.178109 -0.0961623 -1.12808 -0.181719 0.0961617 -1.12808 -0.181719 -3.00651e-07
-1.13205 -0.182598 -0.59038 -0.972956 -0.140618 0.59038 -0.972958 -0.140618 -0.599279 -0.966912
-0.144791 -0.403452 -1.05547 -0.19554 0.403451 -1.05547 -0.19554 0.599279 -0.966913 -0.14479
-0.355827 -1.07349 -0.190267 0.355826 -1.07349 -0.190267 -0.547546 -0.988253 -0.197062 0.547546
-0.988255 -0.197062 -0.573449 -0.976015 -0.183993 0.573449 -0.976017 -0.183992 -0.587405 -0.969791
-0.17398 0.587404 -0.969793 -0.17398 -0.453306 -1.03656 -0.190141 0.453306 -1.03656 -0.190141
-0.146822 -1.12183 -0.190428 0.146822 -1.12183 -0.190428 -0.580797 -0.972752 -0.181257 0.580797
-0.972754 -0.181257 -0.585063 -0.970841 -0.17798 0.585063 -0.970843 -0.17798 -0.247036 -1.10538
-0.183553 0.247035 -1.10538 -0.183553 -0.0968343 -1.12774 -0.18829 0.0968336 -1.12774 -0.18829
-0.165505 -1.12125 -0.179151 0.165505 -1.12125 -0.17915 -0.590542 -0.975311 -0.129569 0.590542
-0.975312 -0.129568 -0.427987 -1.04618 -0.198006 0.427986 -1.04618 -0.198006 -0.12872 -1.12406
-0.191978 0.128719 -1.12406 -0.191978 0.0181929 -1.13143 -0.192135 -0.0181937 -1.13143 -0.192135
-0.332945 -1.08232 -0.187953 0.332944 -1.08232 -0.187952 -0.599274 -0.967756 -0.148266 0.599274
-0.967758 -0.148266 -0.111669 -1.12634 -0.19125 0.111668 -1.12634 -0.191249 -0.0683795 -1.13154
-0.182422 0.0683788 -1.13154 -0.182422 -3.00651e-07 -1.13215 -0.192107 -0.311449 -1.0912 -0.176194
0.311448 -1.0912 -0.176194 -0.478001 -1.0265 -0.191223 0.478 -1.0265 -0.191223 -0.59038
-0.974361 -0.145239 0.59038 -0.974362 -0.145239 -0.599093 -0.972356 -0.121796 0.599093 -0.972358
-0.121796 -0.59924 -0.96823 -0.150732 0.599239 -0.968232 -0.150732 -0.565106 -0.980981 -0.194298
0.565106 -0.980983 -0.194297 -0.452864 -1.03656 -0.199891 0.452864 -1.03656 -0.199891 -0.050313
-1.14192 -0.114019 0.050313 -1.14192 -0.114019 0.0913022 -1.13483 -0.153133 -0.0913023 -1.13483
-0.153133 -0.166348 -1.12091 -0.188618 0.166347 -1.12091 -0.188618 -0.111633 -1.12761 -0.189466
0.111632 -1.12761 -0.189466 -0.59326 -0.977079 -0.115116 0.59326 -0.97708 -0.115116 -0.599256
-0.971037 -0.134647 -0.597664 -0.974777 -0.112949 0.599256 -0.971038 -0.134647 0.597664 -0.974779
-0.112949 -0.599146 -0.96845 -0.153084 0.599146 -0.968452 -0.153084 0.11202 -1.12751 -0.193064
-0.112021 -1.12751 -0.193064 -0.0690031 -1.13135 -0.190923 0.0690023 -1.13135 -0.190923 -0.590983
-0.977923 -0.124915 0.590983 -0.977925 -0.124914 -0.598963 -0.968533 -0.156219 0.598963 -0.968535
-0.156218 -0.502458 -1.01604 -0.191201 0.502458 -1.01604 -0.191201 -0.310821 -1.09103 -0.186045
0.310821 -1.09103 -0.186045 -0.598631 -0.974445 -0.117149 0.598631 -0.974446 -0.117149 -0.590379
-0.975268 -0.148334 0.590378 -0.97527 -0.148334 -0.591859 -0.978566 -0.120281 0.591858 -0.978568
-0.120281 -0.598631 -0.968592 -0.160776 0.59863 -0.968594 -0.160775 -0.477979 -1.02648 -0.200838
0.477979 -1.02648 -0.200838 -0.577773 -0.975856 -0.191115 0.577772 -0.975858 -0.191115 -0.590365
-0.975779 -0.150533 -0.594817 -0.977811 -0.115817 0.590365 -0.97578 -0.150533 0.594817 -0.977813
-0.115817 -0.590543 -0.977803 -0.136316 0.590542 -0.977804 -0.136316 -0.0966462 -1.13159 -0.183374
0.0966456 -1.13159 -0.183374 -0.596374 -0.977074 -0.115153 0.596373 -0.977075 -0.115153 -0.597955
-0.968731 -0.166373 0.597955 -0.968732 -0.166373 -0.227424 -1.11428 -0.17425 0.227423 -1.11428
-0.17425 -0.525552 -1.00578 -0.19023 0.525552 -1.00578 -0.190229 -0.186362 -1.12163 -0.176989
0.186361 -1.12163 -0.176989 -0.28999 -1.09981 -0.174822 0.289989 -1.09981 -0.174822 -0.590328
-0.976017 -0.152616 0.590328 -0.976018 -0.152616 -0.0970144 -1.1314 -0.186967 0.0970137 -1.1314
-0.186967 0.0499288 -1.13339 -0.193349 -0.0499289 -1.13339 -0.193349 -0.0829729 -1.13329 -0.182727
0.0829722 -1.13329 -0.182727 -0.586209 -0.972587 -0.187448 0.586209 -0.972588 -0.187447 -0.596713
-0.969047 -0.172374 0.596712 -0.969049 -0.172374 -0.590256 -0.976109 -0.155364 0.590256 -0.97611
-0.155364 -0.503021 -1.01599 -0.200585 0.50302 -1.01599 -0.200585 -0.599256 -0.972925 -0.140855
0.599256 -0.972927 -0.140855 -0.594678 -0.969642 -0.178142 0.594678 -0.969643 -0.178142 -0.591487
-0.970679 -0.183166 0.591487 -0.970681 -0.183166 -0.0528438 -1.13554 -0.182818 0.0528431 -1.13554
-0.182818 -0.0912762 -1.13673 -0.159088 0.0912761 -1.13673 -0.159088 -0.590109 -0.976176 -0.159328
0.590109 -0.976178 -0.159328 -0.545958 -0.996478 -0.188562 0.545958 -0.996479 -0.188561 -0.0835603
-1.13305 -0.189311 0.0835596 -1.13305 -0.189311 -0.227689 -1.11395 -0.184159 0.227688 -1.11395
-0.184158 0.0969403 -1.13269 -0.185225 -0.0969411 -1.13269 -0.185225 -0.599093 -0.975285 -0.129759
0.599093 -0.975287 -0.129759 -0.289558 -1.0996 -0.18468 0.289557 -1.0996 -0.18468 -0.187065
-1.12127 -0.186828 0.187064 -1.12127 -0.186828 -0.111946 -1.13131 -0.188023 0.111945 -1.13131
-0.188023 0.0448717 -1.14581 -0.114076 -0.0448718 -1.14581 -0.114076 -0.589736 -0.976321 -0.164151
0.589735 -0.976323 -0.164151 -0.128852 -1.13037 -0.184547 0.128851 -1.13038 -0.184547 -0.0962885
-1.1321 -0.193727 0.0962878 -1.1321 -0.193727 -0.526851 -1.0057 -0.199268 0.526851 -1.0057
-0.199268 -0.0533205 -1.13546 -0.191331 0.0533196 -1.13546 -0.191331 -0.590543 -0.979815 -0.141784
0.590543 -0.979817 -0.141784 -0.562349 -0.988898 -0.186449 0.562348 -0.9889 -0.186449 -0.590984
-0.981009 -0.131948 0.590984 -0.981011 -0.131948 -0.593199 -0.98106 -0.122253 0.593199 -0.981061
-0.122253 -0.588954 -0.976642 -0.169246 0.588954 -0.976644 -0.169246 -0.597776 -0.978554 -0.120373
0.597776 -0.978556 -0.120373 -0.599256 -0.974327 -0.145492 0.599256 -0.974329 -0.145492 0.0801542
-1.14308 -0.129043 -0.0801542 -1.14308 -0.129043 -0.112656 -1.13112 -0.194602 0.112655 -1.13112
-0.194602 -0.598652 -0.977904 -0.125063 0.598651 -0.977905 -0.125063 -0.587585 -0.977238 -0.174029
0.587584 -0.97724 -0.174029 -0.573811 -0.983582 -0.184074 0.573811 -0.983584 -0.184073 -0.0962326
-1.13336 -0.191938 0.0962318 -1.13336 -0.191938 0.0912808 -1.13798 -0.166026 -0.0912809 -1.13798
-0.166026 -0.591843 -0.982171 -0.127417 0.591843 -0.982173 -0.127417 -0.269401 -1.10829 -0.174103
0.2694 -1.10829 -0.174103 -0.129774 -1.1301 -0.193026 0.129773 -1.1301 -0.193026 -0.585286
-0.978279 -0.17804 0.585286 -0.97828 -0.17804 -0.581076 -0.980218 -0.181329 0.581075 -0.980219
-0.181329 -0.0965953 -1.13327 -0.195539 0.0965946 -1.13327 -0.195539 -0.0359719 -1.13891 -0.182946
0.0359711 -1.13891 -0.182946 -0.548128 -0.996367 -0.19712 0.548127 -0.996369 -0.197119 0.0443544
-1.13693 -0.193582 -0.0443545 -1.13693 -0.193582 -0.147381 -1.13024 -0.181603 0.14738 -1.13024
-0.181603 -0.599251 -0.975233 -0.148607 0.599251 -0.975235 -0.148607 -0.590543 -0.981309 -0.145878
0.590543 -0.98131 -0.145878 -0.594817 -0.981885 -0.122922 0.594817 -0.981886 -0.122922 -0.596435
-0.981053 -0.122304 0.596435 -0.981054 -0.122304 -0.0689252 -1.13799 -0.183371 0.0689245 -1.13799
-0.183371 -0.405609 -1.06507 -0.185968 0.405608 -1.06507 -0.185968 -0.381648 -1.07437 -0.183334
0.381647 -1.07437 -0.183333 -0.599093 -0.977774 -0.136534 0.599093 -0.977776 -0.136533 -0.0834243
-1.13698 -0.184293 0.0834236 -1.13698 -0.184293 -0.599219 -0.97574 -0.150882 0.599219 -0.975742
-0.150882 -0.269193 -1.10803 -0.183964 0.269192 -1.10803 -0.183963 0.0871055 -1.13527 -0.194007
-0.0871056 -1.13527 -0.194007 -0.429944 -1.05556 -0.18842 0.429943 -1.05556 -0.18842 -0.0837455
-1.13685 -0.187894 0.0837447 -1.13685 -0.187894 -0.599132 -0.975971 -0.153159 0.599131 -0.975973
-0.153159 -0.358206 -1.08355 -0.180817 0.358206 -1.08355 -0.180816 -0.0362938 -1.13892 -0.191467
0.0362931 -1.13892 -0.191467 -0.14835 -1.12991 -0.191061 0.148349 -1.12991 -0.191061 -0.565507
-0.98876 -0.194373 0.565507 -0.988761 -0.194373 0.0916295 -1.13607 -0.190312 -0.0916296 -1.13607
-0.190312 -0.208031 -1.12309 -0.175454 0.20803 -1.12309 -0.175454 0.0913993 -1.13873 -0.174226
-0.0913994 -1.13873 -0.174226 -0.069407 -1.13785 -0.189966 0.0694061 -1.13785 -0.189966 -0.590542
-0.982274 -0.148641 0.590542 -0.982276 -0.14864 -0.590984 -0.983631 -0.137934 0.590984 -0.983632
-0.137933 -0.598961 -0.97605 -0.156279 0.598961 -0.976052 -0.156279 0.0862325 -1.14407 -0.139997
-0.0862326 -1.14407 -0.139997 0.0394558 -1.14953 -0.114103 -0.0394559 -1.14953 -0.114103 -0.0182088
-1.14123 -0.182931 0.0182081 -1.14123 -0.182931 -0.454495 -1.04568 -0.190351 0.454495 -1.04568
-0.190351 -0.380769 -1.07433 -0.192809 0.380769 -1.07433 -0.192808 -0.404773 -1.06506 -0.195443
0.404773 -1.06506 -0.195442 -0.0810762 -1.13664 -0.195857 0.0810754 -1.13664 -0.195857 -0.598647
-0.976096 -0.160837 0.598647 -0.976098 -0.160837 -0.0836911 -1.13816 -0.186118 0.0836903 -1.13816
-0.186118 -0.590531 -0.982815 -0.150665 0.59053 -0.982817 -0.150664 -0.429248 -1.05555 -0.197875
0.429247 -1.05555 -0.197875 -0.578045 -0.983426 -0.191201 0.578045 -0.983427 -0.191201 -0.357363
-1.08347 -0.190294 0.357363 -1.08347 -0.190294 -3.00651e-07 -1.1421 -0.182898 -0.479107 -1.0353
-0.191426 0.479107 -1.0353 -0.191426 -0.335391 -1.0926 -0.178573 0.33539 -1.0926 -0.178573
-0.598652 -0.980986 -0.132126 0.598651 -0.980987 -0.132125 -0.597792 -0.982156 -0.127535 0.597792
-0.982157 -0.127535 -0.593191 -0.984761 -0.128958 0.593191 -0.984763 -0.128958 -0.597997 -0.976216
-0.16644 0.597996 -0.976218 -0.16644 -0.208535 -1.12274 -0.185354 0.208534 -1.12274 -0.185354
-0.5905 -0.983064 -0.15268 0.5905 -0.983065 -0.15268 -0.0964593 -1.13703 -0.190481 0.0964585
-1.13703 -0.190481 -0.167447 -1.13084 -0.179159 0.167446 -1.13084 -0.179159 -0.0810125 -1.13789
-0.194062 0.0810117 -1.13789 -0.194062 -0.599093 -0.979783 -0.142024 0.599093 -0.979785 -0.142023
0.0390851 -1.14021 -0.193725 -0.0390851 -1.14021 -0.193725 -0.591844 -0.985374 -0.13377 0.591843
-0.985375 -0.13377 -0.590441 -0.983151 -0.155418 0.59044 -0.983153 -0.155417 -0.0921722 -1.1394
-0.180924 0.0921721 -1.1394 -0.180924 -0.596783 -0.976513 -0.172449 0.596783 -0.976514 -0.172449
-0.454057 -1.04567 -0.199746 0.454057 -1.04568 -0.199745 -0.5864 -0.980054 -0.187537 0.586399
-0.980055 -0.187537 -0.0183711 -1.1413 -0.191456 0.0183704 -1.1413 -0.191456 -0.503433 -1.02445
-0.191405 0.503432 -1.02445 -0.191405 -0.249471 -1.11672 -0.174036 0.24947 -1.11672 -0.174036
-0.594781 -0.977089 -0.178224 0.594781 -0.97709 -0.178224 -0.591626 -0.978117 -0.183253 0.591626
-0.978118 -0.183253 -0.0813323 -1.13782 -0.197666 0.0813314 -1.13782 -0.197666 -0.590313 -0.983206
-0.159388 0.590313 -0.983207 -0.159387 -0.0971215 -1.13687 -0.197065 0.0971207 -1.13687 -0.197065
-0.334646 -1.09249 -0.188056 0.334645 -1.09249 -0.188056 -0.526364 -1.01377 -0.190438 0.526363
-1.01377 -0.190438 -0.112621 -1.13733 -0.187151 0.11262 -1.13733 -0.18715 -3.90211e-07 -1.14219
-0.191425 -0.590985 -0.985748 -0.14279 0.590984 -0.985749 -0.142789 -0.479067 -1.03528 -0.200693
0.479066 -1.03529 -0.200692 -0.0532903 -1.14243 -0.183687 0.0532895 -1.14243 -0.183687 -0.589964
-0.983333 -0.164223 0.589964 -0.983335 -0.164223 -0.594818 -0.985621 -0.129496 0.594817 -0.985623
-0.129495 -0.168331 -1.13049 -0.188986 0.16833 -1.13049 -0.188986 -0.596444 -0.984752 -0.129023
0.596444 -0.984754 -0.129023 -0.249504 -1.11642 -0.183896 0.249504 -1.11642 -0.183896 -0.546602
-1.00408 -0.188772 0.546602 -1.00408 -0.188772 -0.313296 -1.1015 -0.176724 0.313296 -1.1015
-0.176724 0.0922413 -1.13949 -0.189308 -0.0922414 -1.13949 -0.189308 0.0939263 -1.14032 -0.183732
-0.0939264 -1.14032 -0.183732 -0.0693243 -1.14192 -0.184862 0.0693236 -1.14192 -0.184862 -0.0656588
-1.14008 -0.197453 0.0656581 -1.14008 -0.197453 -0.599093 -0.981275 -0.146134 0.599093 -0.981277
-0.146134 -0.589209 -0.983635 -0.169337 0.589209 -0.983637 -0.169337 -0.503944 -1.02441 -0.200454
0.503944 -1.02441 -0.200453 -0.56285 -0.996181 -0.186655 0.562849 -0.996183 -0.186655 -0.0536574
-1.14238 -0.190291 0.0536566 -1.14238 -0.190291 -0.113535 -1.13709 -0.195631 0.113534 -1.13709
-0.195631 -0.0695872 -1.14184 -0.188469 0.0695864 -1.14184 -0.188469 0.0335902 -1.15339 -0.114164
-0.0335903 -1.15339 -0.114164 -0.587866 -0.984213 -0.174143 0.587866 -0.984214 -0.174143 -0.598652
-0.983604 -0.138136 0.598651 -0.983606 -0.138136 -0.574214 -0.990669 -0.184265 0.574213 -0.990671
-0.184264 0.0939381 -1.14046 -0.188923 -0.0939381 -1.14046 -0.188923 -0.0655969 -1.14133 -0.195652
0.0655963 -1.14133 -0.195652 -0.585593 -0.985243 -0.178182 0.585592 -0.985245 -0.178181 -0.312702
-1.10134 -0.186214 0.312701 -1.10134 -0.186214 -0.590985 -0.987319 -0.146434 0.590985 -0.987321
-0.146434 -0.581418 -0.987209 -0.181498 -0.527573 -1.01369 -0.199159 0.581418 -0.987211 -0.181497
0.527572 -1.0137 -0.199159 0.0956786 -1.14117 -0.184827 -0.0956787 -1.14117 -0.184827 -0.599089
-0.982239 -0.148917 0.599089 -0.982241 -0.148916 -0.591844 -0.988094 -0.139178 0.591844 -0.988096
-0.139178 -0.597792 -0.985355 -0.133911 0.597792 -0.985357 -0.133911 -0.593192 -0.988034 -0.1349
0.593191 -0.988036 -0.1349 -0.065862 -1.14128 -0.199261 0.0658613 -1.14128 -0.199261 -0.0695523
-1.1432 -0.186665 0.0695516 -1.1432 -0.186665 -0.130037 -1.13832 -0.184186 0.130036 -1.13832
-0.184186 -0.0334195 -1.14372 -0.193804 0.0334194 -1.14372 -0.193804 0.0811686 -1.14156 -0.19259
-0.0811693 -1.14156 -0.19259 0.0956811 -1.14127 -0.188433 -0.0956812 -1.14127 -0.188433 -0.04975
-1.14253 -0.198393 0.0497491 -1.14253 -0.198393 0.0963367 -1.14153 -0.186687 -0.0963367 -1.14153
-0.186687 -0.599059 -0.982777 -0.151015 0.599059 -0.982778 -0.151015 -0.548641 -1.00397 -0.197037
0.548641 -1.00397 -0.197037 0.073191 -1.15163 -0.12867 -0.073191 -1.15163 -0.12867 -0.590984
-0.988335 -0.148914 0.590983 -0.988336 -0.148914 -0.598978 -0.983018 -0.153219 0.598978 -0.98302
-0.153219 -0.292018 -1.1102 -0.175388 0.292017 -1.1102 -0.175388 -0.188674 -1.13212 -0.17719
0.188673 -1.13212 -0.17719 -0.0362871 -1.14625 -0.183773 0.0362864 -1.14625 -0.183773 0.0817514
-1.14143 -0.199181 -0.0817523 -1.14143 -0.199181 0.0496965 -1.14379 -0.196588 -0.0496972 -1.14379
-0.196588 -0.229926 -1.12519 -0.174592 0.229925 -1.12519 -0.174592 -0.598821 -0.983093 -0.15632
0.598821 -0.983095 -0.15632 -0.0334076 -1.14412 -0.198815 0.0334068 -1.14412 -0.198815 -0.131068
-1.13802 -0.19364 0.131067 -1.13802 -0.19364 -0.590974 -0.988902 -0.150791 0.590974 -0.988904
-0.150791 -0.565836 -0.996049 -0.194316 0.565835 -0.996051 -0.194316 -0.594818 -0.988917 -0.135305
0.594818 -0.988919 -0.135305 -0.596444 -0.988024 -0.134978 0.596444 -0.988025 -0.134978 -0.598652
-0.985718 -0.143013 0.598652 -0.98572 -0.143012 -0.598528 -0.983128 -0.160869 0.598527 -0.983129
-0.160869 0.0499002 -1.14376 -0.200201 -0.0499011 -1.14376 -0.200201 -0.0167762 -1.14499 -0.19892
0.0167754 -1.14499 -0.19892 -0.590947 -0.989159 -0.152756 0.590946 -0.98916 -0.152755 -3.90211e-07
-1.14525 -0.198911 -0.291613 -1.10999 -0.184884 0.291612 -1.10999 -0.184884 0.0863381 -1.14985
-0.147327 -0.0863382 -1.14985 -0.147327 -0.0365346 -1.14626 -0.190384 0.0365339 -1.14626 -0.190384
-0.591845 -0.990291 -0.143571 0.591844 -0.990293 -0.143571 -0.189394 -1.13176 -0.18708 0.189393
-1.13176 -0.18708 -0.0969816 -1.14301 -0.189585 0.0969809 -1.14301 -0.189585 -0.0333694 -1.14541
-0.197008 0.0333686 -1.14541 -0.197008 -0.590894 -0.989242 -0.155497 0.590894 -0.989244 -0.155497
0.053612 -1.14664 -0.185131 -0.0536128 -1.14664 -0.185131 -0.597905 -0.983231 -0.166464 0.597905
-0.983232 -0.166464 -0.578237 -0.99052 -0.191166 0.578237 -0.990521 -0.191166 -0.406698 -1.07337
-0.186529 -0.230205 -1.12486 -0.184448 0.406697 -1.07337 -0.186528 0.230204 -1.12486 -0.184448
-0.430993 -1.06367 -0.18895 0.430992 -1.06367 -0.18895 -0.382804 -1.08284 -0.18394 0.382803
-1.08284 -0.18394 -0.597792 -0.988073 -0.13934 0.597792 -0.988075 -0.13934 -0.0657002 -1.14503
-0.194168 0.0656994 -1.14503 -0.194168 0.0167555 -1.14629 -0.197112 -0.0167562 -1.14629 -0.197112
-0.596727 -0.983509 -0.172465 0.596727 -0.98351 -0.172465 -0.590777 -0.989285 -0.159493 0.590777
-0.989287 -0.159493 -0.593192 -0.990815 -0.13996 0.593192 -0.990816 -0.13996 0.0538121 -1.14661
-0.188743 -0.0538129 -1.14661 -0.188743 -0.0335076 -1.14538 -0.200623 0.0335069 -1.14538 -0.200623
-0.586497 -0.987052 -0.187519 0.586496 -0.987053 -0.187519 -2.55872e-07 -1.14656 -0.197102 -0.0269345
-1.15749 -0.114324 0.0269344 -1.15749 -0.114324 -0.149064 -1.1396 -0.181592 0.149063 -1.1396
-0.181592 -0.594766 -0.984067 -0.178232 0.594765 -0.984069 -0.178231 -0.455508 -1.05357 -0.190864
0.455507 -1.05357 -0.190863 -0.591658 -0.985087 -0.18325 0.591658 -0.985089 -0.18325 -0.0183718
-1.14892 -0.183742 0.0183711 -1.14892 -0.183742 0.0168253 -1.14627 -0.200729 -0.0168261 -1.14627
-0.200729 -0.590439 -0.989396 -0.164367 0.590439 -0.989398 -0.164367 -0.598652 -0.987288 -0.146672
0.598652 -0.987289 -0.146672 -0.0978329 -1.14281 -0.198073 0.0978321 -1.14281 -0.198073 -3.00651e-07
-1.14654 -0.20072 -0.405946 -1.07336 -0.195025 0.405946 -1.07336 -0.195024 -0.480062 -1.04291
-0.191928 0.480061 -1.04291 -0.191928 -0.359475 -1.09218 -0.181485 0.359475 -1.09218 -0.181485
0.0267876 -1.14764 -0.193839 -0.0267876 -1.14764 -0.193839 -0.382017 -1.0828 -0.192436 0.382016
-1.0828 -0.192436 -0.0661826 -1.14493 -0.200767 0.0661817 -1.14493 -0.200767 -0.430364 -1.06366
-0.19743 0.430363 -1.06367 -0.197429 -0.504291 -1.03172 -0.191901 0.504291 -1.03172 -0.1919
-0.271586 -1.11869 -0.174664 0.271585 -1.11869 -0.174664 -0.591845 -0.991922 -0.146875 0.591845
-0.991924 -0.146875 -0.0537925 -1.14804 -0.186919 0.0537917 -1.14804 -0.186919 -0.589692 -0.989681
-0.16953 0.589692 -0.989682 -0.169529 -3.90211e-07 -1.14992 -0.183707 -0.527104 -1.02068 -0.190926
0.527104 -1.02068 -0.190926 -0.547226 -1.01064 -0.189247 0.547226 -1.01065 -0.189247 -0.0184964
-1.14897 -0.190356 0.0184956 -1.14897 -0.190356 -0.455106 -1.05356 -0.199289 0.455105 -1.05356
-0.199289 -0.594818 -0.991717 -0.140253 0.594818 -0.991719 -0.140253 -0.596445 -0.990803 -0.14005
0.596444 -0.990805 -0.140049 -0.150076 -1.13926 -0.191409 0.150076 -1.13926 -0.191409 -0.588349
-0.990241 -0.17439 0.588348 -0.990243 -0.17439 -0.563383 -1.00248 -0.187105 -0.598648 -0.988302
-0.149171 0.563383 -1.00248 -0.187105 0.598648 -0.988303 -0.149171 -0.0497613 -1.14755 -0.195096
0.0497605 -1.14755 -0.195096 -0.358722 -1.09212 -0.189984 0.358721 -1.09212 -0.189984 -0.586067
-0.991264 -0.178486 0.586067 -0.991265 -0.178486 -0.574699 -0.996796 -0.184676 0.574698 -0.996797
-0.184676 -0.48001 -1.0429 -0.200241 0.48001 -1.0429 -0.200241 -0.581889 -0.993253 -0.181859
0.581888 -0.993254 -0.181859 -0.271399 -1.11844 -0.184163 0.271398 -1.11844 -0.184163 -0.591844
-0.992976 -0.149142 0.591843 -0.992977 -0.149141 -0.597792 -0.990268 -0.143748 0.597792 -0.990269
-0.143748 -0.336806 -1.10139 -0.179309 0.336805 -1.10139 -0.179308 -3.90211e-07 -1.14999 -0.190322
-0.593192 -0.99306 -0.144072 0.593192 -0.993061 -0.144072 -0.598621 -0.988866 -0.151116 0.598621
-0.988868 -0.151115 -0.504727 -1.03168 -0.200021 0.504727 -1.03169 -0.20002 -0.113582 -1.14516
-0.186764 0.113581 -1.14516 -0.186764 -0.0365132 -1.15074 -0.185193 0.0365124 -1.15074 -0.185193
-0.0501318 -1.14748 -0.201702 0.050131 -1.14748 -0.201702 0.033405 -1.14923 -0.195511 -0.0334058
-1.14923 -0.195511 -0.598548 -0.989116 -0.153251 0.598547 -0.989118 -0.153251 -0.528158 -1.02061
-0.198756 0.528158 -1.02062 -0.198756 -0.591833 -0.993563 -0.150912 0.591833 -0.993564 -0.150911
-0.08156 -1.14755 -0.191672 0.0815593 -1.14755 -0.191672 -0.210492 -1.13381 -0.175744 0.210491
-1.13381 -0.175744 0.0802868 -1.15538 -0.13922 -0.0802868 -1.15538 -0.13922 -0.598405 -0.989189
-0.156322 0.598405 -0.98919 -0.156321 -0.336143 -1.10129 -0.187813 0.336143 -1.10129 -0.187813
-0.0366479 -1.15075 -0.188808 0.0366471 -1.15075 -0.188808 -0.591806 -0.993826 -0.152849 0.591805
-0.993827 -0.152849 -0.549018 -1.01055 -0.196672 0.549017 -1.01055 -0.196672 -0.0167726 -1.15017
-0.195613 0.0167718 -1.15017 -0.195613 -3.90211e-07 -1.15046 -0.195602 0.0863494 -1.15362 -0.153491
-0.0863494 -1.15362 -0.153491 -0.598136 -0.989213 -0.160842 0.598136 -0.989215 -0.160842 -0.591752
-0.993905 -0.155617 0.591752 -0.993907 -0.155617 -0.114601 -1.1449 -0.196221 0.1146 -1.1449
-0.196221 -0.0336569 -1.14918 -0.202122 0.0336562 -1.14918 -0.202122 -0.594819 -0.993978 -0.144276
0.594818 -0.99398 -0.144275 -0.596445 -0.993047 -0.144171 0.596444 -0.993049 -0.144171 -0.56602
-1.00236 -0.193995 0.56602 -1.00236 -0.193995 -0.597792 -0.991897 -0.147065 0.597792 -0.991898
-0.147064 0.0191153 -1.16163 -0.114527 -0.0191153 -1.16163 -0.114527 -0.169533 -1.14107 -0.179334
0.169532 -1.14107 -0.179334 -0.593192 -0.994727 -0.147171 0.593192 -0.994728 -0.147171 0.0189311
-1.15123 -0.19386 -0.0189312 -1.15123 -0.19386 -0.082307 -1.14739 -0.20017 0.0823062 -1.14739
-0.20017 -0.591632 -0.993938 -0.159669 0.591632 -0.99394 -0.159669 -0.597549 -0.989303 -0.166403
0.597548 -0.989305 -0.166403 -0.314875 -1.11041 -0.177516 0.314874 -1.11041 -0.177516 -0.211007
-1.13346 -0.185592 0.211006 -1.13346 -0.185592 -0.0366371 -1.15224 -0.186974 0.0366364 -1.15224
-0.186974 0.0168986 -1.15014 -0.202228 -0.0168994 -1.15014 -0.202228 -0.25177 -1.12706 -0.174562
0.251769 -1.12706 -0.174562 -0.578267 -0.996662 -0.19089 0.578266 -0.996663 -0.19089 -4.34991e-07
-1.15043 -0.202219 -0.596416 -0.989566 -0.172366 0.596416 -0.989568 -0.172366 -0.591285 -0.994036
-0.16462 0.591285 -0.994037 -0.16462 0.0648057 -1.15952 -0.128454 -0.0648057 -1.15952 -0.128454
-0.586406 -0.993112 -0.187289 0.586406 -0.993113 -0.187289 -0.594513 -0.990111 -0.17809 0.0184875
-1.15363 -0.185153 -0.0184882 -1.15363 -0.185153 0.594512 -0.990112 -0.17809 -0.597789 -0.992949
-0.149346 0.597789 -0.992951 -0.149346 -0.591476 -0.991123 -0.183065 0.591476 -0.991125 -0.183064
-0.593191 -0.995804 -0.14931 0.59319 -0.995805 -0.149309 -0.170433 -1.14072 -0.189212 0.170432
-1.14072 -0.189212 -0.314349 -1.11026 -0.186026 0.314348 -1.11026 -0.186026 -0.590517 -0.994305
-0.169875 0.590516 -0.994306 -0.169874 -0.0659802 -1.15107 -0.193232 0.0659795 -1.15107 -0.193232
-0.594819 -0.995657 -0.147308 0.594818 -0.995658 -0.147308 -0.596445 -0.994713 -0.147276 -0.251815
-1.12677 -0.18406 0.251815 -1.12677 -0.18406 0.596445 -0.994715 -0.147276 0.0185551 -1.15366
-0.18877 -0.0185558 -1.15366 -0.18877 -0.407481 -1.07973 -0.187536 0.40748 -1.07973 -0.187536
-0.431753 -1.06988 -0.189933 0.431753 -1.06988 -0.189933 -0.597765 -0.993535 -0.151169 0.597765
-0.993536 -0.151169 -0.589134 -0.994852 -0.174836 0.589134 -0.994853 -0.174836 -0.593179 -0.996403
-0.151022 0.593178 -0.996404 -0.151022 -3.90211e-07 -1.15472 -0.185116 -0.456255 -1.05961 -0.191829
0.456254 -1.05961 -0.191829 -0.547821 -1.01567 -0.190118 0.547821 -1.01567 -0.190117 -0.131448
-1.14749 -0.184152 -0.527739 -1.02597 -0.191834 0.131448 -1.14749 -0.184152 0.527738 -1.02597
-0.191834 -0.563965 -1.00729 -0.187922 0.563965 -1.0073 -0.187921 -0.383637 -1.08933 -0.184982
0.383636 -1.08933 -0.184982 -0.586795 -0.995867 -0.179036 0.586794 -0.995868 -0.179036 -0.504975
-1.03729 -0.192833 0.504975 -1.03729 -0.192833 -0.480787 -1.04875 -0.192879 0.480787 -1.04875
-0.192878 -0.575307 -1.00148 -0.185417 0.575307 -1.00148 -0.185417 -0.597702 -0.993792 -0.15324
0.597701 -0.993794 -0.153239 -0.582551 -0.997874 -0.182509 0.582551 -0.997876 -0.182509 0.0098168
-1.15361 -0.193891 -0.00981687 -1.15361 -0.193891 -0.593145 -0.996669 -0.152961 0.593145 -0.99667
-0.152961 -0.406897 -1.07972 -0.194127 0.406896 -1.07972 -0.194126 -3.00651e-07 -1.15476 -0.188734
0.0808748 -1.1505 -0.197295 -0.0808748 -1.1505 -0.197295 -0.431262 -1.06988 -0.196511 0.431262
-1.06988 -0.196511 -0.597577 -0.993863 -0.156265 0.597576 -0.993865 -0.156264 -0.593081 -0.996745
-0.155781 0.59308 -0.996746 -0.155781 -0.594817 -0.996741 -0.149407 0.594816 -0.996743 -0.149407
-0.0977396 -1.15079 -0.18917 0.097739 -1.15079 -0.18917 -0.596442 -0.995789 -0.149423 0.596442
-0.995791 -0.149423 0.0185505 -1.15521 -0.186932 -0.0185513 -1.15521 -0.186932 -0.0665968 -1.15095
-0.20174 0.066596 -1.15095 -0.20174 -0.293759 -1.11918 -0.176212 0.293758 -1.11918 -0.176211
-0.383026 -1.0893 -0.191573 0.383026 -1.0893 -0.191573 -0.455938 -1.05961 -0.198366 0.455938
-1.05961 -0.198366 0.0863592 -1.15644 -0.159621 -0.0863593 -1.15644 -0.159621 -3.19036e-08 -1.15445
-0.193909 -0.597337 -0.993882 -0.160727 0.597337 -0.993883 -0.160726 -0.360396 -1.0988 -0.182575
0.360396 -1.0988 -0.182575 -0.480739 -1.04873 -0.199329 0.480739 -1.04873 -0.199329 -0.592942
-0.996769 -0.159926 0.592942 -0.996771 -0.159925 -0.505301 -1.03726 -0.199136 0.505301 -1.03727
-0.199136 -0.52854 -1.02592 -0.197914 0.528539 -1.02592 -0.197914 0.00994378 -1.16528 -0.114691
-0.00994385 -1.16528 -0.114691 -0.0499519 -1.15369 -0.194149 0.0499512 -1.15369 -0.194149 -0.132522
-1.14718 -0.193966 0.132521 -1.14718 -0.193966 -0.594801 -0.997344 -0.151111 0.594801 -0.997345
-0.15111 -0.596423 -0.996387 -0.151164 0.596422 -0.996389 -0.151164 -0.54919 -1.0156 -0.195886
0.54919 -1.0156 -0.195886 -0.596794 -0.993963 -0.166214 0.596793 -0.993964 -0.166214 -3.90211e-07
-1.15633 -0.186895 -0.592562 -0.996856 -0.164999 0.592561 -0.996858 -0.164999 -0.565988 -1.0072
-0.193277 0.565988 -1.00721 -0.193277 -0.293404 -1.11899 -0.184727 0.293404 -1.11899 -0.184727
-0.594759 -0.99761 -0.153078 0.594758 -0.997611 -0.153077 -0.596369 -0.99665 -0.153177 0.596369
-0.996652 -0.153177 -0.359813 -1.09874 -0.189168 0.359813 -1.09875 -0.189168 -0.595723 -0.994216
-0.172092 0.595723 -0.994217 -0.172092 -0.098685 -1.15057 -0.198635 0.0986843 -1.15057 -0.198635
-0.578053 -1.00138 -0.190252 0.578052 -1.00138 -0.190252 -0.594676 -0.997683 -0.155966 0.594676
-0.997684 -0.155966 -0.596266 -0.996721 -0.156138 0.596265 -0.996723 -0.156138 -0.591738 -0.997114
-0.170396 0.591737 -0.997115 -0.170396 -0.19099 -1.1426 -0.177443 0.190989 -1.1426 -0.177443
-0.232275 -1.13541 -0.175068 0.232274 -1.13541 -0.175068 -0.593903 -0.99475 -0.177725 0.593902
-0.994751 -0.177725 -0.586036 -0.997765 -0.186738 0.586035 -0.997766 -0.186738 -0.590974 -0.995758
-0.182606 -0.0335236 -1.15549 -0.194557 0.0335229 -1.15549 -0.194557 0.590973 -0.99576 -0.182606
0.0504237 -1.1536 -0.202665 -0.0504245 -1.1536 -0.202665 -0.594507 -0.997702 -0.160223 0.594507
-0.997703 -0.160222 -0.59027 -0.997651 -0.175513 0.59027 -0.997652 -0.175513 -0.596061 -0.996738
-0.160507 0.596061 -0.99674 -0.160507 -0.337846 -1.10812 -0.18045 0.337846 -1.10812 -0.18045
-3.19382e-08 -1.16689 -0.114758 -0.564595 -1.01022 -0.189164 0.564594 -1.01022 -0.189163 -0.548368
-1.01873 -0.191449 0.548368 -1.01873 -0.191449 -0.587813 -0.998661 -0.17987 0.587812 -0.998662
-0.17987 -0.576052 -1.00433 -0.186542 0.576052 -1.00433 -0.186542 -0.583432 -1.00068 -0.183496
0.583432 -1.00068 -0.183495 -0.528233 -1.02919 -0.193231 0.528232 -1.02919 -0.19323 -0.0168287
-1.15652 -0.194657 0.0168279 -1.15652 -0.194657 -0.595573 -0.996816 -0.165875 0.595572 -0.996818
-0.165874 -0.594076 -0.997782 -0.165443 0.594076 -0.997783 -0.165443 -0.432149 -1.07367 -0.191443
0.432148 -1.07368 -0.191443 -3.90211e-07 -1.15685 -0.194646 -0.505435 -1.04069 -0.194276 0.505434
-1.04069 -0.194275 -0.407878 -1.08361 -0.189062 0.407877 -1.08361 -0.189062 -0.456666 -1.0633
-0.193323 0.456665 -1.0633 -0.193323 -0.337335 -1.10804 -0.187048 0.337334 -1.10804 -0.187047
-0.191719 -1.14224 -0.18728 0.191718 -1.14225 -0.18728 -0.232557 -1.13509 -0.184563 0.232556
-1.13509 -0.184563 -0.481221 -1.0523 -0.194352 0.481221 -1.0523 -0.194351 -0.594582 -0.997065
-0.171614 0.594582 -0.997066 -0.171614 -0.549111 -1.01869 -0.194606 0.549111 -1.01869 -0.194606
0.086375 -1.15834 -0.167187 -0.0863751 -1.15834 -0.167187 -0.593174 -0.998032 -0.171012 0.593173
-0.998034 -0.171012 -0.27347 -1.12768 -0.175484 0.27347 -1.12768 -0.175484 -0.528666 -1.02916
-0.196557 0.528665 -1.02917 -0.196557 -0.150877 -1.14958 -0.181746 0.150876 -1.14958 -0.181746
-0.431879 -1.07367 -0.195041 0.431879 -1.07367 -0.195041 -0.565694 -1.01017 -0.192096 0.565694
-1.01017 -0.192095 -0.0338435 -1.15543 -0.20308 0.0338427 -1.15543 -0.20308 -0.407558 -1.0836
-0.192667 0.407557 -1.0836 -0.192667 -0.38406 -1.09328 -0.18653 0.38406 -1.09328 -0.18653
-0.50561 -1.04067 -0.197723 0.505609 -1.04067 -0.197723 -0.456491 -1.0633 -0.196898 0.45649
-1.0633 -0.196898 -0.577548 -1.00427 -0.18919 0.577547 -1.00427 -0.18919 -0.481193 -1.0523
-0.197879 0.481192 -1.0523 -0.197879 -0.592874 -0.997595 -0.177098 0.592874 -0.997596 -0.177098
0.0821365 -1.15535 -0.191229 -0.0821374 -1.15535 -0.191229 -0.59159 -0.998563 -0.176314 0.59159
-0.998565 -0.176314 -0.565201 -1.01118 -0.19064 0.5652 -1.01118 -0.190639 -0.548818 -1.01974
-0.193036 0.548817 -1.01974 -0.193036 -0.585332 -1.00062 -0.185813 0.585332 -1.00062 -0.185813
-0.590093 -0.998601 -0.181828 0.590093 -0.998603 -0.181828 -0.57684 -1.00525 -0.187877 0.57684
-1.00525 -0.187876 -0.383726 -1.09326 -0.190135 0.383726 -1.09327 -0.190135 -0.588976 -0.99957
-0.180859 0.588975 -0.999572 -0.180858 -0.528553 -1.03026 -0.1949 0.528552 -1.03026 -0.1949
-0.584412 -1.00159 -0.184665 0.584412 -1.00159 -0.184664 -0.01699 -1.15648 -0.203184 0.0169893
-1.15648 -0.203184 0.0803552 -1.16237 -0.146789 -0.0803553 -1.16237 -0.146789 -0.50565 -1.04181
-0.196004 0.50565 -1.04182 -0.196004 -3.90211e-07 -1.15681 -0.203175 -0.432183 -1.07494 -0.193249
0.432182 -1.07494 -0.193249 -0.273312 -1.12745 -0.184002 0.273311 -1.12745 -0.184002 0.0566055
-1.16624 -0.128295 -0.0566056 -1.16624 -0.128295 -0.407894 -1.0849 -0.190876 0.407893 -1.0849
-0.190876 -0.456739 -1.06453 -0.195115 0.456738 -1.06453 -0.195115 -0.481355 -1.05349 -0.196119
0.481354 -1.05349 -0.196119 -0.316049 -1.11723 -0.178701 0.316049 -1.11723 -0.178701 -0.114735
-1.15421 -0.186702 0.114734 -1.15421 -0.186702 -0.360878 -1.10283 -0.184153 0.360878 -1.10283
-0.184152 -0.151903 -1.14924 -0.191614 0.151902 -1.14925 -0.191614 0.0731659 -1.16454 -0.138814
-0.073166 -1.16454 -0.138814 -0.384081 -1.09459 -0.188351 0.38408 -1.09459 -0.18835 -0.36056
-1.1028 -0.187758 0.360559 -1.1028 -0.187758 -0.0829636 -1.15517 -0.200705 0.0829628 -1.15517
-0.200705 -0.315645 -1.11711 -0.185304 0.315645 -1.11711 -0.185304 0.0864868 -1.15932 -0.176744
-0.0864869 -1.15932 -0.176744 0.086672 -1.15642 -0.195772 -0.0866721 -1.15642 -0.195772 -0.115792
-1.15393 -0.196518 0.115791 -1.15393 -0.196518 -0.360924 -1.10416 -0.185983 0.360923 -1.10416
-0.185983 -0.338411 -1.11221 -0.18206 0.33841 -1.11221 -0.18206 -0.212806 -1.14385 -0.176172
0.212805 -1.14385 -0.176172 -0.066402 -1.15895 -0.192766 0.0664011 -1.15895 -0.192766 -0.253762
-1.13599 -0.175351 0.253761 -1.13599 -0.175351 -0.338132 -1.11217 -0.185668 0.338131 -1.11217
-0.185668 -0.29507 -1.12605 -0.177422 0.295069 -1.12605 -0.177421 -0.171624 -1.1513 -0.179562
0.171623 -1.1513 -0.179561 -0.213315 -1.14351 -0.185659 0.213314 -1.14351 -0.185658 0.0872024
-1.16018 -0.184868 -0.0872025 -1.16018 -0.184868 -0.253812 -1.13573 -0.183869 0.253811 -1.13573
-0.183869 -0.0670813 -1.15881 -0.202254 0.0670805 -1.15881 -0.202254 -0.2948 -1.1259 -0.184028
-0.338498 -1.11356 -0.183902 0.294799 -1.1259 -0.184028 0.338498 -1.11356 -0.183902 -0.050244
-1.1617 -0.193668 0.0502432 -1.1617 -0.193668 -0.316711 -1.12137 -0.180338 0.316711 -1.12137
-0.180338 -0.17253 -1.15095 -0.189387 0.172529 -1.15095 -0.189387 -0.0986549 -1.15978 -0.189075
0.0986541 -1.15978 -0.189075 0.0501314 -1.17127 -0.128223 -0.0501314 -1.17127 -0.128223 -0.132973
-1.15727 -0.184283 0.132972 -1.15727 -0.184283 -0.316491 -1.1213 -0.183949 0.316491 -1.1213
-0.183949 0.0872434 -1.16023 -0.194542 -0.0872435 -1.16023 -0.194542 0.0803614 -1.16725 -0.153074
-0.0803615 -1.16725 -0.153074 0.0888291 -1.16159 -0.18847 -0.0888292 -1.16159 -0.18847 0.0337061
-1.16365 -0.194069 -0.0337069 -1.16365 -0.194069 -0.0507632 -1.1616 -0.203165 0.0507624 -1.1616
-0.203165 -0.274905 -1.13455 -0.176691 0.274905 -1.13455 -0.176691 -0.099631 -1.15955 -0.1989
0.0996303 -1.15956 -0.1989 -0.316853 -1.12273 -0.182191 0.316852 -1.12273 -0.182191 -0.134056
-1.15696 -0.194148 0.134056 -1.15696 -0.194148 0.0169161 -1.1648 -0.194166 -0.0169168 -1.1648
-0.194166 0.0888361 -1.16168 -0.193839 -0.0888362 -1.16168 -0.193839 -0.234318 -1.14423 -0.175814
0.234318 -1.14423 -0.175814 -4.34991e-07 -1.16518 -0.194155 -0.274788 -1.13437 -0.183299 0.274787
-1.13437 -0.183299 0.0340567 -1.16358 -0.203574 -0.0340576 -1.16358 -0.203574 -0.0904547 -1.16294
-0.189775 0.0904546 -1.16294 -0.189775 -0.295834 -1.13022 -0.179074 0.295833 -1.13022 -0.179074
-0.193172 -1.15242 -0.177836 0.193171 -1.15242 -0.177836 0.0733426 -1.16278 -0.199063 -0.0733427
-1.16278 -0.199063 -0.23458 -1.14395 -0.184328 0.23458 -1.14395 -0.184328 -0.295687 -1.13013
-0.182687 0.295687 -1.13013 -0.182687 -0.0904562 -1.16301 -0.193171 0.0904562 -1.16301 -0.193171
0.0647265 -1.17257 -0.138513 -0.0647266 -1.17257 -0.138513 0.0170927 -1.16476 -0.203675 -0.0170935
-1.16476 -0.203675 0.0910648 -1.16348 -0.191522 -0.0910649 -1.16348 -0.191522 -3.90211e-07 -1.16514
-0.203666 -0.082839 -1.16435 -0.191102 0.0828382 -1.16435 -0.191102 -0.0447414 -1.17528 -0.128193
0.0447413 -1.17528 -0.128193 -0.193885 -1.15208 -0.187312 0.193885 -1.15208 -0.187312 -0.296036
-1.13158 -0.180933 0.296035 -1.13158 -0.180932 -0.152695 -1.15956 -0.181952 0.152694 -1.15957
-0.181951 -0.0731498 -1.17229 -0.146359 0.0731498 -1.17229 -0.146359 -0.255293 -1.14282 -0.176535
0.255292 -1.14282 -0.176535 -0.0836882 -1.16417 -0.200939 0.0836874 -1.16417 -0.200939 -0.115983
-1.16385 -0.186801 0.115983 -1.16386 -0.186801 0.0803593 -1.17107 -0.159413 -0.0803593 -1.17107
-0.159413 -0.153724 -1.15923 -0.191768 0.153723 -1.15923 -0.191768 -0.255337 -1.14261 -0.183142
0.255336 -1.14262 -0.183142 -0.275766 -1.13872 -0.178342 0.275765 -1.13872 -0.178342 -0.275703
-1.13862 -0.181956 0.275702 -1.13862 -0.181956 -0.214827 -1.15252 -0.176876 0.214826 -1.15252
-0.176876 -0.066918 -1.16804 -0.192613 0.0669171 -1.16804 -0.192613 -0.117045 -1.16358 -0.196669
0.117045 -1.16358 -0.196669 -0.215292 -1.15222 -0.185382 0.215291 -1.15222 -0.185382 0.0393869
-1.17914 -0.128158 -0.0393869 -1.17914 -0.128158 -0.27603 -1.14007 -0.1802 0.27603 -1.14007
-0.1802 -0.0676127 -1.1679 -0.202462 0.0676119 -1.1679 -0.202462 -0.173598 -1.16088 -0.17993
0.173597 -1.16088 -0.17993 -0.0506039 -1.17095 -0.193498 0.0506029 -1.17095 -0.193498 -0.235903
-1.15098 -0.176965 0.235902 -1.15098 -0.176965 0.0803586 -1.17367 -0.167557 -0.0803587 -1.17367
-0.167557 0.0565324 -1.17923 -0.138282 -0.0565325 -1.17923 -0.138282 -0.256234 -1.14696 -0.178172
0.256234 -1.14696 -0.178171 -0.0996484 -1.16938 -0.18914 0.0996476 -1.16938 -0.18914 -0.17448
-1.16054 -0.189395 0.174479 -1.16054 -0.189395 -0.236112 -1.15075 -0.18357 0.236111 -1.15076
-0.183569 -0.25626 -1.14684 -0.181785 0.256259 -1.14685 -0.181785 -0.134503 -1.16705 -0.184465
0.134502 -1.16705 -0.184465 -0.0339337 -1.17307 -0.193891 0.0339328 -1.17307 -0.193891 -0.0511326
-1.17085 -0.203358 0.0511316 -1.17085 -0.203358 0.073122 -1.17804 -0.152685 -0.073122 -1.17804
-0.152685 -0.100624 -1.16915 -0.199017 0.100623 -1.16915 -0.199017 -0.256558 -1.1483 -0.180025
0.256557 -1.1483 -0.180025 0.0170255 -1.17437 -0.193985 -0.0170264 -1.17437 -0.193985 0.0335757
-1.18313 -0.128158 -0.0335757 -1.18313 -0.128158 -0.135585 -1.16675 -0.194278 0.135584 -1.16675
-0.194278 -0.195086 -1.1609 -0.178509 0.195085 -1.1609 -0.178509 -4.34991e-07 -1.17481 -0.193973
0.0804567 -1.17489 -0.178181 -0.0804567 -1.17489 -0.178181 -0.0342899 -1.17301 -0.203758 0.034289
-1.17301 -0.203758 0.0647211 -1.17235 -0.200174 -0.0647212 -1.17235 -0.200174 0.0646852 -1.18053
-0.146021 -0.0646853 -1.18053 -0.146021 0.0805254 -1.17201 -0.199169 -0.0805254 -1.17201 -0.199169
-0.195733 -1.16059 -0.187006 0.195733 -1.16059 -0.187006 0.0172047 -1.17433 -0.203857 -0.0172055
-1.17433 -0.203857 -4.79771e-07 -1.17477 -0.203847 -0.0836029 -1.17396 -0.191133 0.083602 -1.17396
-0.191133 -0.216409 -1.15915 -0.177993 0.216408 -1.15915 -0.177993 -0.2369 -1.15506 -0.178581
0.2369 -1.15506 -0.178581 -0.237016 -1.15494 -0.182193 0.237015 -1.15494 -0.182193 -0.154416
-1.16891 -0.1823 0.154415 -1.16891 -0.1823 -0.0500515 -1.18423 -0.138129 0.0500515 -1.18423
-0.138129 -0.216774 -1.15891 -0.184592 0.216773 -1.15891 -0.184592 0.0811435 -1.17582 -0.187252
-0.0811436 -1.17582 -0.187252 -0.0844467 -1.17378 -0.201022 0.0844458 -1.17378 -0.201022 -0.117237
-1.1735 -0.186953 0.117236 -1.1735 -0.186953 -0.237275 -1.15638 -0.180427 0.237274 -1.15638
-0.180427 -0.155413 -1.16859 -0.191756 0.155413 -1.16859 -0.191756 0.0269506 -1.18731 -0.128234
-0.0269507 -1.18731 -0.128234 0.0811453 -1.17587 -0.197893 -0.0811454 -1.17587 -0.197893 -0.0674811
-1.17775 -0.192616 0.0674803 -1.17775 -0.192616 -0.118293 -1.17324 -0.196769 0.118292 -1.17324
-0.196769 0.0730938 -1.18273 -0.159203 -0.0730939 -1.18273 -0.159203 0.0827132 -1.17743 -0.191107
-0.0827133 -1.17743 -0.191107 -0.175338 -1.16915 -0.180582 0.175337 -1.16915 -0.180582 0.0827135
-1.17749 -0.196849 -0.0827136 -1.17749 -0.196849 -0.0681676 -1.17761 -0.202518 0.0681666 -1.17761
-0.202518 -0.217425 -1.16316 -0.179589 0.217425 -1.16316 -0.179588 -0.176135 -1.16885 -0.189069
0.176135 -1.16885 -0.189069 -0.0446605 -1.18828 -0.138021 0.0446605 -1.18828 -0.138021 -0.217627
-1.16303 -0.183197 0.217626 -1.16303 -0.183197 -0.196597 -1.16738 -0.179603 0.196596 -1.16738
-0.179603 -0.0564965 -1.18711 -0.145771 0.0564964 -1.18711 -0.145771 0.0842829 -1.17901 -0.192285
-0.084283 -1.17901 -0.192285 -0.0509973 -1.18083 -0.193485 0.0509965 -1.18083 -0.193484 0.0564391
-1.17946 -0.200897 -0.0564392 -1.17946 -0.200897 -0.064652 -1.18666 -0.15238 0.064652 -1.18666
-0.15238 0.0842829 -1.17905 -0.195792 -0.084283 -1.17905 -0.195792 -0.197104 -1.16714 -0.186194
0.197103 -1.16714 -0.186194 -0.100647 -1.17897 -0.189256 0.100646 -1.17897 -0.189256 -0.135954
-1.17621 -0.184792 0.135953 -1.17621 -0.184791 -0.217838 -1.16445 -0.181426 0.217837 -1.16445
-0.181426 0.0848715 -1.17961 -0.193977 -0.0848716 -1.17961 -0.193977 0.0191398 -1.1915 -0.128334
-0.0191399 -1.1915 -0.128334 -0.0515171 -1.18073 -0.203396 0.0515163 -1.18073 -0.203396 -0.0341824
-1.18314 -0.193869 0.0341814 -1.18314 -0.193869 -0.137 -1.17592 -0.194244 0.136999 -1.17592
-0.194244 -0.101612 -1.17874 -0.199082 0.101611 -1.17874 -0.199082 0.0730723 -1.18597 -0.167802
-0.0730724 -1.18597 -0.167802 -0.0171466 -1.18459 -0.193959 0.0171457 -1.18459 -0.193959 -0.0393387
-1.19221 -0.137923 0.0393386 -1.19221 -0.137923 -4.34991e-07 -1.18509 -0.193947 -0.0345314 -1.18307
-0.203788 0.0345305 -1.18307 -0.203788 -0.15594 -1.17699 -0.182934 0.155939 -1.17699 -0.182934
-0.197591 -1.1713 -0.181182 0.19759 -1.1713 -0.181182 -0.0843711 -1.18357 -0.191215 0.0843703
-1.18357 -0.191215 0.0500049 -1.19204 -0.145603 -0.050005 -1.19204 -0.145603 -0.197869 -1.17117
-0.184787 0.197868 -1.17117 -0.184786 0.00996024 -1.19516 -0.128398 -0.00996031 -1.19516 -0.128398
0.0173209 -1.18454 -0.203883 -0.0173218 -1.18454 -0.203883 -0.156839 -1.1767 -0.191413 0.156838
-1.1767 -0.191413 -4.34991e-07 -1.18506 -0.203872 -0.176726 -1.17547 -0.181658 0.176725 -1.17547
-0.181658 0.0497865 -1.18446 -0.201346 -0.0497866 -1.18446 -0.201346 0.0731589 -1.18742 -0.179179
-0.073159 -1.18742 -0.179179 -0.118429 -1.18254 -0.18725 0.118428 -1.18254 -0.18725 -0.198023
-1.17256 -0.183013 0.198022 -1.17256 -0.183013 -0.177348 -1.17524 -0.188242 0.177348 -1.17524
-0.188242 -0.0852006 -1.1834 -0.201054 0.0851999 -1.1834 -0.201054 -3.20004e-08 -1.19677 -0.128418
0.0731306 -1.18457 -0.201238 -0.0731307 -1.18457 -0.201238 0.0646218 -1.19191 -0.159033 -0.0646219
-1.19191 -0.159033 -0.0564692 -1.19331 -0.15217 0.0564692 -1.19331 -0.15217 -0.119445 -1.18228
-0.196707 0.119445 -1.18228 -0.196707 0.0335658 -1.19626 -0.137851 -0.0335659 -1.19626 -0.137851
-0.0680479 -1.18746 -0.192671 0.0680472 -1.18746 -0.192671 0.0738384 -1.18835 -0.188802 -0.0738385
-1.18835 -0.188802 -0.0446068 -1.19611 -0.145476 0.0446068 -1.19611 -0.145476 0.0442813 -1.18827
-0.201619 -0.0442814 -1.18827 -0.201619 -0.137246 -1.18413 -0.185406 0.137245 -1.18413 -0.185406
-0.0687186 -1.18732 -0.202522 0.0687178 -1.18732 -0.202522 -0.17766 -1.17929 -0.183226 0.177659
-1.1793 -0.183226 -0.178002 -1.17917 -0.186826 0.178001 -1.17917 -0.186826 -0.101598 -1.18795
-0.189521 0.101597 -1.18795 -0.189521 0.0738112 -1.18839 -0.20009 -0.0738113 -1.18839 -0.20009
-0.0513937 -1.1907 -0.193522 0.0513927 -1.1907 -0.193522 -0.138187 -1.18387 -0.193883 0.138186
-1.18387 -0.193882 -0.157169 -1.18316 -0.183997 0.157169 -1.18316 -0.183996 0.075399 -1.18996
-0.192592 -0.075399 -1.18996 -0.192592 -0.178095 -1.18052 -0.185052 0.178095 -1.18052 -0.185051
-0.15787 -1.18294 -0.190574 0.157869 -1.18294 -0.190574 -0.026954 -1.20044 -0.137823 0.026954
-1.20044 -0.137823 -0.102523 -1.18773 -0.198987 0.102522 -1.18774 -0.198987 0.0753943 -1.18999
-0.198783 -0.0753943 -1.18999 -0.198783 0.0499697 -1.19824 -0.152045 -0.0499698 -1.19824 -0.152045
0.0518982 -1.1906 -0.203383 -0.0518992 -1.1906 -0.203383 0.0645988 -1.19562 -0.167945 -0.0645988
-1.19562 -0.167945 -0.0344327 -1.1932 -0.193897 0.0344319 -1.1932 -0.193897 -0.0390492 -1.1918
-0.201791 0.0390491 -1.1918 -0.201791 0.0393054 -1.20015 -0.145351 -0.0393055 -1.20015 -0.145351
-0.0769604 -1.19156 -0.193492 0.0769603 -1.19156 -0.193492 0.0769593 -1.19159 -0.197297 -0.0769593
-1.19159 -0.197297 0.0775454 -1.19217 -0.195189 -0.0775455 -1.19217 -0.195189 0.0172667 -1.19481
-0.193985 -0.0172676 -1.19481 -0.193985 -0.0564449 -1.19884 -0.158918 0.0564448 -1.19884 -0.158918
-0.0851035 -1.19257 -0.191449 0.0851028 -1.19257 -0.191449 -0.034771 -1.19313 -0.203766 0.0347702
-1.19313 -0.203766 -0.119495 -1.19035 -0.18784 0.119495 -1.19035 -0.18784 -4.79771e-07 -1.19538
-0.193972 -0.158017 -1.18689 -0.185555 0.158016 -1.18689 -0.185555 -0.158401 -1.18677 -0.189152
0.1584 -1.18677 -0.189152 0.0174364 -1.19476 -0.203858 -0.0174371 -1.19476 -0.203858 -0.120407
-1.19012 -0.19632 0.120406 -1.19012 -0.19632 -0.0858945 -1.19241 -0.200927 0.0858936 -1.19241
-0.200927 -0.0646847 -1.19724 -0.179823 0.0646846 -1.19724 -0.179823 0.0191408 -1.20451 -0.137799
-0.0191408 -1.20451 -0.137799 -3.45431e-07 -1.19534 -0.203847 -0.138301 -1.19017 -0.186454 0.1383
-1.19017 -0.186454 0.0445662 -1.20231 -0.151955 -0.0445662 -1.20231 -0.151955 0.0334174 -1.19559
-0.201854 -0.0334175 -1.19559 -0.201854 0.0646322 -1.19437 -0.202594 -0.0646322 -1.19437 -0.202594
-0.158439 -1.18809 -0.187376 0.158438 -1.18809 -0.187376 0.0335592 -1.2043 -0.145233 -0.0335592
-1.2043 -0.145233 -0.139032 -1.18997 -0.193029 0.139031 -1.18997 -0.193029 -0.068589 -1.19655
-0.192879 0.0685882 -1.19655 -0.192879 0.0653638 -1.19816 -0.189812 -0.0653639 -1.19816 -0.189812
-0.102452 -1.19571 -0.190083 0.102452 -1.19571 -0.190083 0.0499382 -1.20389 -0.158861 -0.0499382
-1.20389 -0.158861 -0.069225 -1.19642 -0.20237 0.0692241 -1.19642 -0.20237 -0.00995968 -1.20797
-0.137748 0.00995961 -1.20797 -0.137748 0.0564262 -1.20286 -0.167985 -0.0564262 -1.20286 -0.167985
-0.103278 -1.19552 -0.198572 0.103277 -1.19552 -0.198572 -0.139046 -1.19383 -0.188003 0.139045
-1.19383 -0.188003 0.0392803 -1.20638 -0.151852 -0.0392804 -1.20638 -0.151852 0.0517713 -1.19995
-0.193714 -0.0517723 -1.19995 -0.193714 -0.0653343 -1.19818 -0.201577 0.0653342 -1.19818 -0.201577
0.0268309 -1.19981 -0.201808 -0.026831 -1.19981 -0.201808 -0.139446 -1.19372 -0.191598 0.139445
-1.19372 -0.191598 -0.120375 -1.19631 -0.188869 0.120374 -1.19631 -0.188869 0.0669243 -1.19975
-0.193561 -0.0669244 -1.19975 -0.193561 -3.19728e-08 -1.20947 -0.137717 0.0269549 -1.2085 -0.145128
-0.0269549 -1.2085 -0.145128 -0.139439 -1.19501 -0.18982 0.139438 -1.19502 -0.18982 -0.121081
-1.19614 -0.195447 0.12108 -1.19614 -0.195447 -0.0522495 -1.19986 -0.203214 0.0522486 -1.19986
-0.203214 -0.0669193 -1.19976 -0.200118 0.0669192 -1.19976 -0.200118 -0.0857644 -1.20035 -0.191984
0.0857635 -1.20035 -0.191984 -0.0346723 -1.20262 -0.194081 0.0346714 -1.20262 -0.194081 0.0684856
-1.20135 -0.194293 -0.0684857 -1.20135 -0.194293 0.0445298 -1.20795 -0.158838 -0.0445298 -1.20795
-0.158838 0.0565143 -1.20458 -0.180067 -0.0565143 -1.20458 -0.180067 -0.0684846 -1.20135 -0.198344
0.0684845 -1.20135 -0.198344 0.0690707 -1.20195 -0.196019 -0.0690708 -1.20195 -0.196019 -0.0864677
-1.20021 -0.200484 0.0864667 -1.20021 -0.200484 -0.0173836 -1.20438 -0.194166 0.0173825 -1.20438
-0.194166 0.0564526 -1.20167 -0.203478 -0.0564527 -1.20167 -0.203478 -0.0349906 -1.20256 -0.203588
0.0349896 -1.20256 -0.203588 0.0335541 -1.21061 -0.151735 -0.0335542 -1.21061 -0.151735 -3.90211e-07
-1.20501 -0.194153 0.0190015 -1.20366 -0.201761 -0.0190016 -1.20366 -0.201761 -0.0499141 -1.20804
-0.167942 0.049914 -1.20804 -0.167942 -0.121009 -1.19993 -0.190407 0.121008 -1.19993 -0.190407
-0.103163 -1.20165 -0.191091 0.103162 -1.20165 -0.191091 0.0191386 -1.21242 -0.145022 -0.0191387
-1.21242 -0.145022 -0.121395 -1.19983 -0.194004 0.121394 -1.19983 -0.194004 0.0175418 -1.20433
-0.203677 -0.0175427 -1.20433 -0.203677 -0.0571943 -1.20549 -0.190235 0.0571942 -1.20549 -0.190235
-0.0690786 -1.20441 -0.193393 0.0690777 -1.20441 -0.193393 -4.79771e-07 -1.20497 -0.203666 -0.103801
-1.2015 -0.197676 0.103801 -1.2015 -0.197676 -0.12136 -1.2011 -0.192221 0.121359 -1.2011
-0.192221 0.0392579 -1.21192 -0.158817 -0.0392579 -1.21192 -0.158817 0.0098668 -1.2062 -0.201804
-0.00986686 -1.2062 -0.201804 -0.0696416 -1.2043 -0.201904 0.0696407 -1.2043 -0.201904 0.0571667
-1.20549 -0.202568 -0.0571668 -1.20549 -0.202568 -3.20073e-08 -1.2071 -0.201848 0.058755 -1.20708
-0.194072 -0.058755 -1.20708 -0.194072 0.0499993 -1.20981 -0.179943 -0.0499994 -1.20981 -0.179943
0.00995704 -1.21553 -0.144909 -0.0099571 -1.21553 -0.144909 0.0445019 -1.21208 -0.167953 -0.044502
-1.21208 -0.167953 -0.0521159 -1.20794 -0.194214 0.0521148 -1.20794 -0.194214 0.0269555 -1.21487
-0.151612 -0.0269556 -1.21487 -0.151612 -0.0863177 -1.20631 -0.192973 0.0863168 -1.20631 -0.192973
-0.103684 -1.20525 -0.192617 0.103683 -1.20525 -0.192617 0.0498854 -1.20683 -0.204036 -0.0498854
-1.20683 -0.204036 0.0587504 -1.20707 -0.201047 -0.0587505 -1.20707 -0.201047 -3.19728e-08 -1.21682
-0.144854 0.104032 -1.20517 -0.196219 -0.104033 -1.20517 -0.196219 -0.0868599 -1.20619 -0.199567
0.0868589 -1.20619 -0.199567 0.0603164 -1.20867 -0.194856 -0.0603165 -1.20867 -0.194856 -0.0525368
-1.20786 -0.202734 0.0525358 -1.20786 -0.202734 -0.103984 -1.20642 -0.194429 0.103983 -1.20642
-0.194429 0.0603155 -1.20866 -0.199125 -0.0603155 -1.20866 -0.199125 0.0506784 -1.21071 -0.190102
-0.0506784 -1.21071 -0.190102 0.0609016 -1.20926 -0.196669 -0.0609016 -1.20926 -0.196669 -0.0348901
-1.21077 -0.194575 0.0348891 -1.21077 -0.194575 0.0335496 -1.21609 -0.158777 -0.0335497 -1.21609
-0.158777 0.0445853 -1.21382 -0.179921 -0.0445854 -1.21382 -0.179921 -0.0694909 -1.21043 -0.194366
0.06949 -1.21043 -0.194366 0.0392407 -1.21591 -0.168117 -0.0392407 -1.21591 -0.168117 -0.03517
-1.21072 -0.203101 0.0351691 -1.21072 -0.2031 0.0191369 -1.21869 -0.151489 -0.019137 -1.21869
-0.151489 0.0174881 -1.21265 -0.194657 -0.017489 -1.21265 -0.194657 -0.0867294 -1.20992 -0.194488
0.0867285 -1.20992 -0.194488 0.050636 -1.21067 -0.203214 -0.050636 -1.21067 -0.203214 0.0444301
-1.21076 -0.204398 -0.0444302 -1.21076 -0.204398 0.0522388 -1.21228 -0.194149 -0.0522388 -1.21228
-0.194149 -3.90211e-07 -1.21334 -0.194644 -0.0699236 -1.21034 -0.200968 0.0699227 -1.21034 -0.200968
-0.0870249 -1.20986 -0.198094 0.087024 -1.20986 -0.198094 0.0176279 -1.21262 -0.203186 -0.0176288
-1.21262 -0.203186 -0.0869734 -1.21111 -0.196299 0.0869724 -1.21111 -0.196299 0.052232 -1.21225
-0.201692 -0.0522321 -1.21225 -0.201692 -3.90211e-07 -1.21331 -0.203174 0.0452637 -1.2147 -0.19009
-0.0452638 -1.2147 -0.19009 0.0538001 -1.21386 -0.195206 -0.0538002 -1.21386 -0.195206 -0.0524066
-1.21407 -0.195177 0.0524057 -1.21407 -0.195177 0.00995509 -1.22148 -0.151377 -0.00995515 -1.22148
-0.151377 0.0269562 -1.22041 -0.158704 -0.0269562 -1.22041 -0.158704 0.0537989 -1.21385 -0.199713
-0.053799 -1.21385 -0.199713 0.0393295 -1.21756 -0.180374 -0.0393296 -1.21756 -0.180374 0.0543852
-1.21445 -0.197179 -0.0543852 -1.21445 -0.197179 -0.0698014 -1.21408 -0.195873 0.0698005 -1.21408
-0.195873 -0.0527292 -1.21401 -0.201787 0.0527283 -1.21401 -0.201787 -3.19728e-08 -1.22256 -0.151327
0.0335461 -1.21995 -0.168276 -0.0335462 -1.21995 -0.168276 0.0392003 -1.21442 -0.204644 -0.0392004
-1.21442 -0.204644 -0.0700369 -1.21404 -0.199484 0.0700359 -1.21404 -0.199484 0.0452086 -1.21464
-0.20366 -0.0452087 -1.21464 -0.20366 -0.046824 -1.21626 -0.194286 0.0468239 -1.21626 -0.194286
-0.0350752 -1.21702 -0.195532 0.0350741 -1.21702 -0.195532 -0.0699898 -1.21529 -0.197682 0.0699888
-1.21529 -0.197682 -0.0468154 -1.21622 -0.202168 0.0468153 -1.21622 -0.202168 -0.0400098 -1.21841
-0.190744 0.0400097 -1.21841 -0.190744 -0.0352894 -1.21698 -0.202147 0.0352884 -1.21698 -0.202147
0.0483852 -1.21784 -0.195529 -0.0483852 -1.21784 -0.195529 0.0191355 -1.22426 -0.158623 -0.0191355
-1.22426 -0.158623 -0.0526277 -1.21779 -0.196679 0.0526267 -1.21779 -0.196679 0.0175781 -1.219
-0.195613 -0.0175789 -1.219 -0.195613 0.0483838 -1.21782 -0.200178 -0.0483839 -1.21782 -0.200178
-0.0528029 -1.21776 -0.200294 0.052802 -1.21776 -0.200294 -4.79771e-07 -1.21972 -0.1956 0.0489701
-1.21843 -0.197605 -0.0489702 -1.21843 -0.197605 0.033642 -1.22154 -0.180854 -0.033642 -1.22154
-0.180854 0.0176849 -1.21897 -0.20223 -0.0176857 -1.21897 -0.20223 0.0335591 -1.21832 -0.20469
-0.0335592 -1.21832 -0.20469 -0.0399647 -1.21832 -0.203991 0.0399646 -1.21832 -0.203991 -0.0269567
-1.22433 -0.16827 0.0269566 -1.22433 -0.16827 -0.0415706 -1.21996 -0.194892 0.0415705 -1.21996
-0.194892 -0.0527644 -1.21903 -0.198488 0.0527635 -1.21903 -0.198488 -4.79771e-07 -1.21969 -0.202218
-0.035217 -1.22082 -0.197032 0.035216 -1.22082 -0.197032 0.00995335 -1.22688 -0.158564 -0.00995341
-1.22688 -0.158564 0.0415638 -1.21991 -0.202552 -0.0415639 -1.21991 -0.202552 0.0353323 -1.2208
-0.20065 -0.0353332 -1.2208 -0.20065 0.0343246 -1.22236 -0.191456 -0.0343247 -1.22236 -0.191456
0.043132 -1.22154 -0.195992 -0.043132 -1.22154 -0.195992 -3.19728e-08 -1.22784 -0.158542 0.0431311
-1.22151 -0.20058 -0.0431312 -1.22151 -0.20058 -0.035306 -1.22208 -0.198841 0.0353051 -1.22208
-0.198841 -0.0176483 -1.22286 -0.197112 0.0176473 -1.22286 -0.197112 0.0437172 -1.22212 -0.198011
-0.0437173 -1.22212 -0.198011 -0.0177061 -1.22285 -0.200731 0.0177053 -1.22285 -0.200731 -3.90211e-07
-1.22361 -0.197099 0.0270524 -1.22592 -0.180893 -0.0270525 -1.22592 -0.180893 0.0342963 -1.22225
-0.204077 -0.0342964 -1.22225 -0.204077 0.0191343 -1.22823 -0.168208 -0.0191344 -1.22823 -0.168208
0.0269824 -1.22267 -0.204488 -0.0269825 -1.22267 -0.204488 -3.90211e-07 -1.22359 -0.200718 0.0358862
-1.22391 -0.195569 -0.0358862 -1.22391 -0.195569 0.0176913 -1.22414 -0.198922 -0.0176921 -1.22414
-0.198922 -4.79771e-07 -1.2249 -0.198909 0.0358824 -1.22384 -0.202774 -0.0358825 -1.22384 -0.202774
0.0374479 -1.22548 -0.196521 -0.0374479 -1.22548 -0.196521 0.0277215 -1.22672 -0.191586 -0.0277216
-1.22672 -0.191586 -0.00995208 -1.23079 -0.168222 0.00995201 -1.23079 -0.168222 0.0374477 -1.22544
-0.200947 -0.0374478 -1.22544 -0.200947 0.0380334 -1.22606 -0.198455 -0.0380335 -1.22606 -0.198455
-3.19728e-08 -1.23169 -0.16825 -0.0192152 -1.22983 -0.18078 0.0192151 -1.22983 -0.18078 0.0191479
-1.22659 -0.204314 -0.019148 -1.22659 -0.204314 0.0276987 -1.22659 -0.203846 -0.0276988 -1.22659
-0.203846 0.0292508 -1.22825 -0.195887 -0.0292508 -1.22825 -0.195887 0.0292479 -1.22817 -0.202802
-0.029248 -1.22817 -0.202802 -0.0197843 -1.23062 -0.191515 0.0197843 -1.23062 -0.191515 0.0099981
-1.23237 -0.180862 -0.00999816 -1.23237 -0.180862 0.03078 -1.22982 -0.197014 -0.03078 -1.22982
-0.197014 0.00995638 -1.22916 -0.204407 -0.00995644 -1.22916 -0.204407 -3.19728e-08 -1.23324 -0.180959
0.03078 -1.22977 -0.20131 -0.0307801 -1.22977 -0.20131 -0.0313535 -1.2304 -0.198981 0.0313534
-1.2304 -0.198981 -3.19451e-08 -1.23005 -0.204519 -0.019763 -1.23049 -0.203672 0.0197629 -1.23049
-0.203672 0.0210857 -1.23214 -0.196083 -0.0210857 -1.23214 -0.196083 0.0103253 -1.23313 -0.191697
-0.0103253 -1.23313 -0.191697 -3.19382e-08 -1.23399 -0.191859 0.0210829 -1.23205 -0.2029 -0.021083
-1.23205 -0.2029 0.0223871 -1.23371 -0.197506 -0.0223872 -1.23371 -0.197506 -0.0103122 -1.23301
-0.20387 0.0103121 -1.23301 -0.20387 0.0110735 -1.23465 -0.196427 -0.0110736 -1.23465 -0.196427
-0.0223871 -1.23365 -0.201744 0.022387 -1.23365 -0.201744 -0.0228752 -1.23428 -0.199564 0.0228751
-1.23428 -0.199564 -3.19658e-08 -1.23388 -0.204059 -3.20004e-08 -1.2355 -0.196634 0.0110718 -1.23455
-0.203262 -0.0110719 -1.23455 -0.203262 0.0118218 -1.23622 -0.198 -0.0118219 -1.23622 -0.198
-3.19313e-08 -1.2354 -0.203501 0.0118218 -1.23615 -0.202251 -0.0118218 -1.23615 -0.202251 -3.1952e-08
-1.23707 -0.198237 0.0121024 -1.23678 -0.20012 -0.0121025 -1.23678 -0.20012 -3.20281e-08 -1.237
-0.20251 -3.20834e-08 -1.23763 -0.200376 
POLYGONS 25017 100068
3 9130 8628 8662 3 9130 8662 9138 3 9138 8662
8814 3 9138 8814 9181 3 9181 8814 8925 3
9181 8925 9244 3 9244 8925 8945 3 9244 8945
9262 3 9262 8945 8842 3 9262 8842 9231 3
9231 8842 8692 3 9231 8692 9166 3 9166 8692
8628 3 9166 8628 9130 3 8628 8414 8476 3
8628 8476 8662 3 8662 8476 8664 3 8662 8664
8814 3 8814 8664 8838 3 8814 8838 8925 3
8925 8838 8860 3 8925 8860 8945 3 8945 8860
8704 3 8945 8704 8842 3 8842 8704 8514 3
8842 8514 8692 3 8692 8514 8414 3 8692 8414
8628 3 10642 10268 10206 3 10642 10206 10572 3
10572 10206 10098 3 10572 10098 10371 3 10371 10098
10020 3 10371 10020 10216 3 10216 10020 10042 3
10216 10042 10240 3 10240 10042 10120 3 10240 10120
10415 3 10415 10120 10222 3 10415 10222 10592 3
10592 10222 10268 3 10592 10268 10642 3 10268 9856
9819 3 10268 9819 10206 3 10206 9819 9760 3
10206 9760 10098 3 10098 9760 9722 3 10098 9722
10020 3 10020 9722 9742 3 10020 9742 10042 3
10042 9742 9802 3 10042 9802 10120 3 10120 9802
9846 3 10120 9846 10222 3 10222 9846 9856 3
10222 9856 10268 3 9856 9130 9138 3 9856 9138
9819 3 9819 9138 9181 3 9819 9181 9760 3
9760 9181 9244 3 9760 9244 9722 3 9722 9244
9262 3 9722 9262 9742 3 9742 9262 9231 3
9742 9231 9802 3 9802 9231 9166 3 9802 9166
9846 3 9846 9166 9130 3 9846 9130 9856 3
5824 5361 5409 3 5824 5409 5821 3 5821 5409
5527 3 5821 5527 5861 3 5861 5527 5635 3
5861 5635 5898 3 5898 5635 5649 3 5898 5649
5910 3 5910 5649 5571 3 5910 5571 5897 3
5897 5571 5445 3 5897 5445 5858 3 5858 5445
5361 3 5858 5361 5824 3 5361 5106 5180 3
5361 5180 5409 3 5409 5180 5368 3 5409 5368
5527 3 5527 5368 5532 3 5527 5532 5635 3
5635 5532 5551 3 5635 5551 5649 3 5649 5551
5416 3 5649 5416 5571 3 5571 5416 5204 3
5571 5204 5445 3 5445 5204 5106 3 5445 5106
5361 3 7424 6916 6818 3 7424 6818 7305 3
7305 6818 6661 3 7305 6661 7042 3 7042 6661
6549 3 7042 6549 6806 3 6806 6549 6569 3
6806 6569 6844 3 6844 6569 6700 3 6844 6700
7100 3 7100 6700 6860 3 7100 6860 7333 3
7333 6860 6916 3 7333 6916 7424 3 6916 6450
6414 3 6916 6414 6818 3 6818 6414 6339 3
6818 6339 6661 3 6661 6339 6300 3 6661 6300
6549 3 6549 6300 6321 3 6549 6321 6569 3
6569 6321 6378 3 6569 6378 6700 3 6700 6378
6436 3 6700 6436 6860 3 6860 6436 6450 3
6860 6450 6916 3 6450 5824 5821 3 6450 5821
6414 3 6414 5821 5861 3 6414 5861 6339 3
6339 5861 5898 3 6339 5898 6300 3 6300 5898
5910 3 6300 5910 6321 3 6321 5910 5897 3
6321 5897 6378 3 6378 5897 5858 3 6378 5858
6436 3 6436 5858 5824 3 6436 5824 6450 3
2448 2132 2144 3 2448 2144 2436 3 2436 2144
2178 3 2436 2178 2432 3 2432 2178 2210 3
2432 2210 2440 3 2440 2210 2228 3 2440 2228
2450 3 2450 2228 2188 3 2450 2188 2468 3
2468 2188 2164 3 2468 2164 2466 3 2466 2164
2132 3 2466 2132 2448 3 2132 1980 2002 3
2132 2002 2144 3 2144 2002 2068 3 2144 2068
2178 3 2178 2068 2150 3 2178 2150 2210 3
2210 2150 2158 3 2210 2158 2228 3 2228 2158
2096 3 2228 2096 2188 3 2188 2096 2018 3
2188 2018 2164 3 2164 2018 1980 3 2164 1980
2132 3 3747 3407 3330 3 3747 3330 3639 3
3639 3330 3180 3 3639 3180 3420 3 3420 3180
3074 3 3420 3074 3256 3 3256 3074 3090 3
3256 3090 3274 3 3274 3090 3208 3 3274 3208
3466 3 3466 3208 3346 3 3466 3346 3675 3
3675 3346 3407 3 3675 3407 3747 3 3407 3080
3006 3 3407 3006 3330 3 3330 3006 2916 3
3330 2916 3180 3 3180 2916 2862 3 3180 2862
3074 3 3074 2862 2888 3 3074 2888 3090 3
3090 2888 2954 3 3090 2954 3208 3 3208 2954
3044 3 3208 3044 3346 3 3346 3044 3080 3
3346 3080 3407 3 3080 2448 2436 3 3080 2436
3006 3 3006 2436 2432 3 3006 2432 2916 3
2916 2432 2440 3 2916 2440 2862 3 2862 2440
2450 3 2862 2450 2888 3 2888 2450 2468 3
2888 2468 2954 3 2954 2468 2466 3 2954 2466
3044 3 3044 2466 2448 3 3044 2448 3080 3
2087 1869 1871 3 2087 1871 2059 3 2059 1871
1909 3 2059 1909 2056 3 2056 1909 1951 3
2056 1951 2070 3 2070 1951 1972 3 2070 1972
2098 3 2098 1972 1945 3 2098 1945 2116 3
2116 1945 1905 3 2116 1905 2105 3 2105 1905
1869 3 2105 1869 2087 3 1869 1757 1772 3
1869 1772 1871 3 1871 1772 1818 3 1871 1818
1909 3 1909 1818 1882 3 1909 1882 1951 3
1951 1882 1903 3 1951 1903 1972 3 1972 1903
1858 3 1972 1858 1945 3 1945 1858 1790 3
1945 1790 1905 3 1905 1790 1757 3 1905 1757
1869 3 3158 2814 2698 3 3158 2698 3008 3
3008 2698 2509 3 3008 2509 2804 3 2804 2509
2420 3 2804 2420 2636 3 2636 2420 2452 3
2636 2452 2690 3 2690 2452 2609 3 2690 2609
2894 3 2894 2609 2774 3 2894 2774 3104 3
3104 2774 2814 3 3104 2814 3158 3 2814 2426
2369 3 2814 2369 2698 3 2698 2369 2299 3
2698 2299 2509 3 2509 2299 2268 3 2509 2268
2420 3 2420 2268 2293 3 2420 2293 2452 3
2452 2293 2353 3 2452 2353 2609 3 2609 2353
2415 3 2609 2415 2774 3 2774 2415 2426 3
2774 2426 2814 3 2426 2087 2059 3 2426 2059
2369 3 2369 2059 2056 3 2369 2056 2299 3
2299 2056 2070 3 2299 2070 2268 3 2268 2070
2098 3 2268 2098 2293 3 2293 2098 2116 3
2293 2116 2353 3 2353 2116 2105 3 2353 2105
2415 3 2415 2105 2087 3 2415 2087 2426 3
5547 5052 5078 3 5547 5078 5519 3 5519 5078
5195 3 5519 5195 5558 3 5558 5195 5339 3
5558 5339 5599 3 5599 5339 5377 3 5599 5377
5643 3 5643 5377 5315 3 5643 5315 5642 3
5642 5315 5158 3 5642 5158 5595 3 5595 5158
5052 3 5595 5052 5547 3 5052 4822 4862 3
5052 4862 5078 3 5078 4862 5045 3 5078 5045
5195 3 5195 5045 5236 3 5195 5236 5339 3
5339 5236 5293 3 5339 5293 5377 3 5377 5293
5157 3 5377 5157 5315 3 5315 5157 4940 3
5315 4940 5158 3 5158 4940 4822 3 5158 4822
5052 3 6971 6483 6390 3 6971 6390 6794 3
6794 6390 6242 3 6794 6242 6536 3 6536 6242
6170 3 6536 6170 6408 3 6408 6170 6204 3
6408 6204 6458 3 6458 6204 6343 3 6458 6343
6674 3 6674 6343 6464 3 6674 6464 6910 3
6910 6464 6483 3 6910 6483 6971 3 6483 6091
6046 3 6483 6046 6390 3 6390 6046 5989 3
6390 5989 6242 3 6242 5989 5966 3 6242 5966
6170 3 6170 5966 6019 3 6170 6019 6204 3
6204 6019 6060 3 6204 6060 6343 3 6343 6060
6100 3 6343 6100 6464 3 6464 6100 6091 3
6464 6091 6483 3 6091 5547 5519 3 6091 5519
6046 3 6046 5519 5558 3 6046 5558 5989 3
5989 5558 5599 3 5989 5599 5966 3 5966 5599
5643 3 5966 5643 6019 3 6019 5643 5642 3
6019 5642 6060 3 6060 5642 5595 3 6060 5595
6100 3 6100 5595 5547 3 6100 5547 6091 3
8402 7950 7974 3 8402 7974 8386 3 8386 7974
8081 3 8386 8081 8408 3 8408 8081 8207 3
8408 8207 8452 3 8452 8207 8250 3 8452 8250
8499 3 8499 8250 8177 3 8499 8177 8488 3
8488 8177 8035 3 8488 8035 8445 3 8445 8035
7950 3 8445 7950 8402 3 7950 7779 7811 3
7950 7811 7974 3 7974 7811 7945 3 7974 7945
8081 3 8081 7945 8114 3 8081 8114 8207 3
8207 8114 8154 3 8207 8154 8250 3 8250 8154
8029 3 8250 8029 8177 3 8177 8029 7874 3
8177 7874 8035 3 8035 7874 7779 3 8035 7779
7950 3 9993 9476 9371 3 9993 9371 9842 3
9842 9371 9250 3 9842 9250 9567 3 9567 9250
9154 3 9567 9154 9381 3 9381 9154 9191 3
9381 9191 9431 3 9431 9191 9314 3 9431 9314
9692 3 9692 9314 9440 3 9692 9440 9923 3
9923 9440 9476 3 9923 9476 9993 3 9476 9042
8985 3 9476 8985 9371 3 9371 8985 8905 3
9371 8905 9250 3 9250 8905 8886 3 9250 8886
9154 3 9154 8886 8928 3 9154 8928 9191 3
9191 8928 9010 3 9191 9010 9314 3 9314 9010
9050 3 9314 9050 9440 3 9440 9050 9042 3
9440 9042 9476 3 9042 8402 8386 3 9042 8386
8985 3 8985 8386 8408 3 8985 8408 8905 3
8905 8408 8452 3 8905 8452 8886 3 8886 8452
8499 3 8886 8499 8928 3 8928 8499 8488 3
8928 8488 9010 3 9010 8488 8445 3 9010 8445
9050 3 9050 8445 8402 3 9050 8402 9042 3
8068 7642 7660 3 8068 7660 8059 3 8059 7660
7764 3 8059 7764 8096 3 8096 7764 7860 3
8096 7860 8143 3 8143 7860 7888 3 8143 7888
8174 3 8174 7888 7816 3 8174 7816 8164 3
8164 7816 7699 3 8164 7699 8120 3 8120 7699
7642 3 8120 7642 8068 3 7642 7451 7490 3
7642 7490 7660 3 7660 7490 7639 3 7660 7639
7764 3 7764 7639 7776 3 7764 7776 7860 3
7860 7776 7800 3 7860 7800 7888 3 7888 7800
7685 3 7888 7685 7816 3 7816 7685 7530 3
7816 7530 7699 3 7699 7530 7451 3 7699 7451
7642 3 9685 9156 9069 3 9685 9069 9526 3
9526 9069 8916 3 9526 8916 9265 3 9265 8916
8830 3 9265 8830 9075 3 9075 8830 8854 3
9075 8854 9103 3 9103 8854 8990 3 9103 8990
9319 3 9319 8990 9116 3 9319 9116 9587 3
9587 9116 9156 3 9587 9156 9685 3 9156 8706
8653 3 9156 8653 9069 3 9069 8653 8593 3
9069 8593 8916 3 8916 8593 8548 3 8916 8548
8830 3 8830 8548 8582 3 8830 8582 8854 3
8854 8582 8647 3 8854 8647 8990 3 8990 8647
8702 3 8990 8702 9116 3 9116 8702 8706 3
9116 8706 9156 3 8706 8068 8059 3 8706 8059
8653 3 8653 8059 8096 3 8653 8096 8593 3
8593 8096 8143 3 8593 8143 8548 3 8548 8143
8174 3 8548 8174 8582 3 8582 8174 8164 3
8582 8164 8647 3 8647 8164 8120 3 8647 8120
8702 3 8702 8120 8068 3 8702 8068 8706 3
9131 9139 8663 3 9131 8663 8629 3 9139 9180
8815 3 9139 8815 8663 3 9180 9245 8926 3
9180 8926 8815 3 9245 9263 8946 3 9245 8946
8926 3 9263 9230 8843 3 9263 8843 8946 3
9230 9167 8693 3 9230 8693 8843 3 9167 9131
8629 3 9167 8629 8693 3 8629 8663 8477 3
8629 8477 8415 3 8663 8815 8665 3 8663 8665
8477 3 8815 8926 8839 3 8815 8839 8665 3
8926 8946 8861 3 8926 8861 8839 3 8946 8843
8705 3 8946 8705 8861 3 8843 8693 8515 3
8843 8515 8705 3 8693 8629 8415 3 8693 8415
8515 3 10643 10573 10207 3 10643 10207 10269 3
10573 10372 10099 3 10573 10099 10207 3 10372 10217
10021 3 10372 10021 10099 3 10217 10241 10043 3
10217 10043 10021 3 10241 10416 10121 3 10241 10121
10043 3 10416 10593 10223 3 10416 10223 10121 3
10593 10643 10269 3 10593 10269 10223 3 10269 10207
9820 3 10269 9820 9857 3 10207 10099 9761 3
10207 9761 9820 3 10099 10021 9723 3 10099 9723
9761 3 10021 10043 9743 3 10021 9743 9723 3
10043 10121 9803 3 10043 9803 9743 3 10121 10223
9847 3 10121 9847 9803 3 10223 10269 9857 3
10223 9857 9847 3 9857 9820 9139 3 9857 9139
9131 3 9820 9761 9180 3 9820 9180 9139 3
9761 9723 9245 3 9761 9245 9180 3 9723 9743
9263 3 9723 9263 9245 3 9743 9803 9230 3
9743 9230 9263 3 9803 9847 9167 3 9803 9167
9230 3 9847 9857 9131 3 9847 9131 9167 3
5825 5823 5410 3 5825 5410 5362 3 5823 5860
5528 3 5823 5528 5410 3 5860 5899 5636 3
5860 5636 5528 3 5899 5911 5650 3 5899 5650
5636 3 5911 5896 5572 3 5911 5572 5650 3
5896 5859 5446 3 5896 5446 5572 3 5859 5825
5362 3 5859 5362 5446 3 5362 5410 5181 3
5362 5181 5107 3 5410 5528 5367 3 5410 5367
5181 3 5528 5636 5533 3 5528 5533 5367 3
5636 5650 5552 3 5636 5552 5533 3 5650 5572
5415 3 5650 5415 5552 3 5572 5446 5205 3
5572 5205 5415 3 5446 5362 5107 3 5446 5107
5205 3 7425 7306 6819 3 7425 6819 6917 3
7306 7043 6662 3 7306 6662 6819 3 7043 6807
6548 3 7043 6548 6662 3 6807 6845 6568 3
6807 6568 6548 3 6845 7101 6701 3 6845 6701
6568 3 7101 7334 6861 3 7101 6861 6701 3
7334 7425 6917 3 7334 6917 6861 3 6917 6819
6415 3 6917 6415 6451 3 6819 6662 6340 3
6819 6340 6415 3 6662 6548 6301 3 6662 6301
6340 3 6548 6568 6322 3 6548 6322 6301 3
6568 6701 6379 3 6568 6379 6322 3 6701 6861
6437 3 6701 6437 6379 3 6861 6917 6451 3
6861 6451 6437 3 6451 6415 5823 3 6451 5823
5825 3 6415 6340 5860 3 6415 5860 5823 3
6340 6301 5899 3 6340 5899 5860 3 6301 6322
5911 3 6301 5911 5899 3 6322 6379 5896 3
6322 5896 5911 3 6379 6437 5859 3 6379 5859
5896 3 6437 6451 5825 3 6437 5825 5859 3
2449 2437 2145 3 2449 2145 2133 3 2437 2433
2179 3 2437 2179 2145 3 2433 2441 2211 3
2433 2211 2179 3 2441 2451 2229 3 2441 2229
2211 3 2451 2469 2189 3 2451 2189 2229 3
2469 2467 2165 3 2469 2165 2189 3 2467 2449
2133 3 2467 2133 2165 3 2133 2145 2003 3
2133 2003 1981 3 2145 2179 2069 3 2145 2069
2003 3 2179 2211 2151 3 2179 2151 2069 3
2211 2229 2159 3 2211 2159 2151 3 2229 2189
2097 3 2229 2097 2159 3 2189 2165 2019 3
2189 2019 2097 3 2165 2133 1981 3 2165 1981
2019 3 3748 3640 3331 3 3748 3331 3408 3
3640 3421 3181 3 3640 3181 3331 3 3421 3257
3075 3 3421 3075 3181 3 3257 3275 3091 3
3257 3091 3075 3 3275 3467 3209 3 3275 3209
3091 3 3467 3676 3347 3 3467 3347 3209 3
3676 3748 3408 3 3676 3408 3347 3 3408 3331
3007 3 3408 3007 3081 3 3331 3181 2917 3
3331 2917 3007 3 3181 3075 2863 3 3181 2863
2917 3 3075 3091 2889 3 3075 2889 2863 3
3091 3209 2955 3 3091 2955 2889 3 3209 3347
3045 3 3209 3045 2955 3 3347 3408 3081 3
3347 3081 3045 3 3081 3007 2437 3 3081 2437
2449 3 3007 2917 2433 3 3007 2433 2437 3
2917 2863 2441 3 2917 2441 2433 3 2863 2889
2451 3 2863 2451 2441 3 2889 2955 2469 3
2889 2469 2451 3 2955 3045 2467 3 2955 2467
2469 3 3045 3081 2449 3 3045 2449 2467 3
2086 2058 1872 3 2086 1872 1870 3 2058 2057
1910 3 2058 1910 1872 3 2057 2071 1952 3
2057 1952 1910 3 2071 2099 1973 3 2071 1973
1952 3 2099 2117 1946 3 2099 1946 1973 3
2117 2104 1906 3 2117 1906 1946 3 2104 2086
1870 3 2104 1870 1906 3 1870 1872 1773 3
1870 1773 1756 3 1872 1910 1819 3 1872 1819
1773 3 1910 1952 1881 3 1910 1881 1819 3
1952 1973 1904 3 1952 1904 1881 3 1973 1946
1859 3 1973 1859 1904 3 1946 1906 1791 3
1946 1791 1859 3 1906 1870 1756 3 1906 1756
1791 3 3159 3009 2699 3 3159 2699 2815 3
3009 2805 2508 3 3009 2508 2699 3 2805 2637
2421 3 2805 2421 2508 3 2637 2691 2453 3
2637 2453 2421 3 2691 2895 2608 3 2691 2608
2453 3 2895 3105 2775 3 2895 2775 2608 3
3105 3159 2815 3 3105 2815 2775 3 2815 2699
2368 3 2815 2368 2427 3 2699 2508 2298 3
2699 2298 2368 3 2508 2421 2267 3 2508 2267
2298 3 2421 2453 2292 3 2421 2292 2267 3
2453 2608 2352 3 2453 2352 2292 3 2608 2775
2414 3 2608 2414 2352 3 2775 2815 2427 3
2775 2427 2414 3 2427 2368 2058 3 2427 2058
2086 3 2368 2298 2057 3 2368 2057 2058 3
2298 2267 2071 3 2298 2071 2057 3 2267 2292
2099 3 2267 2099 2071 3 2292 2352 2117 3
2292 2117 2099 3 2352 2414 2104 3 2352 2104
2117 3 2414 2427 2086 3 2414 2086 2104 3
5548 5520 5079 3 5548 5079 5053 3 5520 5557
5194 3 5520 5194 5079 3 5557 5600 5340 3
5557 5340 5194 3 5600 5644 5378 3 5600 5378
5340 3 5644 5641 5314 3 5644 5314 5378 3
5641 5596 5159 3 5641 5159 5314 3 5596 5548
5053 3 5596 5053 5159 3 5053 5079 4861 3
5053 4861 4821 3 5079 5194 5044 3 5079 5044
4861 3 5194 5340 5237 3 5194 5237 5044 3
5340 5378 5294 3 5340 5294 5237 3 5378 5314
5156 3 5378 5156 5294 3 5314 5159 4939 3
5314 4939 5156 3 5159 5053 4821 3 5159 4821
4939 3 6970 6795 6391 3 6970 6391 6482 3
6795 6537 6243 3 6795 6243 6391 3 6537 6409
6171 3 6537 6171 6243 3 6409 6459 6205 3
6409 6205 6171 3 6459 6675 6344 3 6459 6344
6205 3 6675 6911 6465 3 6675 6465 6344 3
6911 6970 6482 3 6911 6482 6465 3 6482 6391
6047 3 6482 6047 6090 3 6391 6243 5990 3
6391 5990 6047 3 6243 6171 5967 3 6243 5967
5990 3 6171 6205 6020 3 6171 6020 5967 3
6205 6344 6061 3 6205 6061 6020 3 6344 6465
6101 3 6344 6101 6061 3 6465 6482 6090 3
6465 6090 6101 3 6090 6047 5520 3 6090 5520
5548 3 6047 5990 5557 3 6047 5557 5520 3
5990 5967 5600 3 5990 5600 5557 3 5967 6020
5644 3 5967 5644 5600 3 6020 6061 5641 3
6020 5641 5644 3 6061 6101 5596 3 6061 5596
5641 3 6101 6090 5548 3 6101 5548 5596 3
8403 8387 7975 3 8403 7975 7951 3 8387 8409
8082 3 8387 8082 7975 3 8409 8453 8206 3
8409 8206 8082 3 8453 8498 8249 3 8453 8249
8206 3 8498 8489 8178 3 8498 8178 8249 3
8489 8444 8036 3 8489 8036 8178 3 8444 8403
7951 3 8444 7951 8036 3 7951 7975 7812 3
7951 7812 7780 3 7975 8082 7944 3 7975 7944
7812 3 8082 8206 8115 3 8082 8115 7944 3
8206 8249 8153 3 8206 8153 8115 3 8249 8178
8028 3 8249 8028 8153 3 8178 8036 7875 3
8178 7875 8028 3 8036 7951 7780 3 8036 7780
7875 3 9994 9843 9372 3 9994 9372 9477 3
9843 9568 9251 3 9843 9251 9372 3 9568 9382
9155 3 9568 9155 9251 3 9382 9432 9190 3
9382 9190 9155 3 9432 9693 9315 3 9432 9315
9190 3 9693 9924 9439 3 9693 9439 9315 3
9924 9994 9477 3 9924 9477 9439 3 9477 9372
8986 3 9477 8986 9043 3 9372 9251 8906 3
9372 8906 8986 3 9251 9155 8887 3 9251 8887
8906 3 9155 9190 8927 3 9155 8927 8887 3
9190 9315 9011 3 9190 9011 8927 3 9315 9439
9051 3 9315 9051 9011 3 9439 9477 9043 3
9439 9043 9051 3 9043 8986 8387 3 9043 8387
8403 3 8986 8906 8409 3 8986 8409 8387 3
8906 8887 8453 3 8906 8453 8409 3 8887 8927
8498 3 8887 8498 8453 3 8927 9011 8489 3
8927 8489 8498 3 9011 9051 8444 3 9011 8444
8489 3 9051 9043 8403 3 9051 8403 8444 3
8067 8058 7659 3 8067 7659 7641 3 8058 8095
7763 3 8058 7763 7659 3 8095 8144 7861 3
8095 7861 7763 3 8144 8175 7889 3 8144 7889
7861 3 8175 8163 7815 3 8175 7815 7889 3
8163 8121 7700 3 8163 7700 7815 3 8121 8067
7641 3 8121 7641 7700 3 7641 7659 7489 3
7641 7489 7452 3 7659 7763 7640 3 7659 7640
7489 3 7763 7861 7775 3 7763 7775 7640 3
7861 7889 7799 3 7861 7799 7775 3 7889 7815
7686 3 7889 7686 7799 3 7815 7700 7531 3
7815 7531 7686 3 7700 7641 7452 3 7700 7452
7531 3 9684 9527 9068 3 9684 9068 9157 3
9527 9264 8915 3 9527 8915 9068 3 9264 9074
8831 3 9264 8831 8915 3 9074 9102 8855 3
9074 8855 8831 3 9102 9318 8989 3 9102 8989
8855 3 9318 9586 9117 3 9318 9117 8989 3
9586 9684 9157 3 9586 9157 9117 3 9157 9068
8652 3 9157 8652 8707 3 9068 8915 8594 3
9068 8594 8652 3 8915 8831 8547 3 8915 8547
8594 3 8831 8855 8581 3 8831 8581 8547 3
8855 8989 8648 3 8855 8648 8581 3 8989 9117
8703 3 8989 8703 8648 3 9117 9157 8707 3
9117 8707 8703 3 8707 8652 8058 3 8707 8058
8067 3 8652 8594 8095 3 8652 8095 8058 3
8594 8547 8144 3 8594 8144 8095 3 8547 8581
8175 3 8547 8175 8144 3 8581 8648 8163 3
8581 8163 8175 3 8648 8703 8121 3 8648 8121
8163 3 8703 8707 8067 3 8703 8067 8121 3
10416 10241 10217 3 10416 10217 10372 3 10593 10416
10372 3 10593 10372 10573 3 10643 10593 10573 3
8515 8415 8477 3 8477 8665 8515 3 7043 6845
6807 3 8861 8705 8665 3 8861 8665 8839 3
8665 8705 8515 3 7043 7101 6845 3 7306 7101
7043 3 7306 7334 7101 3 7425 7334 7306 3
3421 3467 3257 3 2019 1981 2003 3 3640 3467
3421 3 3640 3676 3467 3 3748 3676 3640 3
3467 3275 3257 3 2069 2097 2003 3 2097 2069
2151 3 2159 2097 2151 3 2097 2019 2003 3
9264 9318 9074 3 7531 7452 7489 3 9527 9318
9264 3 9527 9586 9318 3 9684 9586 9527 3
9318 9102 9074 3 7686 7531 7489 3 7686 7489
7640 3 7640 7775 7686 3 2895 2691 2637 3
7775 7799 7686 3 2895 2637 2805 3 3105 2895
2805 3 3105 2805 3009 3 3159 3105 3009 3
1791 1756 1773 3 1859 1791 1773 3 1859 1773
1819 3 1904 1859 1819 3 1904 1819 1881 3
9693 9432 9382 3 9693 9382 9568 3 9568 9843
9693 3 7812 7875 7780 3 9994 9924 9843 3
9843 9924 9693 3 7812 7944 7875 3 6537 6675
6409 3 7944 8153 8028 3 8115 8153 7944 3
7944 8028 7875 3 4939 4821 4861 3 6795 6911
6537 3 6675 6459 6409 3 6970 6911 6795 3
6911 6675 6537 3 5044 5156 4861 3 5156 5044
5237 3 5294 5156 5237 3 5156 4939 4861 3
6844 7100 6806 3 5180 5106 5204 3 7305 7042
7100 3 7305 7100 7333 3 7424 7305 7333 3
7100 7042 6806 3 5368 5180 5204 3 5368 5204
5416 3 5532 5368 5416 3 5532 5416 5551 3
3274 3466 3256 3 2018 2002 1980 3 3639 3420
3466 3 3639 3466 3675 3 3747 3639 3675 3
3466 3420 3256 3 2096 2068 2018 3 8514 8476
8414 3 2158 2068 2096 3 2158 2150 2068 3
2068 2002 2018 3 8704 8664 8514 3 8838 8664
8704 3 8860 8838 8704 3 8664 8476 8514 3
10240 10415 10216 3 9319 9075 9103 3 10572 10371
10415 3 10572 10415 10592 3 10642 10572 10592 3
10415 10371 10216 3 9319 9265 9075 3 9587 9526
9319 3 7490 7451 7530 3 9685 9526 9587 3
9526 9265 9319 3 7639 7490 7530 3 7639 7530
7685 3 7685 7800 7639 3 2894 2636 2690 3
7800 7776 7639 3 2894 2804 2636 3 3104 3008
2894 3 1772 1757 1790 3 3104 3158 3008 3
3008 2804 2894 3 1790 1858 1772 3 6674 6408
6458 3 1858 1903 1818 3 1858 1818 1772 3
1903 1882 1818 3 6674 6536 6408 3 6910 6536
6674 3 6910 6794 6536 3 6971 6794 6910 3
4862 4822 4940 3 5045 4862 4940 3 5045 4940
5157 3 5236 5045 5157 3 5236 5157 5293 3
9692 9381 9431 3 9692 9567 9381 3 9923 9567
9692 3 9923 9842 9567 3 9993 9842 9923 3
7874 7811 7779 3 8029 7811 7874 3 8029 7945
7811 3 8154 7945 8029 3 8154 8114 7945 3
3307 3247 3001 3 3307 3001 3073 3 3247 3313
3084 3 3247 3084 3001 3 3001 3084 3057 3
3001 3057 3011 3 3073 3001 3011 3 3073 3011
3051 3 3051 3011 3176 3 3051 3176 3183 3
3011 3057 3187 3 3011 3187 3176 3 3176 3187
3323 3 3176 3323 3341 3 3183 3176 3341 3
3183 3341 3317 3 10288 10341 10529 3 10288 10529
10478 3 10341 10299 10480 3 10341 10480 10529 3
10529 10480 10499 3 10529 10499 10521 3 10478 10529
10521 3 10478 10521 10491 3 10491 10521 10412 3
10491 10412 10402 3 10521 10499 10408 3 10521 10408
10412 3 10412 10408 10305 3 10412 10305 10283 3
10402 10412 10283 3 10402 10283 10297 3 10033 10161
10351 3 10033 10351 10226 3 10161 10288 10478 3
10161 10478 10351 3 10351 10478 10491 3 10351 10491
10402 3 10226 10351 10402 3 10226 10402 10297 3
10299 10167 10357 3 10299 10357 10480 3 10167 10047
10230 3 10167 10230 10357 3 10357 10230 10305 3
10357 10305 10408 3 10480 10357 10408 3 10480 10408
10499 3 5191 4961 5943 3 5191 5943 6113 3
4961 4750 5787 3 4961 5787 5943 3 5943 5787
6740 3 5943 6740 6933 3 6113 5943 6933 3
6113 6933 7144 3 4754 4969 5953 3 4754 5953
5791 3 4969 5199 6117 3 4969 6117 5953 3
5953 6117 7155 3 5953 7155 6945 3 5791 5953
6945 3 5791 6945 6754 3 5199 5288 6169 3
5199 6169 6117 3 5288 5191 6113 3 5288 6113
6169 3 6169 6113 7144 3 6169 7144 7222 3
6117 6169 7222 3 6117 7222 7155 3 8580 8508
7652 3 8580 7652 7715 3 8508 8578 7704 3
8508 7704 7652 3 7652 7704 6740 3 7652 6740
6671 3 7715 7652 6671 3 7715 6671 6754 3
10033 9963 9333 3 10033 9333 9392 3 9963 10047
9394 3 9963 9394 9333 3 9333 9394 8578 3
9333 8578 8508 3 9392 9333 8508 3 9392 8508
8580 3 7144 6933 7857 3 7144 7857 8013 3
6933 6740 7704 3 6933 7704 7857 3 7857 7704
8578 3 7857 8578 8743 3 8013 7857 8743 3
8013 8743 8933 3 6754 6945 7869 3 6754 7869
7715 3 6945 7155 8022 3 6945 8022 7869 3
7869 8022 8937 3 7869 8937 8753 3 7715 7869
8753 3 7715 8753 8580 3 7155 7222 8092 3
7155 8092 8022 3 7222 7144 8013 3 7222 8013
8092 3 8092 8013 8933 3 8092 8933 9015 3
8022 8092 9015 3 8022 9015 8937 3 3642 3712
4256 3 3642 4256 4189 3 3712 3648 4197 3
3712 4197 4256 3 4256 4197 5191 3 4256 5191
5288 3 4189 4256 5288 3 4189 5288 5199 3
3307 3479 4002 3 3307 4002 3844 3 3479 3642
4189 3 3479 4189 4002 3 4002 4189 5199 3
4002 5199 4969 3 3844 4002 4969 3 3844 4969
4754 3 3648 3491 4008 3 3648 4008 4197 3
3491 3313 3846 3 3491 3846 4008 3 4008 3846
4750 3 4008 4750 4961 3 4197 4008 4961 3
4197 4961 5191 3 6754 6671 5750 3 6754 5750
5791 3 6671 6740 5787 3 6671 5787 5750 3
5750 5787 4750 3 5750 4750 4666 3 5791 5750
4666 3 5791 4666 4754 3 10297 10283 10187 3
10297 10187 10226 3 10283 10305 10230 3 10283 10230
10187 3 10187 10230 10047 3 10187 10047 9963 3
10226 10187 9963 3 10226 9963 10033 3 8933 8743
9596 3 8933 9596 9795 3 8743 8578 9394 3
8743 9394 9596 3 9596 9394 10047 3 9596 10047
10167 3 9795 9596 10167 3 9795 10167 10299 3
8580 8753 9591 3 8580 9591 9392 3 8753 8937
9790 3 8753 9790 9591 3 9591 9790 10288 3
9591 10288 10161 3 9392 9591 10161 3 9392 10161
10033 3 8937 9015 9859 3 8937 9859 9790 3
9015 8933 9795 3 9015 9795 9859 3 9859 9795
10299 3 9859 10299 10341 3 9790 9859 10341 3
9790 10341 10288 3 3323 3187 3241 3 3323 3241
3405 3 3187 3057 3084 3 3187 3084 3241 3
3241 3084 3313 3 3241 3313 3491 3 3405 3241
3491 3 3405 3491 3648 3 3051 3183 3230 3
3051 3230 3073 3 3183 3317 3401 3 3183 3401
3230 3 3230 3401 3642 3 3230 3642 3479 3
3073 3230 3479 3 3073 3479 3307 3 3317 3341
3465 3 3317 3465 3401 3 3341 3323 3405 3
3341 3405 3465 3 3465 3405 3648 3 3465 3648
3712 3 3401 3465 3712 3 3401 3712 3642 3
4754 4666 3772 3 4754 3772 3844 3 4666 4750
3846 3 4666 3846 3772 3 3772 3846 3313 3
3772 3313 3247 3 3844 3772 3247 3 3844 3247
3307 3 3306 3072 3000 3 3306 3000 3246 3
3246 3000 3085 3 3246 3085 3312 3 3000 3010
3056 3 3000 3056 3085 3 3072 3050 3010 3
3072 3010 3000 3 3050 3182 3175 3 3050 3175
3010 3 3010 3175 3186 3 3010 3186 3056 3
3175 3340 3322 3 3175 3322 3186 3 3182 3316
3340 3 3182 3340 3175 3 10289 10479 10528 3
10289 10528 10340 3 10340 10528 10481 3 10340 10481
10298 3 10528 10520 10498 3 10528 10498 10481 3
10479 10490 10520 3 10479 10520 10528 3 10490 10401
10411 3 10490 10411 10520 3 10520 10411 10407 3
10520 10407 10498 3 10411 10282 10304 3 10411 10304
10407 3 10401 10296 10282 3 10401 10282 10411 3
10032 10227 10350 3 10032 10350 10160 3 10160 10350
10479 3 10160 10479 10289 3 10350 10401 10490 3
10350 10490 10479 3 10227 10296 10401 3 10227 10401
10350 3 10298 10481 10356 3 10298 10356 10166 3
10166 10356 10231 3 10166 10231 10046 3 10356 10407
10304 3 10356 10304 10231 3 10481 10498 10407 3
10481 10407 10356 3 5190 6112 5942 3 5190 5942
4960 3 4960 5942 5786 3 4960 5786 4749 3
5942 6932 6739 3 5942 6739 5786 3 6112 7143
6932 3 6112 6932 5942 3 4753 5790 5952 3
4753 5952 4968 3 4968 5952 6116 3 4968 6116
5198 3 5952 6944 7154 3 5952 7154 6116 3
5790 6753 6944 3 5790 6944 5952 3 5198 6116
6168 3 5198 6168 5287 3 5287 6168 6112 3
5287 6112 5190 3 6168 7221 7143 3 6168 7143
6112 3 6116 7154 7221 3 6116 7221 6168 3
8579 7716 7651 3 8579 7651 8509 3 8509 7651
7703 3 8509 7703 8577 3 7651 6670 6739 3
7651 6739 7703 3 7716 6753 6670 3 7716 6670
7651 3 10032 9391 9332 3 10032 9332 9964 3
9964 9332 9393 3 9964 9393 10046 3 9332 8509
8577 3 9332 8577 9393 3 9391 8579 8509 3
9391 8509 9332 3 7143 8012 7856 3 7143 7856
6932 3 6932 7856 7703 3 6932 7703 6739 3
7856 8742 8577 3 7856 8577 7703 3 8012 8934
8742 3 8012 8742 7856 3 6753 7716 7868 3
6753 7868 6944 3 6944 7868 8023 3 6944 8023
7154 3 7868 8752 8938 3 7868 8938 8023 3
7716 8579 8752 3 7716 8752 7868 3 7154 8023
8091 3 7154 8091 7221 3 7221 8091 8012 3
7221 8012 7143 3 8091 9014 8934 3 8091 8934
8012 3 8023 8938 9014 3 8023 9014 8091 3
3641 4190 4255 3 3641 4255 3711 3 3711 4255
4198 3 3711 4198 3647 3 4255 5287 5190 3
4255 5190 4198 3 4190 5198 5287 3 4190 5287
4255 3 3306 3843 4001 3 3306 4001 3478 3
3478 4001 4190 3 3478 4190 3641 3 4001 4968
5198 3 4001 5198 4190 3 3843 4753 4968 3
3843 4968 4001 3 3647 4198 4007 3 3647 4007
3490 3 3490 4007 3845 3 3490 3845 3312 3
4007 4960 4749 3 4007 4749 3845 3 4198 5190
4960 3 4198 4960 4007 3 6753 5790 5751 3
6753 5751 6670 3 6670 5751 5786 3 6670 5786
6739 3 5751 4665 4749 3 5751 4749 5786 3
5790 4753 4665 3 5790 4665 5751 3 10296 10227
10186 3 10296 10186 10282 3 10282 10186 10231 3
10282 10231 10304 3 10186 9964 10046 3 10186 10046
10231 3 10227 10032 9964 3 10227 9964 10186 3
8934 9794 9595 3 8934 9595 8742 3 8742 9595
9393 3 8742 9393 8577 3 9595 10166 10046 3
9595 10046 9393 3 9794 10298 10166 3 9794 10166
9595 3 8579 9391 9592 3 8579 9592 8752 3
8752 9592 9791 3 8752 9791 8938 3 9592 10160
10289 3 9592 10289 9791 3 9391 10032 10160 3
9391 10160 9592 3 8938 9791 9858 3 8938 9858
9014 3 9014 9858 9794 3 9014 9794 8934 3
9858 10340 10298 3 9858 10298 9794 3 9791 10289
10340 3 9791 10340 9858 3 3322 3404 3240 3
3322 3240 3186 3 3186 3240 3085 3 3186 3085
3056 3 3240 3490 3312 3 3240 3312 3085 3
3404 3647 3490 3 3404 3490 3240 3 3050 3072
3231 3 3050 3231 3182 3 3182 3231 3400 3
3182 3400 3316 3 3231 3478 3641 3 3231 3641
3400 3 3072 3306 3478 3 3072 3478 3231 3
3316 3400 3464 3 3316 3464 3340 3 3340 3464
3404 3 3340 3404 3322 3 3464 3711 3647 3
3464 3647 3404 3 3400 3641 3711 3 3400 3711
3464 3 4753 3843 3771 3 4753 3771 4665 3
4665 3771 3845 3 4665 3845 4749 3 3771 3246
3312 3 3771 3312 3845 3 3843 3306 3246 3
3843 3246 3771 3 3199 2973 2883 3 3199 2883
3103 3 2973 2779 2681 3 2973 2681 2883 3
3103 2883 2799 3 3103 2799 2997 3 2883 2681
2565 3 2883 2565 2799 3 3507 3281 3199 3
3507 3199 3419 3 3281 3067 2973 3 3281 2973
3199 3 3067 2855 2779 3 3067 2779 2973 3
2855 2685 2553 3 2855 2553 2779 3 2779 2553
2471 3 2779 2471 2681 3 2681 2471 2411 3
2681 2411 2565 3 2565 2411 2395 3 2565 2395
2493 3 2799 2565 2493 3 2799 2493 2695 3
2997 2799 2695 3 2997 2695 2911 3 3227 2997
2911 3 3227 2911 3143 3 3325 3103 2997 3
3325 2997 3227 3 3419 3199 3103 3 3419 3103
3325 3 7604 7352 7275 3 7604 7275 7502 3
7352 7119 7039 3 7352 7039 7275 3 7502 7275
7202 3 7502 7202 7446 3 7275 7039 6951 3
7275 6951 7202 3 7919 7676 7604 3 7919 7604
7826 3 7676 7442 7352 3 7676 7352 7604 3
7442 7212 7119 3 7442 7119 7352 3 7212 6993
6897 3 7212 6897 7119 3 7119 6897 6803 3
7119 6803 7039 3 7039 6803 6756 3 7039 6756
6951 3 6951 6756 6695 3 6951 6695 6893 3
7202 6951 6893 3 7202 6893 7147 3 7446 7202
7147 3 7446 7147 7385 3 7678 7446 7385 3
7678 7385 7624 3 7748 7502 7446 3 7748 7446
7678 3 7826 7604 7502 3 7826 7502 7748 3
12137 12233 12257 3 12137 12257 12160 3 12233 12321
12341 3 12233 12341 12257 3 12160 12257 12273 3
12160 12273 12168 3 12257 12341 12359 3 12257 12359
12273 3 12003 12108 12137 3 12003 12137 12039 3
12108 12202 12233 3 12108 12233 12137 3 12202 12289
12321 3 12202 12321 12233 3 12289 12356 12385 3
12289 12385 12321 3 12321 12385 12406 3 12321 12406
12341 3 12341 12406 12424 3 12341 12424 12359 3
12359 12424 12436 3 12359 12436 12365 3 12273 12359
12365 3 12273 12365 12279 3 12168 12273 12279 3
12168 12279 12178 3 12067 12168 12178 3 12067 12178
12071 3 12054 12160 12168 3 12054 12168 12067 3
12039 12137 12160 3 12039 12160 12054 3 12085 12045
12132 3 12085 12132 12173 3 12045 11993 12094 3
12045 12094 12132 3 12173 12132 12208 3 12173 12208
12251 3 12132 12094 12171 3 12132 12171 12208 3
12003 11979 12085 3 12003 12085 12108 3 11979 11935
12045 3 11979 12045 12085 3 11935 11897 11993 3
11935 11993 12045 3 11897 11831 11943 3 11897 11943
11993 3 11993 11943 12043 3 11993 12043 12094 3
12094 12043 12120 3 12094 12120 12171 3 12171 12120
12192 3 12171 12192 12231 3 12208 12171 12231 3
12208 12231 12281 3 12251 12208 12281 3 12251 12281
12317 3 12289 12251 12317 3 12289 12317 12356 3
12202 12173 12251 3 12202 12251 12289 3 12108 12085
12173 3 12108 12173 12202 3 11885 11805 11921 3
11885 11921 11985 3 11805 11668 11869 3 11805 11869
11921 3 11985 11921 12007 3 11985 12007 12070 3
11921 11869 11958 3 11921 11958 12007 3 11831 11755
11885 3 11831 11885 11943 3 11755 11480 11805 3
11755 11805 11885 3 11480 11250 11668 3 11480 11668
11805 3 11250 11056 11451 3 11250 11451 11668 3
11668 11451 11789 3 11668 11789 11869 3 11869 11789
11899 3 11869 11899 11958 3 11958 11899 11975 3
11958 11975 12027 3 12007 11958 12027 3 12007 12027
12083 3 12070 12007 12083 3 12070 12083 12128 3
12120 12070 12128 3 12120 12128 12192 3 12043 11985
12070 3 12043 12070 12120 3 11943 11885 11985 3
11943 11985 12043 3 10827 10778 11098 3 10827 11098
11161 3 10778 10748 11041 3 10778 11041 11098 3
11161 11098 11406 3 11161 11406 11482 3 11098 11041
11359 3 11098 11359 11406 3 10557 10471 10827 3
10557 10827 10899 3 10471 10432 10778 3 10471 10778
10827 3 10432 10392 10748 3 10432 10748 10778 3
10392 10390 10727 3 10392 10727 10748 3 10748 10727
11025 3 10748 11025 11041 3 11041 11025 11320 3
11041 11320 11359 3 11359 11320 11558 3 11359 11558
11602 3 11406 11359 11602 3 11406 11602 11666 3
11482 11406 11666 3 11482 11666 11765 3 11596 11482
11765 3 11596 11765 11798 3 11242 11161 11482 3
11242 11482 11596 3 10899 10827 11161 3 10899 11161
11242 3 11266 11119 11491 3 11266 11491 11670 3
11119 10985 11369 3 11119 11369 11491 3 11670 11491
11793 3 11670 11793 11852 3 11491 11369 11739 3
11491 11739 11793 3 11056 10893 11266 3 11056 11266
11451 3 10893 10764 11119 3 10893 11119 11266 3
10764 10635 10985 3 10764 10985 11119 3 10635 10557
10899 3 10635 10899 10985 3 10985 10899 11242 3
10985 11242 11369 3 11369 11242 11596 3 11369 11596
11739 3 11739 11596 11798 3 11739 11798 11840 3
11793 11739 11840 3 11793 11840 11887 3 11852 11793
11887 3 11852 11887 11923 3 11899 11852 11923 3
11899 11923 11975 3 11789 11670 11852 3 11789 11852
11899 3 11451 11266 11670 3 11451 11670 11789 3
10745 10772 11037 3 10745 11037 11027 3 10772 10799
11078 3 10772 11078 11037 3 11027 11037 11324 3
11027 11324 11312 3 11037 11078 11343 3 11037 11343
11324 3 10390 10422 10745 3 10390 10745 10727 3
10422 10453 10772 3 10422 10772 10745 3 10453 10503
10799 3 10453 10799 10772 3 10503 10569 10837 3
10503 10837 10799 3 10799 10837 11107 3 10799 11107
11078 3 11078 11107 11365 3 11078 11365 11343 3
11343 11365 11569 3 11343 11569 11560 3 11324 11343
11560 3 11324 11560 11540 3 11312 11324 11540 3
11312 11540 11535 3 11320 11312 11535 3 11320 11535
11558 3 11025 11027 11312 3 11025 11312 11320 3
10727 10745 11027 3 10727 11027 11025 3 10875 10913
11167 3 10875 11167 11137 3 10913 10959 11197 3
10913 11197 11167 3 11137 11167 11394 3 11137 11394
11382 3 11167 11197 11412 3 11167 11412 11394 3
10569 10621 10875 3 10569 10875 10837 3 10621 10673
10913 3 10621 10913 10875 3 10673 10750 10959 3
10673 10959 10913 3 10750 10797 11001 3 10750 11001
10959 3 10959 11001 11225 3 10959 11225 11197 3
11197 11225 11431 3 11197 11431 11412 3 11412 11431
11594 3 11412 11594 11587 3 11394 11412 11587 3
11394 11587 11575 3 11382 11394 11575 3 11382 11575
11573 3 11365 11382 11573 3 11365 11573 11569 3
11107 11137 11382 3 11107 11382 11365 3 10837 10875
11137 3 10837 11137 11107 3 11039 11080 11288 3
11039 11288 11262 3 11080 11090 11299 3 11080 11299
11288 3 11262 11288 11468 3 11262 11468 11459 3
11288 11299 11476 3 11288 11476 11468 3 10797 10839
11039 3 10797 11039 11001 3 10839 10869 11080 3
10839 11080 11039 3 10869 10881 11090 3 10869 11090
11080 3 10881 10879 11088 3 10881 11088 11090 3
11090 11088 11295 3 11090 11295 11299 3 11299 11295
11472 3 11299 11472 11476 3 11476 11472 11620 3
11476 11620 11626 3 11468 11476 11626 3 11468 11626
11622 3 11459 11468 11622 3 11459 11622 11608 3
11431 11459 11608 3 11431 11608 11594 3 11225 11262
11459 3 11225 11459 11431 3 11001 11039 11262 3
11001 11262 11225 3 11076 11054 11260 3 11076 11260
11278 3 11054 11031 11233 3 11054 11233 11260 3
11278 11260 11447 3 11278 11447 11462 3 11260 11233
11419 3 11260 11419 11447 3 10879 10871 11076 3
10879 11076 11088 3 10871 10851 11054 3 10871 11054
11076 3 10851 10835 11031 3 10851 11031 11054 3
10835 10823 11015 3 10835 11015 11031 3 11031 11015
11217 3 11031 11217 11233 3 11233 11217 11404 3
11233 11404 11419 3 11419 11404 11542 3 11419 11542
11565 3 11447 11419 11565 3 11447 11565 11589 3
11462 11447 11589 3 11462 11589 11604 3 11472 11462
11604 3 11472 11604 11620 3 11295 11278 11462 3
11295 11462 11472 3 11088 11076 11278 3 11088 11278
11295 3 3453 3826 3874 3 3453 3874 3497 3
3826 4186 4242 3 3826 4242 3874 3 3497 3874
3897 3 3497 3897 3513 3 3874 4242 4266 3
3874 4266 3897 3 2961 3391 3453 3 2961 3453
3019 3 3391 3762 3826 3 3391 3826 3453 3
3762 4098 4186 3 3762 4186 3826 3 4098 4404
4498 3 4098 4498 4186 3 4186 4498 4586 3
4186 4586 4242 3 4242 4586 4622 3 4242 4622
4266 3 4266 4622 4641 3 4266 4641 4277 3
3897 4266 4277 3 3897 4277 3911 3 3513 3897
3911 3 3513 3911 3521 3 3094 3513 3521 3
3094 3521 3098 3 3077 3497 3513 3 3077 3513
3094 3 3019 3453 3497 3 3019 3497 3077 3
3305 3189 3560 3 3305 3560 3684 3 3189 3021
3423 3 3189 3423 3560 3 3684 3560 3894 3
3684 3894 4012 3 3560 3423 3738 3 3560 3738
3894 3 2961 2891 3305 3 2961 3305 3391 3
2891 2761 3189 3 2891 3189 3305 3 2761 2559
3021 3 2761 3021 3189 3 2559 2361 2831 3
2559 2831 3021 3 3021 2831 3225 3 3021 3225
3423 3 3423 3225 3556 3 3423 3556 3738 3
3738 3556 3802 3 3738 3802 3988 3 3894 3738
3988 3 3894 3988 4146 3 4012 3894 4146 3
4012 4146 4290 3 4098 4012 4290 3 4098 4290
4404 3 3762 3684 4012 3 3762 4012 4098 3
3391 3305 3684 3 3391 3684 3762 3 2539 2287
2717 3 2539 2717 2983 3 2287 2129 2375 3
2287 2375 2717 3 2983 2717 3079 3 2983 3079
3333 3 2717 2375 2785 3 2717 2785 3079 3
2361 2193 2539 3 2361 2539 2831 3 2193 2045
2287 3 2193 2287 2539 3 2045 1912 2129 3
2045 2129 2287 3 1912 1775 1976 3 1912 1976
2129 3 2129 1976 2177 3 2129 2177 2375 3
2375 2177 2431 3 2375 2431 2785 3 2785 2431
2759 3 2785 2759 3059 3 3079 2785 3059 3
3079 3059 3339 3 3333 3079 3339 3 3333 3339
3592 3 3556 3333 3592 3 3556 3592 3802 3
3225 2983 3333 3 3225 3333 3556 3 2831 2539
2983 3 2831 2983 3225 3 1609 1615 1717 3
1609 1717 1715 3 1615 1629 1733 3 1615 1733
1717 3 1715 1717 1843 3 1715 1843 1851 3
1717 1733 1878 3 1717 1878 1843 3 1519 1503
1609 3 1519 1609 1619 3 1503 1509 1615 3
1503 1615 1609 3 1509 1527 1629 3 1509 1629
1615 3 1527 1571 1665 3 1527 1665 1629 3
1629 1665 1777 3 1629 1777 1733 3 1733 1777
1930 3 1733 1930 1878 3 1878 1930 2041 3
1878 2041 2005 3 1843 1878 2005 3 1843 2005
1983 3 1851 1843 1983 3 1851 1983 1989 3
1894 1851 1989 3 1894 1989 2029 3 1735 1715
1851 3 1735 1851 1894 3 1619 1609 1715 3
1619 1715 1735 3 1825 1721 1900 3 1825 1900
2025 3 1721 1667 1793 3 1721 1793 1900 3
2025 1900 2063 3 2025 2063 2207 3 1900 1793
1971 3 1900 1971 2063 3 1775 1679 1825 3
1775 1825 1976 3 1679 1611 1721 3 1679 1721
1825 3 1611 1561 1667 3 1611 1667 1721 3
1561 1519 1619 3 1561 1619 1667 3 1667 1619
1735 3 1667 1735 1793 3 1793 1735 1894 3
1793 1894 1971 3 1971 1894 2029 3 1971 2029
2113 3 2063 1971 2113 3 2063 2113 2213 3
2207 2063 2213 3 2207 2213 2413 3 2431 2207
2413 3 2431 2413 2759 3 2177 2025 2207 3
2177 2207 2431 3 1976 1825 2025 3 1976 2025
2177 3 1713 1783 1950 3 1713 1950 1835 3
1783 1918 2075 3 1783 2075 1950 3 1835 1950
2103 3 1835 2103 1999 3 1950 2075 2231 3
1950 2231 2103 3 1571 1613 1713 3 1571 1713
1665 3 1613 1671 1783 3 1613 1783 1713 3
1671 1759 1918 3 1671 1918 1783 3 1759 1920
2083 3 1759 2083 1918 3 1918 2083 2255 3
1918 2255 2075 3 2075 2255 2491 3 2075 2491
2231 3 2231 2491 2769 3 2231 2769 2409 3
2103 2231 2409 3 2103 2409 2225 3 1999 2103
2225 3 1999 2225 2135 3 1930 1999 2135 3
1930 2135 2041 3 1777 1835 1999 3 1777 1999
1930 3 1665 1713 1835 3 1665 1835 1777 3
2311 2749 3037 3 2311 3037 2615 3 2749 3151
3415 3 2749 3415 3037 3 2615 3037 3289 3
2615 3289 2905 3 3037 3415 3636 3 3037 3636
3289 3 1920 2127 2311 3 1920 2311 2083 3
2127 2389 2749 3 2127 2749 2311 3 2389 2857
3151 3 2389 3151 2749 3 2857 3207 3487 3
2857 3487 3151 3 3151 3487 3718 3 3151 3718
3415 3 3415 3718 3930 3 3415 3930 3636 3
3636 3930 4086 3 3636 4086 3794 3 3289 3636
3794 3 3289 3794 3477 3 2905 3289 3477 3
2905 3477 3119 3 2491 2905 3119 3 2491 3119
2769 3 2255 2615 2905 3 2255 2905 2491 3
2083 2311 2615 3 2083 2615 2255 3 3702 3840
4076 3 3702 4076 3938 3 3840 3914 4124 3
3840 4124 4076 3 3938 4076 4280 3 3938 4280
4130 3 4076 4124 4356 3 4076 4356 4280 3
3207 3457 3702 3 3207 3702 3487 3 3457 3598
3840 3 3457 3840 3702 3 3598 3674 3914 3
3598 3914 3840 3 3674 3704 3940 3 3674 3940
3914 3 3914 3940 4150 3 3914 4150 4124 3
4124 4150 4376 3 4124 4376 4356 3 4356 4376
4550 3 4356 4550 4526 3 4280 4356 4526 3
4280 4526 4442 3 4130 4280 4442 3 4130 4442
4314 3 3930 4130 4314 3 3930 4314 4086 3
3718 3938 4130 3 3718 4130 3930 3 3487 3702
3938 3 3487 3938 3718 3 3934 3920 4120 3
3934 4120 4140 3 3920 3882 4100 3 3920 4100
4120 3 4140 4120 4342 3 4140 4342 4364 3
4120 4100 4326 3 4120 4326 4342 3 3704 3706
3934 3 3704 3934 3940 3 3706 3690 3920 3
3706 3920 3934 3 3690 3662 3882 3 3690 3882
3920 3 3662 3638 3862 3 3662 3862 3882 3
3882 3862 4084 3 3882 4084 4100 3 4100 4084
4304 3 4100 4304 4326 3 4326 4304 4516 3
4326 4516 4490 3 4342 4326 4490 3 4342 4490
4502 3 4364 4342 4502 3 4364 4502 4528 3
4376 4364 4528 3 4376 4528 4550 3 4150 4140
4364 3 4150 4364 4376 3 3940 3934 4140 3
3940 4140 4150 3 3047 3027 3234 3 3047 3234
3255 3 3027 3003 3213 3 3027 3213 3234 3
3255 3234 3461 3 3255 3461 3481 3 3234 3213
3437 3 3234 3437 3461 3 2871 2879 3047 3
2871 3047 3039 3 2879 2861 3027 3 2879 3027
3047 3 2861 2839 3003 3 2861 3003 3027 3
2839 2827 2981 3 2839 2981 3003 3 3003 2981
3195 3 3003 3195 3213 3 3213 3195 3413 3
3213 3413 3437 3 3437 3413 3638 3 3437 3638
3662 3 3461 3437 3662 3 3461 3662 3690 3
3481 3461 3690 3 3481 3690 3706 3 3475 3481
3706 3 3475 3706 3704 3 3251 3255 3481 3
3251 3481 3475 3 3039 3047 3255 3 3039 3255
3251 3 2727 2907 3125 3 2727 3125 2943 3
2907 2999 3205 3 2907 3205 3125 3 2943 3125
3349 3 2943 3349 3201 3 3125 3205 3441 3
3125 3441 3349 3 2273 2515 2727 3 2273 2727
2403 3 2515 2735 2907 3 2515 2907 2727 3
2735 2833 2999 3 2735 2999 2907 3 2833 2871
3039 3 2833 3039 2999 3 2999 3039 3251 3
2999 3251 3205 3 3205 3251 3475 3 3205 3475
3441 3 3441 3475 3704 3 3441 3704 3674 3
3349 3441 3674 3 3349 3674 3598 3 3201 3349
3598 3 3201 3598 3457 3 2931 3201 3457 3
2931 3457 3207 3 2683 2943 3201 3 2683 3201
2931 3 2403 2727 2943 3 2403 2943 2683 3
1723 1926 2035 3 1723 2035 1815 3 1926 2161
2283 3 1926 2283 2035 3 1815 2035 2183 3
1815 2183 1964 3 2035 2283 2525 3 2035 2525
2183 3 1565 1675 1723 3 1565 1723 1603 3
1675 1833 1926 3 1675 1926 1723 3 1833 2053
2161 3 1833 2161 1926 3 2053 2273 2403 3
2053 2403 2161 3 2161 2403 2683 3 2161 2683
2283 3 2283 2683 2931 3 2283 2931 2525 3
2525 2931 3207 3 2525 3207 2857 3 2183 2525
2857 3 2183 2857 2389 3 1964 2183 2389 3
1964 2389 2127 3 1765 1964 2127 3 1765 2127
1920 3 1677 1815 1964 3 1677 1964 1765 3
1603 1723 1815 3 1603 1815 1677 3 1391 1435
1495 3 1391 1495 1443 3 1435 1511 1583 3
1435 1583 1495 3 1443 1495 1585 3 1443 1585
1515 3 1495 1583 1663 3 1495 1663 1585 3
1321 1357 1391 3 1321 1391 1355 3 1357 1401
1435 3 1357 1435 1391 3 1401 1469 1511 3
1401 1511 1435 3 1469 1565 1603 3 1469 1603
1511 3 1511 1603 1677 3 1511 1677 1583 3
1583 1677 1765 3 1583 1765 1663 3 1663 1765
1920 3 1663 1920 1759 3 1585 1663 1759 3
1585 1759 1671 3 1515 1585 1671 3 1515 1671
1613 3 1475 1515 1613 3 1475 1613 1571 3
1403 1443 1515 3 1403 1515 1475 3 1355 1391
1443 3 1355 1443 1403 3 1411 1365 1417 3
1411 1417 1481 3 1365 1333 1387 3 1365 1387
1417 3 1481 1417 1505 3 1481 1505 1577 3
1417 1387 1461 3 1417 1461 1505 3 1423 1367
1411 3 1423 1411 1477 3 1367 1325 1365 3
1367 1365 1411 3 1325 1295 1333 3 1325 1333
1365 3 1295 1275 1311 3 1295 1311 1333 3
1333 1311 1363 3 1333 1363 1387 3 1387 1363
1425 3 1387 1425 1461 3 1461 1425 1519 3
1461 1519 1561 3 1505 1461 1561 3 1505 1561
1611 3 1577 1505 1611 3 1577 1611 1679 3
1649 1577 1679 3 1649 1679 1775 3 1559 1481
1577 3 1559 1577 1649 3 1477 1411 1481 3
1477 1481 1559 3 1303 1315 1361 3 1303 1361
1353 3 1315 1327 1375 3 1315 1375 1361 3
1353 1361 1419 3 1353 1419 1413 3 1361 1375
1439 3 1361 1439 1419 3 1275 1271 1303 3
1275 1303 1311 3 1271 1281 1315 3 1271 1315
1303 3 1281 1297 1327 3 1281 1327 1315 3
1297 1321 1355 3 1297 1355 1327 3 1327 1355
1403 3 1327 1403 1375 3 1375 1403 1475 3
1375 1475 1439 3 1439 1475 1571 3 1439 1571
1527 3 1419 1439 1527 3 1419 1527 1509 3
1413 1419 1509 3 1413 1509 1503 3 1425 1413
1503 3 1425 1503 1519 3 1363 1353 1413 3
1363 1413 1425 3 1311 1303 1353 3 1311 1353
1363 3 1693 1617 1711 3 1693 1711 1803 3
1617 1551 1623 3 1617 1623 1711 3 1803 1711
1847 3 1803 1847 1985 3 1711 1623 1729 3
1711 1729 1847 3 1687 1621 1693 3 1687 1693
1761 3 1621 1563 1617 3 1621 1617 1693 3
1563 1487 1551 3 1563 1551 1617 3 1487 1423
1477 3 1487 1477 1551 3 1551 1477 1559 3
1551 1559 1623 3 1623 1559 1649 3 1623 1649
1729 3 1729 1649 1775 3 1729 1775 1912 3
1847 1729 1912 3 1847 1912 2045 3 1985 1847
2045 3 1985 2045 2193 3 2115 1985 2193 3
2115 2193 2361 3 1916 1803 1985 3 1916 1985
2115 3 1761 1693 1803 3 1761 1803 1916 3
1979 1922 2089 3 1979 2089 2157 3 1922 1841
2013 3 1922 2013 2089 3 2157 2089 2313 3
2157 2313 2401 3 2089 2013 2205 3 2089 2205
2313 3 1898 1857 1979 3 1898 1979 2021 3
1857 1805 1922 3 1857 1922 1979 3 1805 1747
1841 3 1805 1841 1922 3 1747 1687 1761 3
1747 1761 1841 3 1841 1761 1916 3 1841 1916
2013 3 2013 1916 2115 3 2013 2115 2205 3
2205 2115 2361 3 2205 2361 2559 3 2313 2205
2559 3 2313 2559 2761 3 2401 2313 2761 3
2401 2761 2891 3 2487 2401 2891 3 2487 2891
2961 3 2185 2157 2401 3 2185 2401 2487 3
2021 1979 2157 3 2021 2157 2185 3 2037 2217
2246 3 2037 2246 2061 3 2217 2557 2617 3
2217 2617 2246 3 2061 2246 2258 3 2061 2258
2081 3 2246 2617 2648 3 2246 2648 2258 3
1898 2021 2037 3 1898 2037 1928 3 2021 2185
2217 3 2021 2217 2037 3 2185 2487 2557 3
2185 2557 2217 3 2487 2961 3019 3 2487 3019
2557 3 2557 3019 3077 3 2557 3077 2617 3
2617 3077 3094 3 2617 3094 2648 3 2648 3094
3098 3 2648 3098 2662 3 2258 2648 2662 3
2258 2662 2266 3 2081 2258 2266 3 2081 2266
2090 3 1961 2081 2090 3 1961 2090 1969 3
1948 2061 2081 3 1948 2081 1961 3 1928 2037
2061 3 1928 2061 1948 3 10309 10641 10725 3
10309 10725 10367 3 10641 10915 10997 3 10641 10997
10725 3 10367 10725 10775 3 10367 10775 10423 3
10725 10997 11082 3 10725 11082 10775 3 9809 10219
10309 3 9809 10309 9885 3 10219 10571 10641 3
10219 10641 10309 3 10571 10819 10915 3 10571 10915
10641 3 10819 11009 11141 3 10819 11141 10915 3
10915 11141 11246 3 10915 11246 10997 3 10997 11246
11341 3 10997 11341 11082 3 11082 11341 11376 3
11082 11376 11103 3 10775 11082 11103 3 10775 11103
10785 3 10423 10775 10785 3 10423 10785 10437 3
9991 10423 10437 3 9991 10437 10015 3 9955 10367
10423 3 9955 10423 9991 3 9885 10309 10367 3
9885 10367 9955 3 10119 9982 10315 3 10119 10315
10454 3 9982 9765 10143 3 9982 10143 10315 3
10454 10315 10583 3 10454 10583 10700 3 10315 10143
10418 3 10315 10418 10583 3 9809 9681 10119 3
9809 10119 10219 3 9681 9497 9982 3 9681 9982
10119 3 9497 9299 9765 3 9497 9765 9982 3
9299 9039 9465 3 9299 9465 9765 3 9765 9465
9891 3 9765 9891 10143 3 10143 9891 10191 3
10143 10191 10418 3 10418 10191 10387 3 10418 10387
10605 3 10583 10418 10605 3 10583 10605 10766 3
10700 10583 10766 3 10700 10766 10891 3 10819 10700
10891 3 10819 10891 11009 3 10571 10454 10700 3
10571 10700 10819 3 10219 10119 10454 3 10219 10454
10571 3 9141 8785 9169 3 9141 9169 9554 3
8785 8421 8813 3 8785 8813 9169 3 9554 9169
9507 3 9554 9507 9899 3 9169 8813 9133 3
9169 9133 9507 3 9039 8727 9141 3 9039 9141
9465 3 8727 8389 8785 3 8727 8785 9141 3
8389 8045 8421 3 8389 8421 8785 3 8045 7752
8119 3 8045 8119 8421 3 8421 8119 8455 3
8421 8455 8813 3 8813 8455 8791 3 8813 8791
9133 3 9133 8791 9045 3 9133 9045 9376 3
9507 9133 9376 3 9507 9376 9783 3 9899 9507
9783 3 9899 9783 10129 3 10191 9899 10129 3
10191 10129 10387 3 9891 9554 9899 3 9891 9899
10191 3 9465 9141 9554 3 9465 9554 9891 3
7208 7173 7553 3 7208 7553 7598 3 7173 7184
7561 3 7173 7561 7553 3 7598 7553 7859 3
7598 7859 7895 3 7553 7561 7867 3 7553 7867
7859 3 6813 6713 7208 3 6813 7208 7302 3
6713 6669 7173 3 6713 7173 7208 3 6669 6679
7184 3 6669 7184 7173 3 6679 6744 7234 3
6679 7234 7184 3 7184 7234 7608 3 7184 7608
7561 3 7561 7608 7907 3 7561 7907 7867 3
7867 7907 8176 3 7867 8176 8136 3 7859 7867
8136 3 7859 8136 8131 3 7895 7859 8131 3
7895 8131 8168 3 7967 7895 8168 3 7967 8168
8244 3 7658 7598 7895 3 7658 7895 7967 3
7302 7208 7598 3 7302 7598 7658 3 7828 7626
7941 3 7828 7941 8198 3 7626 7444 7784 3
7626 7784 7941 3 8198 7941 8276 3 8198 8276
8497 3 7941 7784 8103 3 7941 8103 8276 3
7752 7482 7828 3 7752 7828 8119 3 7482 7249
7626 3 7482 7626 7828 3 7249 7013 7444 3
7249 7444 7626 3 7013 6813 7302 3 7013 7302
7444 3 7444 7302 7658 3 7444 7658 7784 3
7784 7658 7967 3 7784 7967 8103 3 8103 7967
8244 3 8103 8244 8351 3 8276 8103 8351 3
8276 8351 8524 3 8497 8276 8524 3 8497 8524
8751 3 8791 8497 8751 3 8791 8751 9045 3
8455 8198 8497 3 8455 8497 8791 3 8119 7828
8198 3 8119 8198 8455 3 7314 7440 7770 3
7314 7770 7664 3 7440 7580 7903 3 7440 7903
7770 3 7664 7770 8076 3 7664 8076 7969 3
7770 7903 8221 3 7770 8221 8076 3 6744 6849
7314 3 6744 7314 7234 3 6849 7011 7440 3
6849 7440 7314 3 7011 7206 7580 3 7011 7580
7440 3 7206 7410 7746 3 7206 7746 7580 3
7580 7746 8061 3 7580 8061 7903 3 7903 8061
8374 3 7903 8374 8221 3 8221 8374 8615 3
8221 8615 8443 3 8076 8221 8443 3 8076 8443
8331 3 7969 8076 8331 3 7969 8331 8242 3
7907 7969 8242 3 7907 8242 8176 3 7608 7664
7969 3 7608 7969 7907 3 7234 7314 7664 3
7234 7664 7608 3 7939 8188 8485 3 7939 8485
8274 3 8188 8401 8717 3 8188 8717 8485 3
8274 8485 8777 3 8274 8777 8558 3 8485 8717
9007 3 8485 9007 8777 3 7410 7630 7939 3
7410 7939 7746 3 7630 7843 8188 3 7630 8188
7939 3 7843 8080 8401 3 7843 8401 8188 3
8080 8294 8613 3 8080 8613 8401 3 8401 8613
8910 3 8401 8910 8717 3 8717 8910 9177 3
8717 9177 9007 3 9007 9177 9370 3 9007 9370
9217 3 8777 9007 9217 3 8777 9217 9013 3
8558 8777 9013 3 8558 9013 8799 3 8374 8558
8799 3 8374 8799 8615 3 8061 8274 8558 3
8061 8558 8374 3 7746 7939 8274 3 7746 8274
8061 3 8749 8851 9153 3 8749 9153 9059 3
8851 8885 9199 3 8851 9199 9153 3 9059 9153
9390 3 9059 9390 9311 3 9153 9199 9436 3
9153 9436 9390 3 8294 8425 8749 3 8294 8749
8613 3 8425 8522 8851 3 8425 8851 8749 3
8522 8556 8885 3 8522 8885 8851 3 8556 8554
8883 3 8556 8883 8885 3 8885 8883 9197 3
8885 9197 9199 3 9199 9197 9434 3 9199 9434
9436 3 9436 9434 9649 3 9436 9649 9651 3
9390 9436 9651 3 9390 9651 9606 3 9311 9390
9606 3 9311 9606 9521 3 9177 9311 9521 3
9177 9521 9370 3 8910 9059 9311 3 8910 9311
9177 3 8613 8749 9059 3 8613 9059 8910 3
8869 8823 9111 3 8869 9111 9159 3 8823 8757
9063 3 8823 9063 9111 3 9159 9111 9357 3
9159 9357 9400 3 9111 9063 9317 3 9111 9317
9357 3 8554 8530 8869 3 8554 8869 8883 3
8530 8481 8823 3 8530 8823 8869 3 8481 8433
8757 3 8481 8757 8823 3 8433 8399 8713 3
8433 8713 8757 3 8757 8713 9025 3 8757 9025
9063 3 9063 9025 9293 3 9063 9293 9317 3
9317 9293 9541 3 9317 9541 9531 3 9357 9317
9531 3 9357 9531 9566 3 9400 9357 9566 3
9400 9566 9614 3 9434 9400 9614 3 9434 9614
9649 3 9197 9159 9400 3 9197 9400 9434 3
8883 8869 9159 3 8883 9159 9197 3 7111 7464
7521 3 7111 7521 7186 3 7464 7750 7808 3
7464 7808 7521 3 7186 7521 7563 3 7186 7563
7218 3 7521 7808 7830 3 7521 7830 7563 3
6555 7003 7111 3 6555 7111 6645 3 7003 7386
7464 3 7003 7464 7111 3 7386 7662 7750 3
7386 7750 7464 3 7662 7881 7961 3 7662 7961
7750 3 7750 7961 8021 3 7750 8021 7808 3
7808 8021 8056 3 7808 8056 7830 3 7830 8056
8066 3 7830 8066 7841 3 7563 7830 7841 3
7563 7841 7578 3 7218 7563 7578 3 7218 7578
7235 3 6763 7218 7235 3 6763 7235 6777 3
6724 7186 7218 3 6724 7218 6763 3 6645 7111
7186 3 6645 7186 6724 3 6850 6667 7089 3
6850 7089 7263 3 6667 6463 6841 3 6667 6841
7089 3 7263 7089 7398 3 7263 7398 7549 3
7089 6841 7196 3 7089 7196 7398 3 6555 6435
6850 3 6555 6850 7003 3 6435 6267 6667 3
6435 6667 6850 3 6267 6093 6463 3 6267 6463
6667 3 6093 5873 6203 3 6093 6203 6463 3
6463 6203 6563 3 6463 6563 6841 3 6841 6563
6901 3 6841 6901 7196 3 7196 6901 7175 3
7196 7175 7416 3 7398 7196 7416 3 7398 7416
7618 3 7549 7398 7618 3 7549 7618 7758 3
7662 7549 7758 3 7662 7758 7881 3 7386 7263
7549 3 7386 7549 7662 3 7003 6850 7263 3
7003 7263 7386 3 5973 5700 6014 3 5973 6014
6283 3 5700 5366 5716 3 5700 5716 6014 3
6283 6014 6265 3 6283 6265 6583 3 6014 5716
5976 3 6014 5976 6265 3 5873 5634 5973 3
5873 5973 6203 3 5634 5328 5700 3 5634 5700
5973 3 5328 4928 5366 3 5328 5366 5700 3
4928 4520 4979 3 4928 4979 5366 3 5366 4979
5372 3 5366 5372 5716 3 5716 5372 5665 3
5716 5665 5976 3 5976 5665 5863 3 5976 5863
6159 3 6265 5976 6159 3 6265 6159 6495 3
6583 6265 6495 3 6583 6495 6835 3 6901 6583
6835 3 6901 6835 7175 3 6563 6283 6583 3
6563 6583 6901 3 6203 5973 6283 3 6203 6283
6563 3 3692 3656 3946 3 3692 3946 3978 3
3656 3670 3962 3 3656 3962 3946 3 3978 3946
4216 3 3978 4216 4262 3 3946 3962 4237 3
3946 4237 4216 3 3503 3387 3692 3 3503 3692
3790 3 3387 3343 3656 3 3387 3656 3692 3
3343 3367 3670 3 3343 3670 3656 3 3367 3451
3740 3 3367 3740 3670 3 3670 3740 4036 3
3670 4036 3962 3 3962 4036 4320 3 3962 4320
4237 3 4237 4320 4592 3 4237 4592 4474 3
4216 4237 4474 3 4216 4474 4446 3 4262 4216
4446 3 4262 4446 4514 3 4394 4262 4514 3
4394 4514 4684 3 4094 3978 4262 3 4094 4262
4394 3 3790 3692 3978 3 3790 3978 4094 3
4570 4224 4610 3 4570 4610 4989 3 4224 3970
4294 3 4224 4294 4610 3 4989 4610 4963 3
4989 4963 5342 3 4610 4294 4656 3 4610 4656
4963 3 4520 4168 4570 3 4520 4570 4979 3
4168 3886 4224 3 4168 4224 4570 3 3886 3666
3970 3 3886 3970 4224 3 3666 3503 3790 3
3666 3790 3970 3 3970 3790 4094 3 3970 4094
4294 3 4294 4094 4394 3 4294 4394 4656 3
4656 4394 4684 3 4656 4684 4912 3 4963 4656
4912 3 4963 4912 5252 3 5342 4963 5252 3
5342 5252 5574 3 5665 5342 5574 3 5665 5574
5863 3 5372 4989 5342 3 5372 5342 5665 3
4979 4570 4989 3 4979 4989 5372 3 3876 4064
4382 3 3876 4382 4162 3 4064 4332 4696 3
4064 4696 4382 3 4162 4382 4718 3 4162 4718
4462 3 4382 4696 5025 3 4382 5025 4718 3
3451 3580 3876 3 3451 3876 3740 3 3580 3764
4064 3 3580 4064 3876 3 3764 4006 4332 3
3764 4332 4064 3 4006 4322 4702 3 4006 4702
4332 3 4332 4702 5077 3 4332 5077 4696 3
4696 5077 5364 3 4696 5364 5025 3 5025 5364
5576 3 5025 5576 5284 3 4718 5025 5284 3
4718 5284 4981 3 4462 4718 4981 3 4462 4981
4758 3 4320 4462 4758 3 4320 4758 4592 3
4036 4162 4462 3 4036 4462 4320 3 3740 3876
4162 3 3740 4162 4036 3 5127 5510 5783 3
5127 5783 5455 3 5510 5803 6065 3 5510 6065
5783 3 5455 5783 6004 3 5455 6004 5698 3
5783 6065 6277 3 5783 6277 6004 3 4322 4748
5127 3 4322 5127 4702 3 4748 5183 5510 3
4748 5510 5127 3 5183 5544 5803 3 5183 5803
5510 3 5544 5795 6057 3 5544 6057 5803 3
5803 6057 6318 3 5803 6318 6065 3 6065 6318
6529 3 6065 6529 6277 3 6277 6529 6726 3
6277 6726 6467 3 6004 6277 6467 3 6004 6467
6149 3 5698 6004 6149 3 5698 6149 5851 3
5364 5698 5851 3 5364 5851 5576 3 5077 5455
5698 3 5077 5698 5364 3 4702 5127 5455 3
4702 5455 5077 3 6221 6338 6589 3 6221 6589
6489 3 6338 6385 6635 3 6338 6635 6589 3
6489 6589 6837 3 6489 6837 6732 3 6589 6635
6875 3 6589 6875 6837 3 5795 5980 6221 3
5795 6221 6057 3 5980 6079 6338 3 5980 6338
6221 3 6079 6121 6385 3 6079 6385 6338 3
6121 6127 6387 3 6121 6387 6385 3 6385 6387
6627 3 6385 6627 6635 3 6635 6627 6864 3
6635 6864 6875 3 6875 6864 7047 3 6875 7047
7067 3 6837 6875 7067 3 6837 7067 7029 3
6732 6837 7029 3 6732 7029 6914 3 6529 6732
6914 3 6529 6914 6726 3 6318 6489 6732 3
6318 6732 6529 3 6057 6221 6489 3 6057 6489
6318 3 6360 6330 6559 3 6360 6559 6601 3
6330 6281 6509 3 6330 6509 6559 3 6601 6559
6781 3 6601 6781 6821 3 6559 6509 6748 3
6559 6748 6781 3 6127 6111 6360 3 6127 6360
6387 3 6111 6083 6330 3 6111 6330 6360 3
6083 6055 6281 3 6083 6281 6330 3 6055 6033
6241 3 6055 6241 6281 3 6281 6241 6487 3
6281 6487 6509 3 6509 6487 6711 3 6509 6711
6748 3 6748 6711 6907 3 6748 6907 6905 3
6781 6748 6905 3 6781 6905 6941 3 6821 6781
6941 3 6821 6941 6999 3 6864 6821 6999 3
6864 6999 7047 3 6627 6601 6821 3 6627 6821
6864 3 6387 6360 6601 3 6387 6601 6627 3
5442 5420 5638 3 5442 5638 5654 3 5420 5380
5602 3 5420 5602 5638 3 5654 5638 5839 3
5654 5839 5875 3 5638 5602 5813 3 5638 5813
5839 3 5248 5243 5442 3 5248 5442 5449 3
5243 5211 5420 3 5243 5420 5442 3 5211 5171
5380 3 5211 5380 5420 3 5171 5097 5352 3
5171 5352 5380 3 5380 5352 5580 3 5380 5580
5602 3 5602 5580 5797 3 5602 5797 5813 3
5813 5797 6033 3 5813 6033 6055 3 5839 5813
6055 3 5839 6055 6083 3 5875 5839 6083 3
5875 6083 6111 3 5891 5875 6111 3 5891 6111
6127 3 5661 5654 5875 3 5661 5875 5891 3
5449 5442 5654 3 5449 5654 5661 3 5197 5354
5588 3 5197 5588 5471 3 5354 5428 5648 3
5354 5648 5588 3 5471 5588 5815 3 5471 5815
5736 3 5588 5648 5871 3 5588 5871 5815 3
4712 4957 5197 3 4712 5197 4926 3 4957 5131
5354 3 4957 5354 5197 3 5131 5209 5428 3
5131 5428 5354 3 5209 5248 5449 3 5209 5449
5428 3 5428 5449 5661 3 5428 5661 5648 3
5648 5661 5891 3 5648 5891 5871 3 5871 5891
6127 3 5871 6127 6121 3 5815 5871 6121 3
5815 6121 6079 3 5736 5815 6079 3 5736 6079
5980 3 5526 5736 5980 3 5526 5980 5795 3
5233 5471 5736 3 5233 5736 5526 3 4926 5197
5471 3 4926 5471 5233 3 3842 4182 4426 3
3842 4426 4068 3 4182 4580 4880 3 4182 4880
4426 3 4068 4426 4812 3 4068 4812 4358 3
4426 4880 5217 3 4426 5217 4812 3 3355 3680
3842 3 3355 3842 3530 3 3680 3994 4182 3
3680 4182 3842 3 3994 4348 4580 3 3994 4580
4182 3 4348 4712 4926 3 4348 4926 4580 3
4580 4926 5233 3 4580 5233 4880 3 4880 5233
5526 3 4880 5526 5217 3 5217 5526 5795 3
5217 5795 5544 3 4812 5217 5544 3 4812 5544
5183 3 4358 4812 5183 3 4358 5183 4748 3
4004 4358 4748 3 4004 4748 4322 3 3744 4068
4358 3 3744 4358 4004 3 3530 3842 4068 3
3530 4068 3744 3 2789 2977 3215 3 2789 3215
3005 3 2977 3235 3469 3 2977 3469 3215 3
3005 3215 3493 3 3005 3493 3297 3 3215 3469
3724 3 3215 3724 3493 3 2405 2563 2789 3
2405 2789 2599 3 2563 2823 2977 3 2563 2977
2789 3 2823 3071 3235 3 2823 3235 2977 3
3071 3355 3530 3 3071 3530 3235 3 3235 3530
3744 3 3235 3744 3469 3 3469 3744 4004 3
3469 4004 3724 3 3724 4004 4322 3 3724 4322
4006 3 3493 3724 4006 3 3493 4006 3764 3
3297 3493 3764 3 3297 3764 3580 3 3149 3297
3580 3 3149 3580 3451 3 2869 3005 3297 3
2869 3297 3149 3 2599 2789 3005 3 2599 3005
2869 3 3311 3035 3299 3 3311 3299 3548 3
3035 2821 3063 3 3035 3063 3299 3 3548 3299
3582 3 3548 3582 3848 3 3299 3063 3351 3
3299 3351 3582 3 3395 3117 3311 3 3395 3311
3586 3 3117 2845 3035 3 3117 3035 3311 3
2845 2575 2821 3 2845 2821 3035 3 2575 2393
2607 3 2575 2607 2821 3 2821 2607 2893 3
2821 2893 3063 3 3063 2893 3185 3 3063 3185
3351 3 3351 3185 3503 3 3351 3503 3666 3
3582 3351 3666 3 3582 3666 3886 3 3848 3582
3886 3 3848 3886 4168 3 4126 3848 4168 3
4126 4168 4520 3 3830 3548 3848 3 3830 3848
4126 3 3586 3311 3548 3 3586 3548 3830 3
2481 2455 2741 3 2481 2741 2793 3 2455 2485
2787 3 2455 2787 2741 3 2793 2741 3033 3
2793 3033 3087 3 2741 2787 3069 3 2741 3069
3033 3 2393 2319 2481 3 2393 2481 2607 3
2319 2305 2455 3 2319 2455 2481 3 2305 2329
2485 3 2305 2485 2455 3 2329 2405 2599 3
2329 2599 2485 3 2485 2599 2869 3 2485 2869
2787 3 2787 2869 3149 3 2787 3149 3069 3
3069 3149 3451 3 3069 3451 3367 3 3033 3069
3367 3 3033 3367 3343 3 3087 3033 3343 3
3087 3343 3387 3 3185 3087 3387 3 3185 3387
3503 3 2893 2793 3087 3 2893 3087 3185 3
2607 2481 2793 3 2607 2793 2893 3 4422 4132
4434 3 4422 4434 4830 3 4132 3860 4112 3
4132 4112 4434 3 4830 4434 4884 3 4830 4884
5254 3 4434 4112 4478 3 4434 4478 4884 3
4458 4200 4422 3 4458 4422 4780 3 4200 3942
4132 3 4200 4132 4422 3 3942 3672 3860 3
3942 3860 4132 3 3672 3395 3586 3 3672 3586
3860 3 3860 3586 3830 3 3860 3830 4112 3
4112 3830 4126 3 4112 4126 4478 3 4478 4126
4520 3 4478 4520 4928 3 4884 4478 4928 3
4884 4928 5328 3 5254 4884 5328 3 5254 5328
5634 3 5530 5254 5634 3 5530 5634 5873 3
5145 4830 5254 3 5145 5254 5530 3 4780 4422
4830 3 4780 4830 5145 3 5426 5270 5594 3
5426 5594 5747 3 5270 5037 5398 3 5270 5398
5594 3 5747 5594 5917 3 5747 5917 6059 3
5594 5398 5761 3 5594 5761 5917 3 5282 5134
5426 3 5282 5426 5538 3 5134 4947 5270 3
5134 5270 5426 3 4947 4740 5037 3 4947 5037
5270 3 4740 4458 4780 3 4740 4780 5037 3
5037 4780 5145 3 5037 5145 5398 3 5398 5145
5530 3 5398 5530 5761 3 5761 5530 5873 3
5761 5873 6093 3 5917 5761 6093 3 5917 6093
6267 3 6059 5917 6267 3 6059 6267 6435 3
6156 6059 6435 3 6156 6435 6555 3 5819 5747
6059 3 5819 6059 6156 3 5538 5426 5747 3
5538 5747 5819 3 5624 5907 5978 3 5624 5978
5677 3 5907 6247 6323 3 5907 6323 5978 3
5677 5978 6022 3 5677 6022 5728 3 5978 6323
6353 3 5978 6353 6022 3 5282 5538 5624 3
5282 5624 5360 3 5538 5819 5907 3 5538 5907
5624 3 5819 6156 6247 3 5819 6247 5907 3
6156 6555 6645 3 6156 6645 6247 3 6247 6645
6724 3 6247 6724 6323 3 6323 6724 6763 3
6323 6763 6353 3 6353 6763 6777 3 6353 6777
6367 3 6022 6353 6367 3 6022 6367 6025 3
5728 6022 6025 3 5728 6025 5741 3 5477 5728
5741 3 5477 5741 5490 3 5436 5677 5728 3
5436 5728 5477 3 5360 5624 5677 3 5360 5677
5436 3 10071 9787 9619 3 10071 9619 9897 3
9787 9525 9351 3 9787 9351 9619 3 9897 9619
9455 3 9897 9455 9745 3 9619 9351 9240 3
9619 9240 9455 3 10410 10185 10071 3 10410 10071
10279 3 10185 9942 9787 3 10185 9787 10071 3
9942 9691 9525 3 9942 9525 9787 3 9691 9467
9307 3 9691 9307 9525 3 9525 9307 9173 3
9525 9173 9351 3 9351 9173 9047 3 9351 9047
9240 3 9240 9047 8936 3 9240 8936 9113 3
9455 9240 9113 3 9455 9113 9325 3 9745 9455
9325 3 9745 9325 9602 3 10041 9745 9602 3
10041 9602 9889 3 10148 9897 9745 3 10148 9745
10041 3 10279 10071 9897 3 10279 9897 10148 3
9171 9057 8920 3 9171 8920 9035 3 9057 8944
8821 3 9057 8821 8920 3 9035 8920 8807 3
9035 8807 8900 3 8920 8821 8681 3 8920 8681
8807 3 9467 9309 9171 3 9467 9171 9307 3
9309 9215 9057 3 9309 9057 9171 3 9215 9081
8944 3 9215 8944 9057 3 9081 8930 8795 3
9081 8795 8944 3 8944 8795 8659 3 8944 8659
8821 3 8821 8659 8546 3 8821 8546 8681 3
8681 8546 8449 3 8681 8449 8605 3 8807 8681
8605 3 8807 8605 8689 3 8900 8807 8689 3
8900 8689 8811 3 9047 8900 8811 3 9047 8811
8936 3 9173 9035 8900 3 9173 8900 9047 3
9307 9171 9035 3 9307 9035 9173 3 6746 6615
6545 3 6746 6545 6657 3 6615 6505 6449 3
6615 6449 6545 3 6657 6545 6497 3 6657 6497
6603 3 6545 6449 6403 3 6545 6403 6497 3
6993 6825 6746 3 6993 6746 6897 3 6825 6705
6615 3 6825 6615 6746 3 6705 6587 6505 3
6705 6505 6615 3 6587 6471 6389 3 6587 6389
6505 3 6505 6389 6328 3 6505 6328 6449 3
6449 6328 6259 3 6449 6259 6403 3 6403 6259
6209 3 6403 6209 6352 3 6497 6403 6352 3
6497 6352 6457 3 6603 6497 6457 3 6603 6457
6553 3 6756 6603 6553 3 6756 6553 6695 3
6803 6657 6603 3 6803 6603 6756 3 6897 6746
6657 3 6897 6657 6803 3 5396 5173 5073 3
5396 5073 5318 3 5173 4935 4844 3 5173 4844
5073 3 5318 5073 4973 3 5318 4973 5241 3
5073 4844 4746 3 5073 4746 4973 3 5688 5487
5396 3 5688 5396 5614 3 5487 5277 5173 3
5487 5173 5396 3 5277 5059 4935 3 5277 4935
5173 3 5059 4868 4764 3 5059 4764 4935 3
4935 4764 4646 3 4935 4646 4844 3 4844 4646
4522 3 4844 4522 4746 3 4746 4522 4418 3
4746 4418 4660 3 4973 4746 4660 3 4973 4660
4892 3 5241 4973 4892 3 5241 4892 5177 3
5494 5241 5177 3 5494 5177 5440 3 5546 5318
5241 3 5546 5241 5494 3 5614 5396 5318 3
5614 5318 5546 3 6199 6035 5965 3 6199 5965
6143 3 6035 5807 5771 3 6035 5771 5965 3
6143 5965 5913 3 6143 5913 6103 3 5965 5771
5726 3 5965 5726 5913 3 6471 6287 6199 3
6471 6199 6389 3 6287 6095 6035 3 6287 6035
6199 3 6095 5889 5807 3 6095 5807 6035 3
5889 5688 5614 3 5889 5614 5807 3 5807 5614
5546 3 5807 5546 5771 3 5771 5546 5494 3
5771 5494 5726 3 5726 5494 5440 3 5726 5440
5669 3 5913 5726 5669 3 5913 5669 5877 3
6103 5913 5877 3 6103 5877 6067 3 6259 6103
6067 3 6259 6067 6209 3 6328 6143 6103 3
6328 6103 6259 3 6389 6199 6143 3 6389 6143
6328 3 4596 4412 4336 3 4596 4336 4456 3
4412 4286 4204 3 4412 4204 4336 3 4456 4336
4248 3 4456 4248 4370 3 4336 4204 4108 3
4336 4108 4248 3 4868 4700 4596 3 4868 4596
4764 3 4700 4542 4412 3 4700 4412 4596 3
4542 4388 4286 3 4542 4286 4412 3 4388 4238
4134 3 4388 4134 4286 3 4286 4134 4060 3
4286 4060 4204 3 4204 4060 3982 3 4204 3982
4108 3 4108 3982 3928 3 4108 3928 4052 3
4248 4108 4052 3 4248 4052 4164 3 4370 4248
4164 3 4370 4164 4284 3 4522 4370 4284 3
4522 4284 4418 3 4646 4456 4370 3 4646 4370
4522 3 4764 4596 4456 3 4764 4456 4646 3
3980 3806 3728 3 3980 3728 3908 3 3806 3626
3540 3 3806 3540 3728 3 3908 3728 3652 3
3908 3652 3824 3 3728 3540 3449 3 3728 3449
3652 3 4238 4074 3980 3 4238 3980 4134 3
4074 3888 3806 3 4074 3806 3980 3 3888 3710
3626 3 3888 3626 3806 3 3710 3507 3419 3
3710 3419 3626 3 3626 3419 3325 3 3626 3325
3540 3 3540 3325 3227 3 3540 3227 3449 3
3449 3227 3143 3 3449 3143 3371 3 3652 3449
3371 3 3652 3371 3570 3 3824 3652 3570 3
3824 3570 3760 3 3982 3824 3760 3 3982 3760
3928 3 4060 3908 3824 3 4060 3824 3982 3
4134 3980 3908 3 4134 3908 4060 3 2967 2885
2653 3 2967 2653 2753 3 2885 2819 2551 3
2885 2551 2653 3 2753 2653 2443 3 2753 2443
2527 3 2653 2551 2383 3 2653 2383 2443 3
3279 3197 2967 3 3279 2967 3061 3 3197 3111
2885 3 3197 2885 2967 3 3111 3029 2819 3
3111 2819 2885 3 3029 2987 2767 3 3029 2767
2819 3 2819 2767 2507 3 2819 2507 2551 3
2551 2507 2371 3 2551 2371 2383 3 2383 2371
2310 3 2383 2310 2307 3 2443 2383 2307 3
2443 2307 2331 3 2527 2443 2331 3 2527 2331
2391 3 2645 2527 2391 3 2645 2391 2477 3
2841 2753 2527 3 2841 2527 2645 3 3061 2967
2753 3 3061 2753 2841 3 7390 7312 7057 3
7390 7057 7131 3 7312 7265 6983 3 7312 6983
7057 3 7131 7057 6776 3 7131 6776 6855 3
7057 6983 6736 3 7057 6736 6776 3 7728 7638
7390 3 7728 7390 7470 3 7638 7567 7312 3
7638 7312 7390 3 7567 7498 7265 3 7567 7265
7312 3 7498 7476 7247 3 7498 7247 7265 3
7265 7247 6963 3 7265 6963 6983 3 6983 6963
6720 3 6983 6720 6736 3 6736 6720 6523 3
6736 6523 6525 3 6776 6736 6525 3 6776 6525
6575 3 6855 6776 6575 3 6855 6575 6641 3
6949 6855 6641 3 6949 6641 6738 3 7232 7131
6855 3 7232 6855 6949 3 7470 7390 7131 3
7470 7131 7232 3 12118 12142 12239 3 12118 12239
12213 3 12142 12153 12253 3 12142 12253 12239 3
12213 12239 12331 3 12213 12331 12302 3 12239 12253
12344 3 12239 12344 12331 3 11991 12019 12118 3
11991 12118 12098 3 12019 12041 12142 3 12019 12142
12118 3 12041 12049 12153 3 12041 12153 12142 3
12049 12052 12163 3 12049 12163 12153 3 12153 12163
12260 3 12153 12260 12253 3 12253 12260 12354 3
12253 12354 12344 3 12344 12354 12419 3 12344 12419
12413 3 12331 12344 12413 3 12331 12413 12398 3
12302 12331 12398 3 12302 12398 12371 3 12278 12302
12371 3 12278 12371 12337 3 12194 12213 12302 3
12194 12302 12278 3 12098 12118 12213 3 12098 12213
12194 3 12060 12158 12114 3 12060 12114 12029 3
12158 12237 12198 3 12158 12198 12114 3 12029 12114
12079 3 12029 12079 11981 3 12114 12198 12162 3
12114 12162 12079 3 11991 12098 12060 3 11991 12060
11963 3 12098 12194 12158 3 12098 12158 12060 3
12194 12278 12237 3 12194 12237 12158 3 12278 12337
12306 3 12278 12306 12237 3 12237 12306 12268 3
12237 12268 12198 3 12198 12268 12222 3 12198 12222
12162 3 12162 12222 12180 3 12162 12180 12106 3
12079 12162 12106 3 12079 12106 12031 3 11981 12079
12031 3 11981 12031 11927 3 11881 11981 11927 3
11881 11927 11811 3 11919 12029 11981 3 11919 11981
11881 3 11963 12060 12029 3 11963 12029 11919 3
11873 11971 11907 3 11873 11907 11787 3 11971 12056
11999 3 11971 11999 11907 3 11787 11907 11848 3
11787 11848 11616 3 11907 11999 11945 3 11907 11945
11848 3 11811 11927 11873 3 11811 11873 11686 3
11927 12031 11971 3 11927 11971 11873 3 12031 12106
12056 3 12031 12056 11971 3 12106 12180 12122 3
12106 12122 12056 3 12056 12122 12073 3 12056 12073
11999 3 11999 12073 12013 3 11999 12013 11945 3
11945 12013 11965 3 11945 11965 11893 3 11848 11945
11893 3 11848 11893 11777 3 11616 11848 11777 3
11616 11777 11400 3 11207 11616 11400 3 11207 11400
11005 3 11437 11787 11616 3 11437 11616 11207 3
11686 11873 11787 3 11686 11787 11437 3 10787 11123
11046 3 10787 11046 10737 3 11123 11449 11375 3
11123 11375 11046 3 10737 11046 10995 3 10737 10995
10693 3 11046 11375 11316 3 11046 11316 10995 3
10511 10859 10787 3 10511 10787 10441 3 10859 11205
11123 3 10859 11123 10787 3 11205 11556 11449 3
11205 11449 11123 3 11556 11785 11749 3 11556 11749
11449 3 11449 11749 11636 3 11449 11636 11375 3
11375 11636 11567 3 11375 11567 11316 3 11316 11567
11517 3 11316 11517 11270 3 10995 11316 11270 3
10995 11270 10977 3 10693 10995 10977 3 10693 10977
10683 3 10343 10693 10683 3 10343 10683 10337 3
10376 10737 10693 3 10376 10693 10343 3 10441 10787
10737 3 10441 10737 10376 3 11215 11618 11457 3
11215 11457 11086 3 11618 11837 11781 3 11618 11781
11457 3 11086 11457 11328 3 11086 11328 10947 3
11457 11781 11682 3 11457 11682 11328 3 11005 11400
11215 3 11005 11215 10853 3 11400 11777 11618 3
11400 11618 11215 3 11777 11893 11837 3 11777 11837
11618 3 11893 11965 11911 3 11893 11911 11837 3
11837 11911 11877 3 11837 11877 11781 3 11781 11877
11825 3 11781 11825 11682 3 11682 11825 11785 3
11682 11785 11556 3 11328 11682 11556 3 11328 11556
11205 3 10947 11328 11205 3 10947 11205 10859 3
10611 10947 10859 3 10611 10859 10511 3 10720 11086
10947 3 10720 10947 10611 3 10853 11215 11086 3
10853 11086 10720 3 10691 10975 10989 3 10691 10989
10721 3 10975 11265 11268 3 10975 11268 10989 3
10721 10989 11023 3 10721 11023 10756 3 10989 11268
11297 3 10989 11297 11023 3 10337 10683 10691 3
10337 10691 10359 3 10683 10977 10975 3 10683 10975
10691 3 10977 11270 11265 3 10977 11265 10975 3
11270 11517 11496 3 11270 11496 11265 3 11265 11496
11498 3 11265 11498 11268 3 11268 11498 11507 3
11268 11507 11297 3 11297 11507 11523 3 11297 11523
11314 3 11023 11297 11314 3 11023 11314 11044 3
10756 11023 11044 3 10756 11044 10789 3 10451 10756
10789 3 10451 10789 10509 3 10404 10721 10756 3
10404 10756 10451 3 10359 10691 10721 3 10359 10721
10404 3 10825 11084 11100 3 10825 11100 10855 3
11084 11326 11337 3 11084 11337 11100 3 10855 11100
11121 3 10855 11121 10889 3 11100 11337 11339 3
11100 11339 11121 3 10509 10789 10825 3 10509 10825
10567 3 10789 11044 11084 3 10789 11084 10825 3
11044 11314 11326 3 11044 11326 11084 3 11314 11523
11521 3 11314 11521 11326 3 11326 11521 11513 3
11326 11513 11337 3 11337 11513 11509 3 11337 11509
11339 3 11339 11509 11515 3 11339 11515 11354 3
11121 11339 11354 3 11121 11354 11139 3 10889 11121
11139 3 10889 11139 10919 3 10655 10889 10919 3
10655 10919 10703 3 10617 10855 10889 3 10617 10889
10655 3 10567 10825 10855 3 10567 10855 10617 3
10939 11153 11166 3 10939 11166 10953 3 11153 11363
11367 3 11153 11367 11166 3 10953 11166 11159 3
10953 11159 10951 3 11166 11367 11361 3 11166 11361
11159 3 10703 10919 10939 3 10703 10939 10752 3
10919 11139 11153 3 10919 11153 10939 3 11139 11354
11363 3 11139 11363 11153 3 11354 11515 11525 3
11354 11525 11363 3 11363 11525 11529 3 11363 11529
11367 3 11367 11529 11519 3 11367 11519 11361 3
11361 11519 11502 3 11361 11502 11351 3 11159 11361
11351 3 11159 11351 11149 3 10951 11159 11149 3
10951 11149 10937 3 10762 10951 10937 3 10762 10937
10754 3 10760 10953 10951 3 10760 10951 10762 3
10752 10939 10953 3 10752 10953 10760 3 10925 11135
11111 3 10925 11111 10907 3 11135 11334 11305 3
11135 11305 11111 3 10907 11111 11094 3 10907 11094
10887 3 11111 11305 11280 3 11111 11280 11094 3
10754 10937 10925 3 10754 10925 10731 3 10937 11149
11135 3 10937 11135 10925 3 11149 11351 11334 3
11149 11334 11135 3 11351 11502 11484 3 11351 11484
11334 3 11334 11484 11464 3 11334 11464 11305 3
11305 11464 11445 3 11305 11445 11280 3 11280 11445
11421 3 11280 11421 11256 3 11094 11280 11256 3
11094 11256 11072 3 10887 11094 11072 3 10887 11072
10873 3 10689 10887 10873 3 10689 10873 10669 3
10707 10907 10887 3 10707 10887 10689 3 10731 10925
10907 3 10731 10907 10707 3 3459 3501 3879 3
3459 3879 3836 3 3501 3515 3901 3 3501 3901
3879 3 3836 3879 4245 3 3836 4245 4192 3
3879 3901 4268 3 3879 4268 4245 3 2975 3031
3459 3 2975 3459 3399 3 3031 3083 3501 3
3031 3501 3459 3 3083 3096 3515 3 3083 3515
3501 3 3096 3101 3522 3 3096 3522 3515 3
3515 3522 3912 3 3515 3912 3901 3 3901 3912
4278 3 3901 4278 4268 3 4268 4278 4642 3
4268 4642 4623 3 4245 4268 4623 3 4245 4623
4590 3 4192 4245 4590 3 4192 4590 4500 3
4104 4192 4500 3 4104 4500 4408 3 3770 3836
4192 3 3770 4192 4104 3 3399 3459 3836 3
3399 3836 3770 3 3319 3694 3584 3 3319 3584
3203 3 3694 4024 3910 3 3694 3910 3584 3
3203 3584 3443 3 3203 3443 3055 3 3584 3910
3756 3 3584 3756 3443 3 2975 3399 3319 3
2975 3319 2897 3 3399 3770 3694 3 3399 3694
3319 3 3770 4104 4024 3 3770 4024 3694 3
4104 4408 4298 3 4104 4298 4024 3 4024 4298
4160 3 4024 4160 3910 3 3910 4160 4010 3
3910 4010 3756 3 3756 4010 3818 3 3756 3818
3572 3 3443 3756 3572 3 3443 3572 3261 3
3055 3443 3261 3 3055 3261 2859 3 2601 3055
2859 3 2601 2859 2387 3 2795 3203 3055 3
2795 3055 2601 3 2897 3319 3203 3 2897 3203
2795 3 2593 3015 2755 3 2593 2755 2323 3
3015 3359 3109 3 3015 3109 2755 3 2323 2755
2419 3 2323 2419 2163 3 2755 3109 2829 3
2755 2829 2419 3 2387 2859 2593 3 2387 2593
2215 3 2859 3261 3015 3 2859 3015 2593 3
3261 3572 3359 3 3261 3359 3015 3 3572 3818
3612 3 3572 3612 3359 3 3359 3612 3361 3
3359 3361 3109 3 3109 3361 3093 3 3109 3093
2829 3 2829 3093 2807 3 2829 2807 2475 3
2419 2829 2475 3 2419 2475 2201 3 2163 2419
2201 3 2163 2201 2001 3 1944 2163 2001 3
1944 2001 1807 3 2079 2323 2163 3 2079 2163
1944 3 2215 2593 2323 3 2215 2323 2079 3
1633 1739 1745 3 1633 1745 1639 3 1739 1890
1884 3 1739 1884 1745 3 1639 1745 1767 3
1639 1767 1661 3 1745 1884 1914 3 1745 1914
1767 3 1553 1655 1633 3 1553 1633 1537 3
1655 1771 1739 3 1655 1739 1633 3 1771 1924
1890 3 1771 1890 1739 3 1924 2039 2017 3
1924 2017 1890 3 1890 2017 2011 3 1890 2011
1884 3 1884 2011 2031 3 1884 2031 1914 3
1914 2031 2073 3 1914 2073 1968 3 1767 1914
1968 3 1767 1968 1813 3 1661 1767 1813 3
1661 1813 1691 3 1567 1661 1691 3 1567 1691
1595 3 1545 1639 1661 3 1545 1661 1567 3
1537 1633 1639 3 1537 1639 1545 3 1865 2051
1936 3 1865 1936 1751 3 2051 2239 2109 3
2051 2109 1936 3 1751 1936 1831 3 1751 1831
1689 3 1936 2109 1997 3 1936 1997 1831 3
1807 2001 1865 3 1807 1865 1703 3 2001 2201
2051 3 2001 2051 1865 3 2201 2475 2239 3
2201 2239 2051 3 2475 2807 2459 3 2475 2459
2239 3 2239 2459 2245 3 2239 2245 2109 3
2109 2245 2139 3 2109 2139 1997 3 1997 2139
2039 3 1997 2039 1924 3 1831 1997 1924 3
1831 1924 1771 3 1689 1831 1771 3 1689 1771
1655 3 1589 1689 1655 3 1589 1655 1553 3
1631 1751 1689 3 1631 1689 1589 3 1703 1865
1751 3 1703 1751 1631 3 1737 1892 1995 3
1737 1995 1827 3 1892 2033 2143 3 1892 2143
1995 3 1827 1995 2125 3 1827 2125 1960 3
1995 2143 2279 3 1995 2279 2125 3 1595 1691
1737 3 1595 1737 1643 3 1691 1813 1892 3
1691 1892 1737 3 1813 1968 2033 3 1813 2033
1892 3 1968 2073 2171 3 1968 2171 2033 3
2033 2171 2257 3 2033 2257 2143 3 2143 2257
2457 3 2143 2457 2279 3 2279 2457 2811 3
2279 2811 2547 3 2125 2279 2547 3 2125 2547
2297 3 1960 2125 2297 3 1960 2297 2123 3
1797 1960 2123 3 1797 2123 1958 3 1701 1827
1960 3 1701 1960 1797 3 1643 1737 1827 3
1643 1827 1701 3 2339 2673 3049 3 2339 3049
2763 3 2673 2929 3295 3 2673 3295 3049 3
2763 3049 3389 3 2763 3389 3129 3 3049 3295
3618 3 3049 3618 3389 3 1958 2123 2339 3
1958 2339 2155 3 2123 2297 2673 3 2123 2673
2339 3 2297 2547 2929 3 2297 2929 2673 3
2547 2811 3133 3 2547 3133 2929 3 2929 3133
3483 3 2929 3483 3295 3 3295 3483 3778 3
3295 3778 3618 3 3618 3778 4044 3 3618 4044
3870 3 3389 3618 3870 3 3389 3870 3660 3
3129 3389 3660 3 3129 3660 3417 3 2837 3129
3417 3 2837 3417 3145 3 2407 2763 3129 3
2407 3129 2837 3 2155 2339 2763 3 2155 2763
2407 3 3604 3838 3944 3 3604 3944 3714 3
3838 4048 4136 3 3838 4136 3944 3 3714 3944
3968 3 3714 3968 3736 3 3944 4136 4196 3
3944 4196 3968 3 3145 3417 3604 3 3145 3604
3345 3 3417 3660 3838 3 3417 3838 3604 3
3660 3870 4048 3 3660 4048 3838 3 3870 4044
4232 3 3870 4232 4048 3 4048 4232 4344 3
4048 4344 4136 3 4136 4344 4384 3 4136 4384
4196 3 4196 4384 4380 3 4196 4380 4188 3
3968 4196 4188 3 3968 4188 3966 3 3736 3968
3966 3 3736 3966 3742 3 3512 3736 3742 3
3512 3742 3518 3 3471 3714 3736 3 3471 3736
3512 3 3345 3604 3714 3 3345 3714 3471 3
3730 3952 3924 3 3730 3924 3708 3 3952 4149
4116 3 3952 4116 3924 3 3708 3924 3896 3
3708 3896 3678 3 3924 4116 4096 3 3924 4096
3896 3 3518 3742 3730 3 3518 3730 3505 3
3742 3966 3952 3 3742 3952 3730 3 3966 4188
4149 3 3966 4149 3952 3 4188 4380 4354 3
4188 4354 4149 3 4149 4354 4330 3 4149 4330
4116 3 4116 4330 4300 3 4116 4300 4096 3
4096 4300 4316 3 4096 4316 4082 3 3896 4096
4082 3 3896 4082 3868 3 3678 3896 3868 3
3678 3868 3654 3 3447 3678 3654 3 3447 3654
3425 3 3485 3708 3678 3 3485 3678 3447 3
3505 3730 3708 3 3505 3708 3485 3 2853 3043
3013 3 2853 3013 2835 3 3043 3271 3245 3
3043 3245 3013 3 2835 3013 2985 3 2835 2985
2825 3 3013 3245 3211 3 3013 3211 2985 3
2723 2865 2853 3 2723 2853 2721 3 2865 3053
3043 3 2865 3043 2853 3 3053 3277 3271 3
3053 3271 3043 3 3277 3518 3505 3 3277 3505
3271 3 3271 3505 3485 3 3271 3485 3245 3
3245 3485 3447 3 3245 3447 3211 3 3211 3447
3425 3 3211 3425 3193 3 2985 3211 3193 3
2985 3193 2965 3 2825 2985 2965 3 2825 2965
2801 3 2687 2825 2801 3 2687 2801 2647 3
2701 2835 2825 3 2701 2825 2687 3 2721 2853
2835 3 2721 2835 2701 3 2629 2851 2979 3
2629 2979 2797 3 2851 3100 3217 3 2851 3217
2979 3 2797 2979 3041 3 2797 3041 2849 3
2979 3217 3273 3 2979 3273 3041 3 2243 2367
2629 3 2243 2629 2445 3 2367 2589 2851 3
2367 2851 2629 3 2589 2881 3100 3 2589 3100
2851 3 2881 3145 3345 3 2881 3345 3100 3
3100 3345 3471 3 3100 3471 3217 3 3217 3471
3512 3 3217 3512 3273 3 3273 3512 3518 3
3273 3518 3277 3 3041 3273 3277 3 3041 3277
3053 3 2849 3041 3053 3 2849 3053 2865 3
2707 2849 2865 3 2707 2865 2723 3 2621 2797
2849 3 2621 2849 2707 3 2445 2629 2797 3
2445 2797 2621 3 1741 1837 2047 3 1741 2047
1942 3 1837 1993 2195 3 1837 2195 2047 3
1942 2047 2275 3 1942 2275 2153 3 2047 2195
2497 3 2047 2497 2275 3 1581 1625 1741 3
1581 1741 1683 3 1625 1697 1837 3 1625 1837
1741 3 1697 1801 1993 3 1697 1993 1837 3
1801 1958 2155 3 1801 2155 1993 3 1993 2155
2407 3 1993 2407 2195 3 2195 2407 2837 3
2195 2837 2497 3 2497 2837 3145 3 2497 3145
2881 3 2275 2497 2881 3 2275 2881 2589 3
2153 2275 2589 3 2153 2589 2367 3 2049 2153
2367 3 2049 2367 2243 3 1839 1942 2153 3
1839 2153 2049 3 1683 1741 1942 3 1683 1942
1839 3 1409 1473 1525 3 1409 1525 1465 3
1473 1557 1607 3 1473 1607 1525 3 1465 1525
1601 3 1465 1601 1541 3 1525 1607 1681 3
1525 1681 1601 3 1337 1373 1409 3 1337 1409
1369 3 1373 1427 1473 3 1373 1473 1409 3
1427 1497 1557 3 1427 1557 1473 3 1497 1595
1643 3 1497 1643 1557 3 1557 1643 1701 3
1557 1701 1607 3 1607 1701 1797 3 1607 1797
1681 3 1681 1797 1958 3 1681 1958 1801 3
1601 1681 1801 3 1601 1801 1697 3 1541 1601
1697 3 1541 1697 1625 3 1485 1541 1625 3
1485 1625 1581 3 1415 1465 1541 3 1415 1541
1485 3 1369 1409 1465 3 1369 1465 1415 3
1431 1501 1447 3 1431 1447 1385 3 1501 1597
1533 3 1501 1533 1447 3 1385 1447 1405 3
1385 1405 1349 3 1447 1533 1483 3 1447 1483
1405 3 1433 1493 1431 3 1433 1431 1389 3
1493 1579 1501 3 1493 1501 1431 3 1579 1669
1597 3 1579 1597 1501 3 1669 1807 1703 3
1669 1703 1597 3 1597 1703 1631 3 1597 1631
1533 3 1533 1631 1589 3 1533 1589 1483 3
1483 1589 1553 3 1483 1553 1455 3 1405 1483
1455 3 1405 1455 1381 3 1349 1405 1381 3
1349 1381 1329 3 1309 1349 1329 3 1309 1329
1291 3 1341 1385 1349 3 1341 1349 1309 3
1389 1431 1385 3 1389 1385 1341 3 1323 1371
1379 3 1323 1379 1331 3 1371 1441 1451 3
1371 1451 1379 3 1331 1379 1399 3 1331 1399
1347 3 1379 1451 1471 3 1379 1471 1399 3
1291 1329 1323 3 1291 1323 1287 3 1329 1381
1371 3 1329 1371 1323 3 1381 1455 1441 3
1381 1441 1371 3 1455 1553 1537 3 1455 1537
1441 3 1441 1537 1545 3 1441 1545 1451 3
1451 1545 1567 3 1451 1567 1471 3 1471 1567
1595 3 1471 1595 1497 3 1399 1471 1497 3
1399 1497 1427 3 1347 1399 1427 3 1347 1427
1373 3 1313 1347 1373 3 1313 1373 1337 3
1293 1331 1347 3 1293 1347 1313 3 1287 1323
1331 3 1287 1331 1293 3 1709 1823 1725 3
1709 1725 1635 3 1823 2015 1880 3 1823 1880
1725 3 1635 1725 1651 3 1635 1651 1573 3
1725 1880 1755 3 1725 1755 1651 3 1695 1781
1709 3 1695 1709 1637 3 1781 1940 1823 3
1781 1823 1709 3 1940 2137 2015 3 1940 2015
1823 3 2137 2387 2215 3 2137 2215 2015 3
2015 2215 2079 3 2015 2079 1880 3 1880 2079
1944 3 1880 1944 1755 3 1755 1944 1807 3
1755 1807 1669 3 1651 1755 1669 3 1651 1669
1579 3 1573 1651 1579 3 1573 1579 1493 3
1499 1573 1493 3 1499 1493 1433 3 1575 1635
1573 3 1575 1573 1499 3 1637 1709 1635 3
1637 1635 1575 3 1987 2173 2101 3 1987 2101
1938 3 2173 2425 2325 3 2173 2325 2101 3
1938 2101 2027 3 1938 2027 1867 3 2101 2325
2221 3 2101 2221 2027 3 1902 2023 1987 3
1902 1987 1861 3 2023 2191 2173 3 2023 2173
1987 3 2191 2499 2425 3 2191 2425 2173 3
2499 2975 2897 3 2499 2897 2425 3 2425 2897
2795 3 2425 2795 2325 3 2325 2795 2601 3
2325 2601 2221 3 2221 2601 2387 3 2221 2387
2137 3 2027 2221 2137 3 2027 2137 1940 3
1867 2027 1940 3 1867 1940 1781 3 1753 1867
1781 3 1753 1781 1695 3 1811 1938 1867 3
1811 1867 1753 3 1861 1987 1938 3 1861 1938
1811 3 2042 2065 2249 3 2042 2249 2226 3
2065 2085 2264 3 2065 2264 2249 3 2226 2249
2624 3 2226 2624 2567 3 2249 2264 2656 3
2249 2656 2624 3 1902 1934 2042 3 1902 2042
2023 3 1934 1954 2065 3 1934 2065 2042 3
1954 1965 2085 3 1954 2085 2065 3 1965 1974
2095 3 1965 2095 2085 3 2085 2095 2271 3
2085 2271 2264 3 2264 2271 2665 3 2264 2665
2656 3 2656 2665 3101 3 2656 3101 3096 3
2624 2656 3096 3 2624 3096 3083 3 2567 2624
3083 3 2567 3083 3031 3 2499 2567 3031 3
2499 3031 2975 3 2191 2226 2567 3 2191 2567
2499 3 2023 2042 2226 3 2023 2226 2191 3
10253 10313 10659 3 10253 10659 10609 3 10313 10347
10717 3 10313 10717 10659 3 10609 10659 10957 3
10609 10957 10883 3 10659 10717 11021 3 10659 11021
10957 3 9731 9813 10253 3 9731 10253 10175 3
9813 9873 10313 3 9813 10313 10253 3 9873 9903
10347 3 9873 10347 10313 3 9903 9908 10360 3
9903 10360 10347 3 10347 10360 10740 3 10347 10740
10717 3 10717 10740 11042 3 10717 11042 11021 3
11021 11042 11335 3 11021 11335 11301 3 10957 11021
11301 3 10957 11301 11209 3 10883 10957 11209 3
10883 11209 11109 3 10784 10883 11109 3 10784 11109
10973 3 10517 10609 10883 3 10517 10883 10784 3
10175 10253 10609 3 10175 10609 10517 3 10085 10414
10275 3 10085 10275 9912 3 10414 10665 10549 3
10414 10549 10275 3 9912 10275 10107 3 9912 10107
9699 3 10275 10549 10378 3 10275 10378 10107 3
9731 10175 10085 3 9731 10085 9599 3 10175 10517
10414 3 10175 10414 10085 3 10517 10784 10665 3
10517 10665 10414 3 10784 10973 10867 3 10784 10867
10665 3 10665 10867 10739 3 10665 10739 10549 3
10549 10739 10581 3 10549 10581 10378 3 10378 10581
10366 3 10378 10366 10165 3 10107 10378 10165 3
10107 10165 9855 3 9699 10107 9855 3 9699 9855
9414 3 9261 9699 9414 3 9261 9414 9009 3
9430 9912 9699 3 9430 9699 9261 3 9599 10085
9912 3 9599 9912 9430 3 9101 9501 9143 3
9101 9143 8755 3 9501 9871 9481 3 9501 9481
9143 3 8755 9143 8781 3 8755 8781 8407 3
9143 9481 9109 3 9143 9109 8781 3 9009 9414
9101 3 9009 9101 8679 3 9414 9855 9501 3
9414 9501 9101 3 9855 10165 9871 3 9855 9871
9501 3 10165 10366 10111 3 10165 10111 9871 3
9871 10111 9769 3 9871 9769 9481 3 9481 9769
9353 3 9481 9353 9109 3 9109 9353 9031 3
9109 9031 8773 3 8781 9109 8773 3 8781 8773
8437 3 8407 8781 8437 3 8407 8437 8094 3
8025 8407 8094 3 8025 8094 7734 3 8357 8755
8407 3 8357 8407 8025 3 8679 9101 8755 3
8679 8755 8357 3 7198 7582 7539 3 7198 7539
7159 3 7582 7887 7849 3 7582 7849 7539 3
7159 7539 7545 3 7159 7545 7169 3 7539 7849
7853 3 7539 7853 7545 3 6801 7286 7198 3
6801 7198 6697 3 7286 7648 7582 3 7286 7582
7198 3 7648 7955 7887 3 7648 7887 7582 3
7955 8230 8158 3 7955 8158 7887 3 7887 8158
8123 3 7887 8123 7849 3 7849 8123 8127 3
7849 8127 7853 3 7853 8127 8166 3 7853 8166
7897 3 7545 7853 7897 3 7545 7897 7602 3
7169 7545 7602 3 7169 7602 7216 3 6663 7169
7216 3 6663 7216 6728 3 6649 7159 7169 3
6649 7169 6663 3 6697 7198 7159 3 6697 7159
6649 3 7818 8184 7936 3 7818 7936 7616 3
8184 8475 8268 3 8184 8268 7936 3 7616 7936
7774 3 7616 7774 7432 3 7936 8268 8088 3
7936 8088 7774 3 7734 8094 7818 3 7734 7818
7468 3 8094 8437 8184 3 8094 8184 7818 3
8437 8773 8475 3 8437 8475 8184 3 8773 9031
8741 3 8773 8741 8475 3 8475 8741 8513 3
8475 8513 8268 3 8268 8513 8345 3 8268 8345
8088 3 8088 8345 8230 3 8088 8230 7955 3
7774 8088 7955 3 7774 7955 7648 3 7432 7774
7648 3 7432 7648 7286 3 7001 7432 7286 3
7001 7286 6801 3 7243 7616 7432 3 7243 7432
7001 3 7468 7818 7616 3 7468 7616 7243 3
7298 7654 7754 3 7298 7754 7414 3 7654 7953
8055 3 7654 8055 7754 3 7414 7754 7879 3
7414 7879 7551 3 7754 8055 8200 3 7754 8200
7879 3 6728 7216 7298 3 6728 7298 6829 3
7216 7602 7654 3 7216 7654 7298 3 7602 7897
7953 3 7602 7953 7654 3 7897 8166 8228 3
7897 8228 7953 3 7953 8228 8313 3 7953 8313
8055 3 8055 8313 8423 3 8055 8423 8200 3
8200 8423 8584 3 8200 8584 8341 3 7879 8200
8341 3 7879 8341 8034 3 7551 7879 8034 3
7551 8034 7712 3 7190 7551 7712 3 7190 7712
7376 3 6985 7414 7551 3 6985 7551 7190 3
6829 7298 7414 3 6829 7414 6985 3 7901 8240
8417 3 7901 8417 8117 3 8240 8520 8719 3
8240 8719 8417 3 8117 8417 8633 3 8117 8633
8317 3 8417 8719 8914 3 8417 8914 8633 3
7376 7712 7901 3 7376 7901 7586 3 7712 8034
8240 3 7712 8240 7901 3 8034 8341 8520 3
8034 8520 8240 3 8341 8584 8763 3 8341 8763
8520 3 8520 8763 8962 3 8520 8962 8719 3
8719 8962 9145 3 8719 9145 8914 3 8914 9145
9305 3 8914 9305 9083 3 8633 8914 9083 3
8633 9083 8809 3 8317 8633 8809 3 8317 8809
8483 3 7987 8317 8483 3 7987 8483 8186 3
7790 8117 8317 3 7790 8317 7987 3 7586 7901
8117 3 7586 8117 7790 3 8619 8922 8997 3
8619 8997 8671 3 8922 9213 9273 3 8922 9273
8997 3 8671 8997 9021 3 8671 9021 8685 3
8997 9273 9285 3 8997 9285 9021 3 8186 8483
8619 3 8186 8619 8304 3 8483 8809 8922 3
8483 8922 8619 3 8809 9083 9213 3 8809 9213
8922 3 9083 9305 9412 3 9083 9412 9213 3
9213 9412 9487 3 9213 9487 9273 3 9273 9487
9511 3 9273 9511 9285 3 9285 9511 9493 3
9285 9493 9277 3 9021 9285 9277 3 9021 9277
8999 3 8685 9021 8999 3 8685 8999 8673 3
8380 8685 8673 3 8380 8673 8359 3 8361 8671
8685 3 8361 8685 8380 3 8304 8619 8671 3
8304 8671 8361 3 8639 8954 8893 3 8639 8893
8590 3 8954 9237 9175 3 8954 9175 8893 3
8590 8893 8845 3 8590 8845 8532 3 8893 9175
9125 3 8893 9125 8845 3 8359 8673 8639 3
8359 8639 8329 3 8673 8999 8954 3 8673 8954
8639 3 8999 9277 9237 3 8999 9237 8954 3
9277 9493 9448 3 9277 9448 9237 3 9237 9448
9388 3 9237 9388 9175 3 9175 9388 9349 3
9175 9349 9125 3 9125 9349 9341 3 9125 9341
9085 3 8845 9125 9085 3 8845 9085 8801 3
8532 8845 8801 3 8532 8801 8479 3 8234 8532
8479 3 8234 8479 8192 3 8278 8590 8532 3
8278 8532 8234 3 8329 8639 8590 3 8329 8590
8278 3 7065 7125 7473 3 7065 7473 7429 3
7125 7165 7504 3 7125 7504 7473 3 7429 7473
7766 3 7429 7766 7710 3 7473 7504 7796 3
7473 7796 7766 3 6503 6595 7065 3 6503 7065
6939 3 6595 6665 7125 3 6595 7125 7065 3
6665 6699 7165 3 6665 7165 7125 3 6699 6716
7178 3 6699 7178 7165 3 7165 7178 7515 3
7165 7515 7504 3 7504 7515 7806 3 7504 7806
7796 3 7796 7806 8030 3 7796 8030 8016 3
7766 7796 8016 3 7766 8016 7992 3 7710 7766
7992 3 7710 7992 7933 3 7634 7710 7933 3
7634 7933 7847 3 7338 7429 7710 3 7338 7710
7634 3 6939 7065 7429 3 6939 7429 7338 3
6797 7225 7059 3 6797 7059 6623 3 7225 7510
7366 3 7225 7366 7059 3 6623 7059 6799 3
6623 6799 6433 3 7059 7366 7171 3 7059 7171
6799 3 6503 6939 6797 3 6503 6797 6399 3
6939 7338 7225 3 6939 7225 6797 3 7338 7634
7510 3 7338 7510 7225 3 7634 7847 7738 3
7634 7738 7510 3 7510 7738 7600 3 7510 7600
7366 3 7366 7600 7402 3 7366 7402 7171 3
7171 7402 7157 3 7171 7157 6879 3 6799 7171
6879 3 6799 6879 6539 3 6433 6799 6539 3
6433 6539 6187 3 6072 6433 6187 3 6072 6187
5853 3 6237 6623 6433 3 6237 6433 6072 3
6399 6797 6623 3 6399 6623 6237 3 5959 6269
6012 3 5959 6012 5706 3 6269 6571 6261 3
6269 6261 6012 3 5706 6012 5730 3 5706 5730
5390 3 6012 6261 5984 3 6012 5984 5730 3
5853 6187 5959 3 5853 5959 5630 3 6187 6539
6269 3 6187 6269 5959 3 6539 6879 6571 3
6539 6571 6269 3 6879 7157 6809 3 6879 6809
6571 3 6571 6809 6492 3 6571 6492 6261 3
6261 6492 6161 3 6261 6161 5984 3 5984 6161
5869 3 5984 5869 5684 3 5730 5984 5684 3
5730 5684 5403 3 5390 5730 5403 3 5390 5403
5015 3 4955 5390 5015 3 4955 5015 4584 3
5346 5706 5390 3 5346 5390 4955 3 5630 5959
5706 3 5630 5706 5346 3 3752 4046 3996 3
3752 3996 3720 3 4046 4324 4272 3 4046 4272
3996 3 3720 3996 4022 3 3720 4022 3734 3
3996 4272 4288 3 3996 4288 4022 3 3558 3858
3752 3 3558 3752 3463 3 3858 4142 4046 3
3858 4046 3752 3 4142 4431 4324 3 4142 4324
4046 3 4431 4722 4574 3 4431 4574 4324 3
4324 4574 4506 3 4324 4506 4272 3 4272 4506
4534 3 4272 4534 4288 3 4288 4534 4638 3
4288 4638 4378 3 4022 4288 4378 3 4022 4378
4092 3 3734 4022 4092 3 3734 4092 3808 3
3455 3734 3808 3 3455 3808 3536 3 3431 3720
3734 3 3431 3734 3455 3 3463 3752 3720 3
3463 3720 3431 3 4618 5031 4670 3 4618 4670
4274 3 5031 5358 5011 3 5031 5011 4670 3
4274 4670 4352 3 4274 4352 4032 3 4670 5011
4695 3 4670 4695 4352 3 4584 5015 4618 3
4584 4618 4220 3 5015 5403 5031 3 5015 5031
4618 3 5403 5684 5358 3 5403 5358 5031 3
5684 5869 5584 3 5684 5584 5358 3 5358 5584
5280 3 5358 5280 5011 3 5011 5280 4949 3
5011 4949 4695 3 4695 4949 4722 3 4695 4722
4431 3 4352 4695 4431 3 4352 4431 4142 3
4032 4352 4142 3 4032 4142 3858 3 3726 4032
3858 3 3726 3858 3558 3 3950 4274 4032 3
3950 4032 3726 3 4220 4618 4274 3 4220 4274
3950 3 3948 4240 4424 3 3948 4424 4110 3
4240 4536 4792 3 4240 4792 4424 3 4110 4424
4762 3 4110 4762 4386 3 4424 4792 5075 3
4424 5075 4762 3 3536 3808 3948 3 3536 3948
3658 3 3808 4092 4240 3 3808 4240 3948 3
4092 4378 4536 3 4092 4536 4240 3 4378 4638
4806 3 4378 4806 4536 3 4536 4806 5021 3
4536 5021 4792 3 4792 5021 5309 3 4792 5309
5075 3 5075 5309 5586 3 5075 5586 5392 3
4762 5075 5392 3 4762 5392 5111 3 4386 4762
5111 3 4386 5111 4756 3 4072 4386 4756 3
4072 4756 4368 3 3832 4110 4386 3 3832 4386
4072 3 3658 3948 4110 3 3658 4110 3832 3
5139 5463 5769 3 5139 5769 5502 3 5463 5702
5986 3 5463 5986 5769 3 5502 5769 6031 3
5502 6031 5779 3 5769 5986 6235 3 5769 6235
6031 3 4368 4756 5139 3 4368 5139 4776 3
4756 5111 5463 3 4756 5463 5139 3 5111 5392
5702 3 5111 5702 5463 3 5392 5586 5849 3
5392 5849 5702 3 5702 5849 6131 3 5702 6131
5986 3 5986 6131 6425 3 5986 6425 6235 3
6235 6425 6651 3 6235 6651 6477 3 6031 6235
6477 3 6031 6477 6225 3 5779 6031 6225 3
5779 6225 5996 3 5504 5779 5996 3 5504 5996
5745 3 5167 5502 5779 3 5167 5779 5504 3
4776 5139 5502 3 4776 5502 5167 3 6123 6383
6453 3 6123 6453 6181 3 6383 6609 6693 3
6383 6693 6453 3 6181 6453 6473 3 6181 6473
6193 3 6453 6693 6703 3 6453 6703 6473 3
5745 5996 6123 3 5745 6123 5855 3 5996 6225
6383 3 5996 6383 6123 3 6225 6477 6609 3
6225 6609 6383 3 6477 6651 6815 3 6477 6815
6609 3 6609 6815 6903 3 6609 6903 6693 3
6693 6903 6919 3 6693 6919 6703 3 6703 6919
6885 3 6703 6885 6677 3 6473 6703 6677 3
6473 6677 6445 3 6193 6473 6445 3 6193 6445
6179 3 5957 6193 6179 3 5957 6179 5941 3
5939 6181 6193 3 5939 6193 5957 3 5855 6123
6181 3 5855 6181 5939 3 6145 6407 6350 3
6145 6350 6115 3 6407 6619 6573 3 6407 6573
6350 3 6115 6350 6311 3 6115 6311 6077 3
6350 6573 6517 3 6350 6517 6311 3 5941 6179
6145 3 5941 6145 5915 3 6179 6445 6407 3
6179 6407 6145 3 6445 6677 6619 3 6445 6619
6407 3 6677 6885 6831 3 6677 6831 6619 3
6619 6831 6772 3 6619 6772 6573 3 6573 6772
6734 3 6573 6734 6517 3 6517 6734 6715 3
6517 6715 6493 3 6311 6517 6493 3 6311 6493
6257 3 6077 6311 6257 3 6077 6257 6051 3
5829 6077 6051 3 5829 6051 5801 3 5879 6115
6077 3 5879 6077 5829 3 5915 6145 6115 3
5915 6115 5879 3 5227 5457 5422 3 5227 5422
5189 3 5457 5686 5652 3 5457 5652 5422 3
5189 5422 5374 3 5189 5374 5149 3 5422 5652
5620 3 5422 5620 5374 3 5087 5260 5227 3
5087 5227 5065 3 5260 5483 5457 3 5260 5457
5227 3 5483 5720 5686 3 5483 5686 5457 3
5720 5941 5915 3 5720 5915 5686 3 5686 5915
5879 3 5686 5879 5652 3 5652 5879 5829 3
5652 5829 5620 3 5620 5829 5801 3 5620 5801
5590 3 5374 5620 5590 3 5374 5590 5350 3
5149 5374 5350 3 5149 5350 5105 3 4951 5149
5105 3 4951 5105 4866 3 5029 5189 5149 3
5029 5149 4951 3 5065 5227 5189 3 5065 5189
5029 3 5089 5348 5444 3 5089 5444 5193 3
5348 5608 5694 3 5348 5694 5444 3 5193 5444
5485 3 5193 5485 5256 3 5444 5694 5732 3
5444 5732 5485 3 4650 4864 5089 3 4650 5089
4872 3 4864 5147 5348 3 4864 5348 5089 3
5147 5451 5608 3 5147 5608 5348 3 5451 5745
5855 3 5451 5855 5608 3 5608 5855 5939 3
5608 5939 5694 3 5694 5939 5957 3 5694 5957
5732 3 5732 5957 5941 3 5732 5941 5720 3
5485 5732 5720 3 5485 5720 5483 3 5256 5485
5483 3 5256 5483 5260 3 5069 5256 5260 3
5069 5260 5087 3 5003 5193 5256 3 5003 5256
5069 3 4872 5089 5193 3 4872 5193 5003 3
3866 4088 4420 3 3866 4420 4184 3 4088 4390
4808 3 4088 4808 4420 3 4184 4420 4836 3
4184 4836 4524 3 4420 4808 5175 3 4420 5175
4836 3 3403 3564 3866 3 3403 3866 3698 3
3564 3786 4088 3 3564 4088 3866 3 3786 4056
4390 3 3786 4390 4088 3 4056 4368 4776 3
4056 4776 4390 3 4390 4776 5167 3 4390 5167
4808 3 4808 5167 5504 3 4808 5504 5175 3
5175 5504 5745 3 5175 5745 5451 3 4836 5175
5451 3 4836 5451 5147 3 4524 4836 5147 3
4524 5147 4864 3 4328 4524 4864 3 4328 4864
4650 3 3998 4184 4524 3 3998 4524 4328 3
3698 3866 4184 3 3698 4184 3998 3 2867 3113
3301 3 2867 3301 3065 3 3113 3375 3554 3
3113 3554 3301 3 3065 3301 3538 3 3065 3538
3303 3 3301 3554 3780 3 3301 3780 3538 3
2479 2719 2867 3 2479 2867 2675 3 2719 2957
3113 3 2719 3113 2867 3 2957 3239 3375 3
2957 3375 3113 3 3239 3536 3658 3 3239 3658
3375 3 3375 3658 3832 3 3375 3832 3554 3
3554 3832 4072 3 3554 4072 3780 3 3780 4072
4368 3 3780 4368 4056 3 3538 3780 4056 3
3538 4056 3786 3 3303 3538 3786 3 3303 3786
3564 3 3123 3303 3564 3 3123 3564 3403 3
2875 3065 3303 3 2875 3303 3123 3 2675 2867
3065 3 2675 3065 2875 3 3357 3610 3353 3
3357 3353 3107 3 3610 3892 3646 3 3610 3646
3353 3 3107 3353 3135 3 3107 3135 2887 3
3353 3646 3429 3 3353 3429 3135 3 3433 3630
3357 3 3433 3357 3167 3 3630 3878 3610 3
3630 3610 3357 3 3878 4178 3892 3 3878 3892
3610 3 4178 4584 4220 3 4178 4220 3892 3
3892 4220 3950 3 3892 3950 3646 3 3646 3950
3726 3 3646 3726 3429 3 3429 3726 3558 3
3429 3558 3265 3 3135 3429 3265 3 3135 3265
2963 3 2887 3135 2963 3 2887 2963 2713 3
2671 2887 2713 3 2671 2713 2465 3 2901 3107
2887 3 2901 2887 2671 3 3167 3357 3107 3
3167 3107 2901 3 2583 2873 2843 3 2583 2843
2549 3 2873 3169 3131 3 2873 3131 2843 3
2549 2843 2877 3 2549 2877 2597 3 2843 3131
3163 3 2843 3163 2877 3 2465 2713 2583 3
2465 2583 2379 3 2713 2963 2873 3 2713 2873
2583 3 2963 3265 3169 3 2963 3169 2873 3
3265 3558 3463 3 3265 3463 3169 3 3169 3463
3431 3 3169 3431 3131 3 3131 3431 3455 3
3131 3455 3163 3 3163 3455 3536 3 3163 3536
3239 3 2877 3163 3239 3 2877 3239 2957 3
2597 2877 2957 3 2597 2957 2719 3 2385 2597
2719 3 2385 2719 2479 3 2357 2549 2597 3
2357 2597 2385 3 2379 2583 2549 3 2379 2549
2357 3 4436 4834 4470 3 4436 4470 4158 3
4834 5258 4894 3 4834 4894 4470 3 4158 4470
4152 3 4158 4152 3890 3 4470 4894 4518 3
4470 4518 4152 3 4460 4770 4436 3 4460 4436
4208 3 4770 5133 4834 3 4770 4834 4436 3
5133 5518 5258 3 5133 5258 4834 3 5518 5853
5630 3 5518 5630 5258 3 5258 5630 5346 3
5258 5346 4894 3 4894 5346 4955 3 4894 4955
4518 3 4518 4955 4584 3 4518 4584 4178 3
4152 4518 4178 3 4152 4178 3878 3 3890 4152
3878 3 3890 3878 3630 3 3696 3890 3630 3
3696 3630 3433 3 3956 4158 3890 3 3956 3890
3696 3 4208 4436 4158 3 4208 4158 3956 3
5384 5704 5566 3 5384 5566 5223 3 5704 6037
5893 3 5704 5893 5566 3 5223 5566 5382 3
5223 5382 5019 3 5566 5893 5749 3 5566 5749
5382 3 5235 5506 5384 3 5235 5384 5113 3
5506 5793 5704 3 5506 5704 5384 3 5793 6125
6037 3 5793 6037 5704 3 6125 6503 6399 3
6125 6399 6037 3 6037 6399 6237 3 6037 6237
5893 3 5893 6237 6072 3 5893 6072 5749 3
5749 6072 5853 3 5749 5853 5518 3 5382 5749
5518 3 5382 5518 5133 3 5019 5382 5133 3
5019 5133 4770 3 4730 5019 4770 3 4730 4770
4460 3 4920 5223 5019 3 4920 5019 4730 3
5113 5384 5223 3 5113 5223 4920 3 5582 5639
5921 3 5582 5921 5864 3 5639 5663 5950 3
5639 5950 5921 3 5864 5921 6254 3 5864 6254
6191 3 5921 5950 6297 3 5921 6297 6254 3
5235 5333 5582 3 5235 5582 5506 3 5333 5394
5639 3 5333 5639 5582 3 5394 5433 5663 3
5394 5663 5639 3 5433 5447 5678 3 5433 5678
5663 3 5663 5678 5970 3 5663 5970 5950 3
5950 5970 6316 3 5950 6316 6297 3 6297 6316
6716 3 6297 6716 6699 3 6254 6297 6699 3
6254 6699 6665 3 6191 6254 6665 3 6191 6665
6595 3 6125 6191 6595 3 6125 6595 6503 3
5793 5864 6191 3 5793 6191 6125 3 5506 5582
5864 3 5506 5864 5793 3 9835 9679 9374 3
9835 9374 9549 3 9679 9537 9271 3 9679 9271
9374 3 9549 9374 9149 3 9549 9149 9289 3
9374 9271 9033 3 9374 9033 9149 3 10239 10109
9835 3 10239 9835 10008 3 10109 9970 9679 3
10109 9679 9835 3 9970 9829 9537 3 9970 9537
9679 3 9829 9739 9424 3 9829 9424 9537 3
9537 9424 9187 3 9537 9187 9271 3 9271 9187
8970 3 9271 8970 9033 3 9033 8970 8779 3
9033 8779 8849 3 9149 9033 8849 3 9149 8849
8956 3 9289 9149 8956 3 9289 8956 9087 3
9422 9289 9087 3 9422 9087 9255 3 9705 9549
9289 3 9705 9289 9422 3 10008 9835 9549 3
10008 9549 9705 3 8948 8827 8695 3 8948 8695
8833 3 8827 8709 8612 3 8827 8612 8695 3
8833 8695 8596 3 8833 8596 8711 3 8695 8612
8491 3 8695 8491 8596 3 9255 9087 8948 3
9255 8948 9089 3 9087 8956 8827 3 9087 8827
8948 3 8956 8849 8709 3 8956 8709 8827 3
8849 8779 8649 3 8849 8649 8709 3 8709 8649
8540 3 8709 8540 8612 3 8612 8540 8435 3
8612 8435 8491 3 8491 8435 8323 3 8491 8323
8363 3 8596 8491 8363 3 8596 8363 8441 3
8711 8596 8441 3 8711 8441 8564 3 8863 8711
8564 3 8863 8564 8691 3 8980 8833 8711 3
8980 8711 8863 3 9089 8948 8833 3 9089 8833
8980 3 6499 6443 6334 3 6499 6334 6397 3
6443 6417 6307 3 6443 6307 6334 3 6397 6334
6223 3 6397 6223 6285 3 6334 6307 6185 3
6334 6185 6223 3 6738 6641 6499 3 6738 6499
6577 3 6641 6575 6443 3 6641 6443 6499 3
6575 6525 6417 3 6575 6417 6443 3 6525 6523
6413 3 6525 6413 6417 3 6417 6413 6303 3
6417 6303 6307 3 6307 6303 6183 3 6307 6183
6185 3 6185 6183 6087 3 6185 6087 6085 3
6223 6185 6085 3 6223 6085 6109 3 6285 6223
6109 3 6285 6109 6153 3 6362 6285 6153 3
6362 6153 6229 3 6479 6397 6285 3 6479 6285
6362 3 6577 6499 6397 3 6577 6397 6479 3
5129 5039 4800 3 5129 4800 4878 3 5039 4991
4728 3 5039 4728 4800 3 4878 4800 4552 3
4878 4552 4662 3 4800 4728 4472 3 4800 4472
4552 3 5465 5370 5129 3 5465 5129 5215 3
5370 5313 5039 3 5370 5039 5129 3 5313 5278
4991 3 5313 4991 5039 3 5278 5274 4977 3
5278 4977 4991 3 4991 4977 4706 3 4991 4706
4728 3 4728 4706 4429 3 4728 4429 4472 3
4472 4429 4264 3 4472 4264 4292 3 4552 4472
4292 3 4552 4292 4360 3 4662 4552 4360 3
4662 4360 4440 3 4774 4662 4440 3 4774 4440
4566 3 4984 4878 4662 3 4984 4662 4774 3
5215 5129 4878 3 5215 4878 4984 3 6024 5949
5777 3 6024 5777 5805 3 5949 5927 5753 3
5949 5753 5777 3 5805 5777 5560 3 5805 5560
5604 3 5777 5753 5514 3 5777 5514 5560 3
6229 6153 6024 3 6229 6024 6075 3 6153 6109
5949 3 6153 5949 6024 3 6109 6085 5927 3
6109 5927 5949 3 6085 6087 5931 3 6085 5931
5927 3 5927 5931 5755 3 5927 5755 5753 3
5753 5755 5516 3 5753 5516 5514 3 5514 5516
5274 3 5514 5274 5278 3 5560 5514 5278 3
5560 5278 5313 3 5604 5560 5313 3 5604 5313
5370 3 5682 5604 5370 3 5682 5370 5465 3
5883 5805 5604 3 5883 5604 5682 3 6075 6024
5805 3 6075 5805 5883 3 4302 4218 4090 3
4302 4090 4172 3 4218 4144 4040 3 4218 4040
4090 3 4172 4090 3974 3 4172 3974 4054 3
4090 4040 3932 3 4090 3932 3974 3 4566 4440
4302 3 4566 4302 4396 3 4440 4360 4218 3
4440 4218 4302 3 4360 4292 4144 3 4360 4144
4218 3 4292 4264 4114 3 4292 4114 4144 3
4144 4114 4016 3 4144 4016 4040 3 4040 4016
3916 3 4040 3916 3932 3 3932 3916 3776 3
3932 3776 3796 3 3974 3932 3796 3 3974 3796
3856 3 4054 3974 3856 3 4054 3856 3926 3
4122 4054 3926 3 4122 3926 3992 3 4260 4172
4054 3 4260 4054 4122 3 4396 4302 4172 3
4396 4172 4260 3 3766 3700 3526 3 3766 3526
3602 3 3700 3650 3473 3 3700 3473 3526 3
3602 3526 3327 3 3602 3327 3411 3 3526 3473
3263 3 3526 3263 3327 3 3992 3926 3766 3
3992 3766 3852 3 3926 3856 3700 3 3926 3700
3766 3 3856 3796 3650 3 3856 3650 3700 3
3796 3776 3628 3 3796 3628 3650 3 3650 3628
3439 3 3650 3439 3473 3 3473 3439 3221 3
3473 3221 3263 3 3263 3221 2987 3 3263 2987
3029 3 3327 3263 3029 3 3327 3029 3111 3
3411 3327 3111 3 3411 3111 3197 3 3499 3411
3197 3 3499 3197 3279 3 3682 3602 3411 3
3682 3411 3499 3 3852 3766 3602 3 3852 3602
3682 3 2631 2343 2399 3 2631 2399 2711 3
2343 2197 2233 3 2343 2233 2399 3 2711 2399
2363 3 2711 2363 2661 3 2399 2233 2209 3
2399 2209 2363 3 2759 2413 2631 3 2759 2631
2927 3 2413 2213 2343 3 2413 2343 2631 3
2213 2113 2197 3 2213 2197 2343 3 2113 2029
2121 3 2113 2121 2197 3 2197 2121 2169 3
2197 2169 2233 3 2233 2169 2141 3 2233 2141
2209 3 2209 2141 2039 3 2209 2039 2139 3
2363 2209 2139 3 2363 2139 2245 3 2661 2363
2245 3 2661 2245 2459 3 2949 2661 2459 3
2949 2459 2807 3 2995 2711 2661 3 2995 2661
2949 3 2927 2631 2711 3 2927 2711 2995 3
11969 11925 11937 3 11969 11937 11983 3 11925 11891
11903 3 11925 11903 11937 3 11983 11937 11917 3
11983 11917 11967 3 11937 11903 11889 3 11937 11889
11917 3 11975 11923 11969 3 11975 11969 12011 3
11923 11887 11925 3 11923 11925 11969 3 11887 11840
11891 3 11887 11891 11925 3 11840 11798 11854 3
11840 11854 11891 3 11891 11854 11871 3 11891 11871
11903 3 11903 11871 11846 3 11903 11846 11889 3
11889 11846 11785 3 11889 11785 11825 3 11917 11889
11825 3 11917 11825 11877 3 11967 11917 11877 3
11967 11877 11911 3 12005 11967 11911 3 12005 11911
11965 3 12033 11983 11967 3 12033 11967 12005 3
12011 11969 11983 3 12011 11983 12033 3 5718 5496
5438 3 5718 5438 5656 3 5496 5305 5225 3
5496 5225 5438 3 5656 5438 5492 3 5656 5492
5710 3 5438 5225 5297 3 5438 5297 5492 3
6089 5835 5718 3 6089 5718 5945 3 5835 5646
5496 3 5835 5496 5718 3 5646 5481 5305 3
5646 5305 5496 3 5481 5338 5143 3 5481 5143
5305 3 5305 5143 5083 3 5305 5083 5225 3
5225 5083 5137 3 5225 5137 5297 3 5297 5137
5326 3 5297 5326 5467 3 5492 5297 5467 3
5492 5467 5632 3 5710 5492 5632 3 5710 5632
5817 3 5937 5710 5817 3 5937 5817 6063 3
5903 5656 5710 3 5903 5710 5937 3 5945 5718
5656 3 5945 5656 5903 3 1279 1307 1301 3
1279 1301 1273 3 1307 1351 1343 3 1307 1343
1301 3 1273 1301 1319 3 1273 1319 1285 3
1301 1343 1359 3 1301 1359 1319 3 1275 1295
1279 3 1275 1279 1259 3 1295 1325 1307 3
1295 1307 1279 3 1325 1367 1351 3 1325 1351
1307 3 1367 1423 1397 3 1367 1397 1351 3
1351 1397 1395 3 1351 1395 1343 3 1343 1395
1407 3 1343 1407 1359 3 1359 1407 1433 3
1359 1433 1389 3 1319 1359 1389 3 1319 1389
1341 3 1285 1319 1341 3 1285 1341 1309 3
1267 1285 1309 3 1267 1309 1291 3 1257 1273
1285 3 1257 1285 1267 3 1259 1279 1273 3
1259 1273 1257 3 8793 8984 8891 3 8793 8891
8715 3 8984 9221 9123 3 8984 9123 8891 3
8715 8891 8959 3 8715 8959 8769 3 8891 9123
9185 3 8891 9185 8959 3 8879 9019 8793 3
8879 8793 8655 3 9019 9195 8984 3 9019 8984
8793 3 9195 9406 9221 3 9195 9221 8984 3
9406 9719 9489 3 9406 9489 9221 3 9221 9489
9396 3 9221 9396 9123 3 9123 9396 9461 3
9123 9461 9185 3 9185 9461 9677 3 9185 9677
9364 3 8959 9185 9364 3 8959 9364 9151 3
8769 8959 9151 3 8769 9151 8974 3 8641 8769
8974 3 8641 8974 8837 3 8588 8715 8769 3
8588 8769 8641 3 8655 8793 8715 3 8655 8715
8588 3 4905 5153 5201 3 4905 5201 4987 3
5153 5414 5473 3 5153 5473 5201 3 4987 5201
5169 3 4987 5169 4930 3 5201 5473 5432 3
5201 5432 5169 3 4592 4758 4905 3 4592 4905
4766 3 4758 4981 5153 3 4758 5153 4905 3
4981 5284 5414 3 4981 5414 5153 3 5284 5576
5692 3 5284 5692 5414 3 5414 5692 5743 3
5414 5743 5473 3 5473 5743 5696 3 5473 5696
5432 3 5432 5696 5586 3 5432 5586 5309 3
5169 5432 5309 3 5169 5309 5021 3 4930 5169
5021 3 4930 5021 4806 3 4796 4930 4806 3
4796 4806 4638 3 4832 4987 4930 3 4832 4930
4796 3 4766 4905 4987 3 4766 4987 4832 3
2959 2709 2693 3 2959 2693 2937 3 2709 2463
2447 3 2709 2447 2693 3 2937 2693 2745 3
2937 2745 2989 3 2693 2447 2495 3 2693 2495
2745 3 3355 3071 2959 3 3355 2959 3267 3
3071 2823 2709 3 3071 2709 2959 3 2823 2563
2463 3 2823 2463 2709 3 2563 2405 2327 3
2563 2327 2463 3 2463 2327 2317 3 2463 2317
2447 3 2447 2317 2365 3 2447 2365 2495 3
2495 2365 2479 3 2495 2479 2675 3 2745 2495
2675 3 2745 2675 2875 3 2989 2745 2875 3
2989 2875 3123 3 3285 2989 3123 3 3285 3123
3403 3 3237 2937 2989 3 3237 2989 3285 3
3267 2959 2937 3 3267 2937 3237 3 7434 7404
7328 3 7434 7328 7360 3 7404 7316 7257 3
7404 7257 7328 3 7360 7328 7336 3 7360 7336
7364 3 7328 7257 7269 3 7328 7269 7336 3
7555 7557 7434 3 7555 7434 7418 3 7557 7519
7404 3 7557 7404 7434 3 7519 7448 7316 3
7519 7316 7404 3 7448 7284 7151 3 7448 7151
7316 3 7316 7151 7087 3 7316 7087 7257 3
7257 7087 7107 3 7257 7107 7269 3 7269 7107
7210 3 7269 7210 7354 3 7336 7269 7354 3
7336 7354 7426 3 7364 7336 7426 3 7364 7426
7450 3 7350 7364 7450 3 7350 7450 7438 3
7348 7360 7364 3 7348 7364 7350 3 7418 7434
7360 3 7418 7360 7348 3 2067 2055 2107 3
2067 2107 2119 3 2055 2094 2131 3 2055 2131
2107 3 2119 2107 2077 3 2119 2077 2092 3
2107 2131 2111 3 2107 2111 2077 3 2029 1989
2067 3 2029 2067 2121 3 1989 1983 2055 3
1989 2055 2067 3 1983 2005 2094 3 1983 2094
2055 3 2005 2041 2147 3 2005 2147 2094 3
2094 2147 2175 3 2094 2175 2131 3 2131 2175
2167 3 2131 2167 2111 3 2111 2167 2073 3
2111 2073 2031 3 2077 2111 2031 3 2077 2031
2011 3 2092 2077 2011 3 2092 2011 2017 3
2141 2092 2017 3 2141 2017 2039 3 2169 2119
2092 3 2169 2092 2141 3 2121 2067 2119 3
2121 2119 2169 3 11813 11783 11799 3 11813 11799
11829 3 11783 11761 11773 3 11783 11773 11799 3
11829 11799 11775 3 11829 11775 11803 3 11799 11773
11753 3 11799 11753 11775 3 11798 11765 11813 3
11798 11813 11854 3 11765 11666 11783 3 11765 11783
11813 3 11666 11602 11761 3 11666 11761 11783 3
11602 11558 11722 3 11602 11722 11761 3 11761 11722
11759 3 11761 11759 11773 3 11773 11759 11696 3
11773 11696 11753 3 11753 11696 11517 3 11753 11517
11567 3 11775 11753 11567 3 11775 11567 11636 3
11803 11775 11636 3 11803 11636 11749 3 11846 11803
11749 3 11846 11749 11785 3 11871 11829 11803 3
11871 11803 11846 3 11854 11813 11829 3 11854 11829
11871 3 1283 1263 1261 3 1283 1261 1277 3
1263 1255 1253 3 1263 1253 1261 3 1277 1261
1269 3 1277 1269 1289 3 1261 1253 1265 3
1261 1265 1269 3 1321 1297 1283 3 1321 1283
1305 3 1297 1281 1263 3 1297 1263 1283 3
1281 1271 1255 3 1281 1255 1263 3 1271 1275
1259 3 1271 1259 1255 3 1255 1259 1257 3
1255 1257 1253 3 1253 1257 1267 3 1253 1267
1265 3 1265 1267 1291 3 1265 1291 1287 3
1269 1265 1287 3 1269 1287 1293 3 1289 1269
1293 3 1289 1293 1313 3 1317 1289 1313 3
1317 1313 1337 3 1299 1277 1289 3 1299 1289
1317 3 1305 1283 1277 3 1305 1277 1299 3
8572 8550 8473 3 8572 8473 8495 3 8550 8592
8507 3 8550 8507 8473 3 8495 8473 8534 3
8495 8534 8543 3 8473 8507 8562 3 8473 8562
8534 3 8829 8771 8572 3 8829 8572 8627 3
8771 8765 8550 3 8771 8550 8572 3 8765 8797
8592 3 8765 8592 8550 3 8797 8879 8655 3
8797 8655 8592 3 8592 8655 8588 3 8592 8588
8507 3 8507 8588 8641 3 8507 8641 8562 3
8562 8641 8837 3 8562 8837 8747 3 8534 8562
8747 3 8534 8747 8721 3 8543 8534 8721 3
8543 8721 8729 3 8607 8543 8729 3 8607 8729
8775 3 8544 8495 8543 3 8544 8543 8607 3
8627 8572 8495 3 8627 8495 8544 3 5055 4971
4890 3 5055 4890 4965 3 4971 4824 4752 3
4971 4752 4890 3 4965 4890 4896 3 4965 4896
4967 3 4890 4752 4772 3 4890 4772 4896 3
5248 5209 5055 3 5248 5055 5095 3 5209 5131
4971 3 5209 4971 5055 3 5131 4957 4824 3
5131 4824 4971 3 4957 4712 4558 3 4957 4558
4824 3 4824 4558 4482 3 4824 4482 4752 3
4752 4482 4512 3 4752 4512 4772 3 4772 4512
4650 3 4772 4650 4872 3 4896 4772 4872 3
4896 4872 5003 3 4967 4896 5003 3 4967 5003
5069 3 4993 4967 5069 3 4993 5069 5087 3
4997 4965 4967 3 4997 4967 4993 3 5095 5055
4965 3 5095 4965 4997 3 9643 9717 9733 3
9643 9733 9655 3 9717 9755 9773 3 9717 9773
9733 3 9655 9733 9659 3 9655 9659 9578 3
9733 9773 9687 3 9733 9687 9659 3 9370 9521
9643 3 9370 9643 9491 3 9521 9606 9717 3
9521 9717 9643 3 9606 9651 9755 3 9606 9755
9717 3 9651 9649 9749 3 9651 9749 9755 3
9755 9749 9753 3 9755 9753 9773 3 9773 9753
9673 3 9773 9673 9687 3 9687 9673 9493 3
9687 9493 9511 3 9659 9687 9511 3 9659 9511
9487 3 9578 9659 9487 3 9578 9487 9412 3
9442 9578 9412 3 9442 9412 9305 3 9523 9655
9578 3 9523 9578 9442 3 9491 9643 9655 3
9491 9655 9523 3 8723 8621 8560 3 8723 8560
8657 3 8621 8518 8451 3 8621 8451 8560 3
8657 8560 8536 3 8657 8536 8637 3 8560 8451
8429 3 8560 8429 8536 3 8936 8811 8723 3
8936 8723 8857 3 8811 8689 8621 3 8811 8621
8723 3 8689 8605 8518 3 8689 8518 8621 3
8605 8449 8393 3 8605 8393 8518 3 8518 8393
8339 3 8518 8339 8451 3 8451 8339 8309 3
8451 8309 8429 3 8429 8309 8323 3 8429 8323
8435 3 8536 8429 8435 3 8536 8435 8540 3
8637 8536 8540 3 8637 8540 8649 3 8767 8637
8649 3 8767 8649 8779 3 8789 8657 8637 3
8789 8637 8767 3 8857 8723 8657 3 8857 8657
8789 3 2203 2333 2381 3 2203 2381 2241 3
2333 2569 2659 3 2333 2659 2381 3 2241 2381
2349 3 2241 2349 2219 3 2381 2659 2605 3
2381 2605 2349 3 2041 2135 2203 3 2041 2203
2147 3 2135 2225 2333 3 2135 2333 2203 3
2225 2409 2569 3 2225 2569 2333 3 2409 2769
2903 3 2409 2903 2569 3 2569 2903 2951 3
2569 2951 2659 3 2659 2951 2913 3 2659 2913
2605 3 2605 2913 2811 3 2605 2811 2457 3
2349 2605 2457 3 2349 2457 2257 3 2219 2349
2257 3 2219 2257 2171 3 2167 2219 2171 3
2167 2171 2073 3 2175 2241 2219 3 2175 2219
2167 3 2147 2203 2241 3 2147 2241 2175 3
11674 11653 11655 3 11674 11655 11680 3 11653 11634
11630 3 11653 11630 11655 3 11680 11655 11592 3
11680 11592 11614 3 11655 11630 11571 3 11655 11571
11592 3 11620 11604 11674 3 11620 11674 11706 3
11604 11589 11653 3 11604 11653 11674 3 11589 11565
11634 3 11589 11634 11653 3 11565 11542 11612 3
11565 11612 11634 3 11634 11612 11610 3 11634 11610
11630 3 11630 11610 11544 3 11630 11544 11571 3
11571 11544 11421 3 11571 11421 11445 3 11592 11571
11445 3 11592 11445 11464 3 11614 11592 11464 3
11614 11464 11484 3 11632 11614 11484 3 11632 11484
11502 3 11710 11680 11614 3 11710 11614 11632 3
11706 11674 11680 3 11706 11680 11710 3 11694 11688
11737 3 11694 11737 11743 3 11688 11700 11745 3
11688 11745 11737 3 11743 11737 11657 3 11743 11657
11662 3 11737 11745 11664 3 11737 11664 11657 3
11558 11535 11694 3 11558 11694 11722 3 11535 11540
11688 3 11535 11688 11694 3 11540 11560 11700 3
11540 11700 11688 3 11560 11569 11704 3 11560 11704
11700 3 11700 11704 11747 3 11700 11747 11745 3
11745 11747 11672 3 11745 11672 11664 3 11664 11672
11523 3 11664 11523 11507 3 11657 11664 11507 3
11657 11507 11498 3 11662 11657 11498 3 11662 11498
11496 3 11696 11662 11496 3 11696 11496 11517 3
11759 11743 11662 3 11759 11662 11696 3 11722 11694
11743 3 11722 11743 11759 3 7031 7123 7135 3
7031 7135 7054 3 7123 7145 7149 3 7123 7149
7135 3 7054 7135 7069 3 7054 7069 6969 3
7135 7149 7079 3 7135 7079 7069 3 6726 6914
7031 3 6726 7031 6833 3 6914 7029 7123 3
6914 7123 7031 3 7029 7067 7145 3 7029 7145
7123 3 7067 7047 7129 3 7067 7129 7145 3
7145 7129 7127 3 7145 7127 7149 3 7149 7127
7055 3 7149 7055 7079 3 7079 7055 6885 3
7079 6885 6919 3 7069 7079 6919 3 7069 6919
6903 3 6969 7069 6903 3 6969 6903 6815 3
6789 6969 6815 3 6789 6815 6651 3 6857 7054
6969 3 6857 6969 6789 3 6833 7031 7054 3
6833 7054 6857 3 6501 6419 6366 3 6501 6366
6475 3 6419 6313 6253 3 6419 6253 6366 3
6475 6366 6332 3 6475 6332 6429 3 6366 6253
6211 3 6366 6211 6332 3 6695 6553 6501 3
6695 6501 6643 3 6553 6457 6419 3 6553 6419
6501 3 6457 6352 6313 3 6457 6313 6419 3
6352 6209 6175 3 6352 6175 6313 3 6313 6175
6133 3 6313 6133 6253 3 6253 6133 6105 3
6253 6105 6211 3 6211 6105 6087 3 6211 6087
6183 3 6332 6211 6183 3 6332 6183 6303 3
6429 6332 6303 3 6429 6303 6413 3 6551 6429
6413 3 6551 6413 6523 3 6591 6475 6429 3
6591 6429 6551 3 6643 6501 6475 3 6643 6475
6591 3 1445 1383 1377 3 1445 1377 1437 3
1383 1339 1335 3 1383 1335 1377 3 1437 1377
1393 3 1437 1393 1459 3 1377 1335 1345 3
1377 1345 1393 3 1565 1469 1445 3 1565 1445
1535 3 1469 1401 1383 3 1469 1383 1445 3
1401 1357 1339 3 1401 1339 1383 3 1357 1321
1305 3 1357 1305 1339 3 1339 1305 1299 3
1339 1299 1335 3 1335 1299 1317 3 1335 1317
1345 3 1345 1317 1337 3 1345 1337 1369 3
1393 1345 1369 3 1393 1369 1415 3 1459 1393
1415 3 1459 1415 1485 3 1547 1459 1485 3
1547 1485 1581 3 1523 1437 1459 3 1523 1459
1547 3 1535 1445 1437 3 1535 1437 1523 3
8940 8819 8737 3 8940 8737 8873 3 8819 8697
8635 3 8819 8635 8737 3 8873 8737 8783 3
8873 8783 8904 3 8737 8635 8669 3 8737 8669
8783 3 9275 9115 8940 3 9275 8940 9097 3
9115 9005 8819 3 9115 8819 8940 3 9005 8889
8697 3 9005 8697 8819 3 8889 8829 8627 3
8889 8627 8697 3 8697 8627 8544 3 8697 8544
8635 3 8635 8544 8607 3 8635 8607 8669 3
8669 8607 8775 3 8669 8775 8853 3 8783 8669
8853 3 8783 8853 8952 3 8904 8783 8952 3
8904 8952 9071 3 9065 8904 9071 3 9065 9071
9223 3 9029 8873 8904 3 9029 8904 9065 3
9097 8940 8873 3 9097 8873 9029 3 9707 9665
9663 3 9707 9663 9713 3 9665 9631 9621 3
9665 9621 9663 3 9713 9663 9572 3 9713 9572
9635 3 9663 9621 9533 3 9663 9533 9572 3
9649 9614 9707 3 9649 9707 9749 3 9614 9566
9665 3 9614 9665 9707 3 9566 9531 9631 3
9566 9631 9665 3 9531 9541 9616 3 9531 9616
9631 3 9631 9616 9598 3 9631 9598 9621 3
9621 9598 9515 3 9621 9515 9533 3 9533 9515
9341 3 9533 9341 9349 3 9572 9533 9349 3
9572 9349 9388 3 9635 9572 9388 3 9635 9388
9448 3 9673 9635 9448 3 9673 9448 9493 3
9753 9713 9635 3 9753 9635 9673 3 9749 9707
9713 3 9749 9713 9753 3 9918 9980 9893 3
9918 9893 9851 3 9980 10017 9920 3 9980 9920
9893 3 9851 9893 9887 3 9851 9887 9839 3
9893 9920 9916 3 9893 9916 9887 3 10002 10077
9918 3 10002 9918 9863 3 10077 10101 9980 3
10077 9980 9918 3 10101 10125 10017 3 10101 10017
9980 3 10125 10139 10029 3 10125 10029 10017 3
10017 10029 9946 3 10017 9946 9920 3 9920 9946
9945 3 9920 9945 9916 3 9916 9945 10051 3
9916 10051 10019 3 9887 9916 10019 3 9887 10019
9974 3 9839 9887 9974 3 9839 9974 9907 3
9779 9839 9907 3 9779 9907 9827 3 9805 9851
9839 3 9805 9839 9779 3 9863 9918 9851 3
9863 9851 9805 3 9495 9259 9183 3 9495 9183
9418 3 9259 9027 8972 3 9259 8972 9183 3
9418 9183 9161 3 9418 9161 9398 3 9183 8972
8942 3 9183 8942 9161 3 9889 9602 9495 3
9889 9495 9793 3 9602 9325 9259 3 9602 9259
9495 3 9325 9113 9027 3 9325 9027 9259 3
9113 8936 8857 3 9113 8857 9027 3 9027 8857
8789 3 9027 8789 8972 3 8972 8789 8767 3
8972 8767 8942 3 8942 8767 8779 3 8942 8779
8970 3 9161 8942 8970 3 9161 8970 9187 3
9398 9161 9187 3 9398 9187 9424 3 9697 9398
9424 3 9697 9424 9739 3 9725 9418 9398 3
9725 9398 9697 3 9793 9495 9418 3 9793 9418
9725 3 5007 5057 4953 3 5007 4953 4900 3
5057 5093 4995 3 5057 4995 4953 3 4900 4953
4941 3 4900 4941 4888 3 4953 4995 4985 3
4953 4985 4941 3 5097 5171 5007 3 5097 5007
4918 3 5171 5211 5057 3 5171 5057 5007 3
5211 5243 5093 3 5211 5093 5057 3 5243 5248
5095 3 5243 5095 5093 3 5093 5095 4997 3
5093 4997 4995 3 4995 4997 4993 3 4995 4993
4985 3 4985 4993 5087 3 4985 5087 5065 3
4941 4985 5065 3 4941 5065 5029 3 4888 4941
5029 3 4888 5029 4951 3 4828 4888 4951 3
4828 4951 4866 3 4852 4900 4888 3 4852 4888
4828 3 4918 5007 4900 3 4918 4900 4852 3
6867 6527 6485 3 6867 6485 6791 3 6527 6219
6167 3 6527 6167 6485 3 6791 6485 6507 3
6791 6507 6811 3 6485 6167 6195 3 6485 6195
6507 3 7284 7037 6867 3 7284 6867 7151 3
7037 6691 6527 3 7037 6527 6867 3 6691 6369
6219 3 6691 6219 6527 3 6369 6089 5945 3
6369 5945 6219 3 6219 5945 5903 3 6219 5903
6167 3 6167 5903 5937 3 6167 5937 6195 3
6195 5937 6063 3 6195 6063 6336 3 6507 6195
6336 3 6507 6336 6631 3 6811 6507 6631 3
6811 6631 6947 3 7107 6811 6947 3 7107 6947
7210 3 7087 6791 6811 3 7087 6811 7107 3
7151 6867 6791 3 7151 6791 7087 3 8072 8110
8026 3 8072 8026 8003 3 8110 8129 8037 3
8110 8037 8026 3 8003 8026 8073 3 8003 8073
8040 3 8026 8037 8090 3 8026 8090 8073 3
8211 8260 8072 3 8211 8072 8020 3 8260 8287
8110 3 8260 8110 8072 3 8287 8301 8129 3
8287 8129 8110 3 8301 8305 8132 3 8301 8132
8129 3 8129 8132 8043 3 8129 8043 8037 3
8037 8043 8097 3 8037 8097 8090 3 8090 8097
8257 3 8090 8257 8253 3 8073 8090 8253 3
8073 8253 8246 3 8040 8073 8246 3 8040 8246
8215 3 7997 8040 8215 3 7997 8215 8172 3
7956 8003 8040 3 7956 8040 7997 3 8020 8072
8003 3 8020 8003 7956 3 2703 2587 2513 3
2703 2513 2633 3 2587 2397 2351 3 2587 2351
2513 3 2633 2513 2521 3 2633 2521 2627 3
2513 2351 2373 3 2513 2373 2521 3 2871 2833
2703 3 2871 2703 2737 3 2833 2735 2587 3
2833 2587 2703 3 2735 2515 2397 3 2735 2397
2587 3 2515 2273 2199 3 2515 2199 2397 3
2397 2199 2181 3 2397 2181 2351 3 2351 2181
2187 3 2351 2187 2373 3 2373 2187 2243 3
2373 2243 2445 3 2521 2373 2445 3 2521 2445
2621 3 2627 2521 2621 3 2627 2621 2707 3
2667 2627 2707 3 2667 2707 2723 3 2677 2633
2627 3 2677 2627 2667 3 2737 2703 2633 3
2737 2633 2677 3 10039 10010 9922 3 10039 9922
9954 3 10010 9934 9867 3 10010 9867 9922 3
9954 9922 9932 3 9954 9932 9958 3 9922 9867
9881 3 9922 9881 9932 3 10139 10141 10039 3
10139 10039 10029 3 10141 10117 10010 3 10141 10010
10039 3 10117 10081 9934 3 10117 9934 10010 3
10081 9976 9825 3 10081 9825 9934 3 9934 9825
9757 3 9934 9757 9867 3 9867 9757 9777 3
9867 9777 9881 3 9881 9777 9879 3 9881 9879
9978 3 9932 9881 9978 3 9932 9978 10031 3
9958 9932 10031 3 9958 10031 10055 3 9945 9958
10055 3 9945 10055 10051 3 9946 9954 9958 3
9946 9958 9945 3 10029 10039 9954 3 10029 9954
9946 3 7083 7033 7019 3 7083 7019 7077 3
7033 6977 6959 3 7033 6959 7019 3 7077 7019
6927 3 7077 6927 6981 3 7019 6959 6877 3
7019 6877 6927 3 7047 6999 7083 3 7047 7083
7129 3 6999 6941 7033 3 6999 7033 7083 3
6941 6905 6977 3 6941 6977 7033 3 6905 6907
6965 3 6905 6965 6977 3 6977 6965 6943 3
6977 6943 6959 3 6959 6943 6869 3 6959 6869
6877 3 6877 6869 6715 3 6877 6715 6734 3
6927 6877 6734 3 6927 6734 6772 3 6981 6927
6772 3 6981 6772 6831 3 7055 6981 6831 3
7055 6831 6885 3 7127 7077 6981 3 7127 6981
7055 3 7129 7083 7077 3 7129 7077 7127 3
8932 9121 9163 3 8932 9163 8982 3 9121 9313
9337 3 9121 9337 9163 3 8982 9163 9099 3
8982 9099 8912 3 9163 9337 9291 3 9163 9291
9099 3 8615 8799 8932 3 8615 8932 8745 3
8799 9013 9121 3 8799 9121 8932 3 9013 9217
9313 3 9013 9313 9121 3 9217 9370 9491 3
9217 9491 9313 3 9313 9491 9523 3 9313 9523
9337 3 9337 9523 9442 3 9337 9442 9291 3
9291 9442 9305 3 9291 9305 9145 3 9099 9291
9145 3 9099 9145 8962 3 8912 9099 8962 3
8912 8962 8763 3 8739 8912 8763 3 8739 8763
8584 3 8803 8982 8912 3 8803 8912 8739 3
8745 8932 8982 3 8745 8982 8803 3 9653 9709
9671 3 9653 9671 9623 3 9709 9789 9735 3
9709 9735 9671 3 9623 9671 9625 3 9623 9625
9564 3 9671 9735 9695 3 9671 9695 9625 3
9541 9657 9653 3 9541 9653 9616 3 9657 9747
9709 3 9657 9709 9653 3 9747 9845 9789 3
9747 9789 9709 3 9845 10002 9863 3 9845 9863
9789 3 9789 9863 9805 3 9789 9805 9735 3
9735 9805 9779 3 9735 9779 9695 3 9695 9779
9827 3 9695 9827 9683 3 9625 9695 9683 3
9625 9683 9574 3 9564 9625 9574 3 9564 9574
9475 3 9515 9564 9475 3 9515 9475 9341 3
9598 9623 9564 3 9598 9564 9515 3 9616 9653
9623 3 9616 9623 9598 3 4226 3900 3864 3
4226 3864 4176 3 3900 3568 3544 3 3900 3544
3864 3 4176 3864 3904 3 4176 3904 4212 3
3864 3544 3590 3 3864 3590 3904 3 4712 4348
4226 3 4712 4226 4558 3 4348 3994 3900 3
4348 3900 4226 3 3994 3680 3568 3 3994 3568
3900 3 3680 3355 3267 3 3680 3267 3568 3
3568 3267 3237 3 3568 3237 3544 3 3544 3237
3285 3 3544 3285 3590 3 3590 3285 3403 3
3590 3403 3698 3 3904 3590 3698 3 3904 3698
3998 3 4212 3904 3998 3 4212 3998 4328 3
4512 4212 4328 3 4512 4328 4650 3 4482 4176
4212 3 4482 4212 4512 3 4558 4226 4176 3
4558 4176 4482 3 10971 10849 10843 3 10971 10843
10969 3 10849 10723 10705 3 10849 10705 10843 3
10969 10843 10809 3 10969 10809 10923 3 10843 10705
10667 3 10843 10667 10809 3 11050 10927 10971 3
11050 10971 11117 3 10927 10813 10849 3 10927 10849
10971 3 10813 10681 10723 3 10813 10723 10849 3
10681 10599 10588 3 10681 10588 10723 3 10723 10588
10575 3 10723 10575 10705 3 10705 10575 10547 3
10705 10547 10667 3 10667 10547 10519 3 10667 10519
10607 3 10809 10667 10607 3 10809 10607 10711 3
10923 10809 10711 3 10923 10711 10833 3 11052 10923
10833 3 11052 10833 10945 3 11113 10969 10923 3
11113 10923 11052 3 11117 10971 10969 3 11117 10969
11113 3 5187 5268 5185 3 5187 5185 5119 3
5268 5306 5220 3 5268 5220 5185 3 5119 5185
5229 3 5119 5229 5161 3 5185 5220 5286 3
5185 5286 5229 3 5282 5360 5187 3 5282 5187
5091 3 5360 5436 5268 3 5360 5268 5187 3
5436 5477 5306 3 5436 5306 5268 3 5477 5490
5316 3 5477 5316 5306 3 5306 5316 5244 3
5306 5244 5220 3 5220 5244 5295 3 5220 5295
5286 3 5286 5295 5447 3 5286 5447 5433 3
5229 5286 5433 3 5229 5433 5394 3 5161 5229
5394 3 5161 5394 5333 3 5067 5161 5333 3
5067 5333 5235 3 5009 5119 5161 3 5009 5161
5067 3 5091 5187 5119 3 5091 5119 5009 3
11493 11408 11453 3 11493 11453 11551 3 11408 11283
11332 3 11408 11332 11453 3 11551 11453 11386 3
11551 11386 11470 3 11453 11332 11257 3 11453 11257
11386 3 11376 11341 11493 3 11376 11493 11536 3
11341 11246 11408 3 11341 11408 11493 3 11246 11141
11283 3 11246 11283 11408 3 11141 11009 11145 3
11141 11145 11283 3 11283 11145 11181 3 11283 11181
11332 3 11332 11181 11129 3 11332 11129 11257 3
11257 11129 10973 3 11257 10973 11109 3 11386 11257
11109 3 11386 11109 11209 3 11470 11386 11209 3
11470 11209 11301 3 11505 11470 11301 3 11505 11301
11335 3 11590 11551 11470 3 11590 11470 11505 3
11536 11493 11551 3 11536 11551 11590 3 4406 4564
4572 3 4406 4572 4410 3 4564 4630 4634 3
4564 4634 4572 3 4410 4572 4484 3 4410 4484
4366 3 4572 4634 4544 3 4572 4544 4484 3
4086 4314 4406 3 4086 4406 4194 3 4314 4442
4564 3 4314 4564 4406 3 4442 4526 4630 3
4442 4630 4564 3 4526 4550 4644 3 4526 4644
4630 3 4630 4644 4640 3 4630 4640 4634 3
4634 4640 4540 3 4634 4540 4544 3 4544 4540
4380 3 4544 4380 4384 3 4484 4544 4384 3
4484 4384 4344 3 4366 4484 4344 3 4366 4344
4232 3 4154 4366 4232 3 4154 4232 4044 3
4210 4410 4366 3 4210 4366 4154 3 4194 4406
4410 3 4194 4410 4210 3 11702 11716 11728 3
11702 11728 11720 3 11716 11718 11724 3 11716 11724
11728 3 11720 11728 11647 3 11720 11647 11645 3
11728 11724 11643 3 11728 11643 11647 3 11594 11608
11702 3 11594 11702 11690 3 11608 11622 11716 3
11608 11716 11702 3 11622 11626 11718 3 11622 11718
11716 3 11626 11620 11706 3 11626 11706 11718 3
11718 11706 11710 3 11718 11710 11724 3 11724 11710
11632 3 11724 11632 11643 3 11643 11632 11502 3
11643 11502 11519 3 11647 11643 11519 3 11647 11519
11529 3 11645 11647 11529 3 11645 11529 11525 3
11639 11645 11525 3 11639 11525 11515 3 11712 11720
11645 3 11712 11645 11639 3 11690 11702 11720 3
11690 11720 11712 3 5974 6251 6291 3 5974 6291
6018 3 6251 6561 6585 3 6251 6585 6291 3
6018 6291 6245 3 6018 6245 5969 3 6291 6585
6531 3 6291 6531 6245 3 5576 5851 5974 3
5576 5974 5692 3 5851 6149 6251 3 5851 6251
5974 3 6149 6467 6561 3 6149 6561 6251 3
6467 6726 6833 3 6467 6833 6561 3 6561 6833
6857 3 6561 6857 6585 3 6585 6857 6789 3
6585 6789 6531 3 6531 6789 6651 3 6531 6651
6425 3 6245 6531 6425 3 6245 6425 6131 3
5969 6245 6131 3 5969 6131 5849 3 5696 5969
5849 3 5696 5849 5586 3 5743 6018 5969 3
5743 5969 5696 3 5692 5974 6018 3 5692 6018
5743 3 2847 2613 2541 3 2847 2541 2809 3
2613 2429 2377 3 2613 2377 2541 3 2809 2541
2505 3 2809 2505 2771 3 2541 2377 2359 3
2541 2359 2505 3 3143 2911 2847 3 3143 2847
3089 3 2911 2695 2613 3 2911 2613 2847 3
2695 2493 2429 3 2695 2429 2613 3 2493 2395
2337 3 2493 2337 2429 3 2429 2337 2295 3
2429 2295 2377 3 2377 2295 2285 3 2377 2285
2359 3 2359 2285 2310 3 2359 2310 2371 3
2505 2359 2371 3 2505 2371 2507 3 2771 2505
2507 3 2771 2507 2767 3 2991 2771 2767 3
2991 2767 2987 3 3023 2809 2771 3 3023 2771
2991 3 3089 2847 2809 3 3089 2809 3023 3
7288 7346 7277 3 7288 7277 7220 3 7346 7392
7324 3 7346 7324 7277 3 7220 7277 7273 3
7220 7273 7204 3 7277 7324 7322 3 7277 7322
7273 3 7340 7430 7288 3 7340 7288 7226 3
7430 7478 7346 3 7430 7346 7288 3 7478 7517
7392 3 7478 7392 7346 3 7517 7555 7418 3
7517 7418 7392 3 7392 7418 7348 3 7392 7348
7324 3 7324 7348 7350 3 7324 7350 7322 3
7322 7350 7438 3 7322 7438 7400 3 7273 7322
7400 3 7273 7400 7342 3 7204 7273 7342 3
7204 7342 7279 3 7133 7204 7279 3 7133 7279
7188 3 7153 7220 7204 3 7153 7204 7133 3
7226 7288 7220 3 7226 7220 7153 3 2643 2651
2545 3 2643 2545 2535 3 2651 2669 2555 3
2651 2555 2545 3 2535 2545 2531 3 2535 2531
2523 3 2545 2555 2543 3 2545 2543 2531 3
2783 2791 2643 3 2783 2643 2639 3 2791 2803
2651 3 2791 2651 2643 3 2803 2813 2669 3
2803 2669 2651 3 2813 2827 2689 3 2813 2689
2669 3 2669 2689 2579 3 2669 2579 2555 3
2555 2579 2561 3 2555 2561 2543 3 2543 2561
2647 3 2543 2647 2623 3 2531 2543 2623 3
2531 2623 2603 3 2523 2531 2603 3 2523 2603
2591 3 2519 2523 2591 3 2519 2591 2585 3
2533 2535 2523 3 2533 2523 2519 3 2639 2643
2535 3 2639 2535 2533 3 8208 8181 8219 3
8208 8219 8252 3 8181 8113 8156 3 8181 8156
8219 3 8252 8219 8160 3 8252 8160 8190 3
8219 8156 8085 3 8219 8085 8160 3 8066 8056
8208 3 8066 8208 8222 3 8056 8021 8181 3
8056 8181 8208 3 8021 7961 8113 3 8021 8113
8181 3 7961 7881 8005 3 7961 8005 8113 3
8113 8005 8047 3 8113 8047 8156 3 8156 8047
7995 3 8156 7995 8085 3 8085 7995 7847 3
8085 7847 7933 3 8160 8085 7933 3 8160 7933
7992 3 8190 8160 7992 3 8190 7992 8016 3
8201 8190 8016 3 8201 8016 8030 3 8258 8252
8190 3 8258 8190 8201 3 8222 8208 8252 3
8222 8252 8258 3 4614 4598 4582 3 4614 4582
4608 3 4598 4576 4554 3 4598 4554 4582 3
4608 4582 4466 3 4608 4466 4504 3 4582 4554
4438 3 4582 4438 4466 3 4550 4528 4614 3
4550 4614 4644 3 4528 4502 4598 3 4528 4598
4614 3 4502 4490 4576 3 4502 4576 4598 3
4490 4516 4600 3 4490 4600 4576 3 4576 4600
4562 3 4576 4562 4554 3 4554 4562 4450 3
4554 4450 4438 3 4438 4450 4316 3 4438 4316
4300 3 4466 4438 4300 3 4466 4300 4330 3
4504 4466 4330 3 4504 4330 4354 3 4540 4504
4354 3 4540 4354 4380 3 4640 4608 4504 3
4640 4504 4540 3 4644 4614 4608 3 4644 4608
4640 3 5117 4838 4786 3 5117 4786 5051 3
4838 4588 4510 3 4838 4510 4786 3 5051 4786
4726 3 5051 4726 5001 3 4786 4510 4448 3
4786 4448 4726 3 5440 5177 5117 3 5440 5117
5386 3 5177 4892 4838 3 5177 4838 5117 3
4892 4660 4588 3 4892 4588 4838 3 4660 4418
4372 3 4660 4372 4588 3 4588 4372 4318 3
4588 4318 4510 3 4510 4318 4276 3 4510 4276
4448 3 4448 4276 4264 3 4448 4264 4429 3
4726 4448 4429 3 4726 4429 4706 3 5001 4726
4706 3 5001 4706 4977 3 5303 5001 4977 3
5303 4977 5274 3 5344 5051 5001 3 5344 5001
5303 3 5386 5117 5051 3 5386 5051 5344 3
9661 9453 9380 3 9661 9380 9580 3 9453 9279
9219 3 9453 9219 9380 3 9580 9380 9404 3
9580 9404 9608 3 9380 9219 9253 3 9380 9253
9404 3 9976 9821 9661 3 9976 9661 9825 3
9821 9641 9453 3 9821 9453 9661 3 9641 9420
9279 3 9641 9279 9453 3 9420 9275 9097 3
9420 9097 9279 3 9279 9097 9029 3 9279 9029
9219 3 9219 9029 9065 3 9219 9065 9253 3
9253 9065 9223 3 9253 9223 9362 3 9404 9253
9362 3 9404 9362 9562 3 9608 9404 9562 3
9608 9562 9737 3 9777 9608 9737 3 9777 9737
9879 3 9757 9580 9608 3 9757 9608 9777 3
9825 9661 9580 3 9825 9580 9757 3 7326 7095
7041 3 7326 7041 7282 3 7095 6839 6785 3
7095 6785 7041 3 7282 7041 6991 3 7282 6991
7259 3 7041 6785 6752 3 7041 6752 6991 3
7624 7385 7326 3 7624 7326 7569 3 7385 7147
7095 3 7385 7095 7326 3 7147 6893 6839 3
7147 6839 7095 3 6893 6695 6643 3 6893 6643
6839 3 6839 6643 6591 3 6839 6591 6785 3
6785 6591 6551 3 6785 6551 6752 3 6752 6551
6523 3 6752 6523 6720 3 6991 6752 6720 3
6991 6720 6963 3 7259 6991 6963 3 7259 6963
7247 3 7486 7259 7247 3 7486 7247 7476 3
7512 7282 7259 3 7512 7259 7486 3 7569 7326
7282 3 7569 7282 7512 3 10991 10863 10894 3
10991 10894 11033 3 10863 10695 10735 3 10863 10735
10894 3 11033 10894 10847 3 11033 10847 10981 3
10894 10735 10687 3 10894 10687 10847 3 11009 10891
10991 3 11009 10991 11145 3 10891 10766 10863 3
10891 10863 10991 3 10766 10605 10695 3 10766 10695
10863 3 10605 10387 10507 3 10605 10507 10695 3
10695 10507 10543 3 10695 10543 10735 3 10735 10543
10495 3 10735 10495 10687 3 10687 10495 10366 3
10687 10366 10581 3 10847 10687 10581 3 10847 10581
10739 3 10981 10847 10739 3 10981 10739 10867 3
11129 10981 10867 3 11129 10867 10973 3 11181 11033
10981 3 11181 10981 11129 3 11145 10991 11033 3
11145 11033 11181 3 2009 1789 1779 3 2009 1779
1991 3 1789 1647 1645 3 1789 1645 1779 3
1991 1779 1795 3 1991 1795 2007 3 1779 1645
1657 3 1779 1657 1795 3 2273 2053 2009 3
2273 2009 2199 3 2053 1833 1789 3 2053 1789
2009 3 1833 1675 1647 3 1833 1647 1789 3
1675 1565 1535 3 1675 1535 1647 3 1647 1535
1523 3 1647 1523 1645 3 1645 1523 1547 3
1645 1547 1657 3 1657 1547 1581 3 1657 1581
1683 3 1795 1657 1683 3 1795 1683 1839 3
2007 1795 1839 3 2007 1839 2049 3 2187 2007
2049 3 2187 2049 2243 3 2181 1991 2007 3
2181 2007 2187 3 2199 2009 1991 3 2199 1991
2181 3 7005 7073 7015 3 7005 7015 6957 3
7073 7141 7085 3 7073 7085 7015 3 6957 7015
6955 3 6957 6955 6899 3 7015 7085 7049 3
7015 7049 6955 3 6907 7017 7005 3 6907 7005
6965 3 7017 7105 7073 3 7017 7073 7005 3
7105 7200 7141 3 7105 7141 7073 3 7200 7340
7226 3 7200 7226 7141 3 7141 7226 7153 3
7141 7153 7085 3 7085 7153 7133 3 7085 7133
7049 3 7049 7133 7188 3 7049 7188 7025 3
6955 7049 7025 3 6955 7025 6915 3 6899 6955
6915 3 6899 6915 6817 3 6869 6899 6817 3
6869 6817 6715 3 6943 6957 6899 3 6943 6899
6869 3 6965 7005 6957 3 6965 6957 6943 3
11698 11684 11726 3 11698 11726 11734 3 11684 11676
11714 3 11684 11714 11726 3 11734 11726 11649 3
11734 11649 11660 3 11726 11714 11641 3 11726 11641
11649 3 11569 11573 11698 3 11569 11698 11704 3
11573 11575 11684 3 11573 11684 11698 3 11575 11587
11676 3 11575 11676 11684 3 11587 11594 11690 3
11587 11690 11676 3 11676 11690 11712 3 11676 11712
11714 3 11714 11712 11639 3 11714 11639 11641 3
11641 11639 11515 3 11641 11515 11509 3 11649 11641
11509 3 11649 11509 11513 3 11660 11649 11513 3
11660 11513 11521 3 11672 11660 11521 3 11672 11521
11523 3 11747 11734 11660 3 11747 11660 11672 3
11704 11698 11734 3 11704 11734 11747 3 7724 7851
7803 3 7724 7803 7666 3 7851 7947 7899 3
7851 7899 7803 3 7666 7803 7834 3 7666 7834
7696 3 7803 7899 7931 3 7803 7931 7834 3
7682 7865 7724 3 7682 7724 7537 3 7865 8007
7851 3 7865 7851 7724 3 8007 8138 7947 3
8007 7947 7851 3 8138 8211 8020 3 8138 8020
7947 3 7947 8020 7956 3 7947 7956 7899 3
7899 7956 7997 3 7899 7997 7931 3 7931 7997
8172 3 7931 8172 8084 3 7834 7931 8084 3
7834 8084 7981 3 7696 7834 7981 3 7696 7981
7832 3 7527 7696 7832 3 7527 7832 7656 3
7488 7666 7696 3 7488 7696 7527 3 7537 7724
7666 3 7537 7666 7488 3 3243 3574 3620 3
3243 3620 3287 3 3574 3906 3936 3 3574 3936
3620 3 3287 3620 3576 3 3287 3576 3253 3
3620 3936 3884 3 3620 3884 3576 3 2769 3119
3243 3 2769 3243 2903 3 3119 3477 3574 3
3119 3574 3243 3 3477 3794 3906 3 3477 3906
3574 3 3794 4086 4194 3 3794 4194 3906 3
3906 4194 4210 3 3906 4210 3936 3 3936 4210
4154 3 3936 4154 3884 3 3884 4154 4044 3
3884 4044 3778 3 3576 3884 3778 3 3576 3778
3483 3 3253 3576 3483 3 3253 3483 3133 3
2913 3253 3133 3 2913 3133 2811 3 2951 3287
3253 3 2951 3253 2913 3 2903 3243 3287 3
2903 3287 2951 3 6039 5822 5799 3 6039 5799
6000 3 5822 5628 5592 3 5822 5592 5799 3
6000 5799 5775 3 6000 5775 5947 3 5799 5592
5554 3 5799 5554 5775 3 6209 6067 6039 3
6209 6039 6175 3 6067 5877 5822 3 6067 5822
6039 3 5877 5669 5628 3 5877 5628 5822 3
5669 5440 5386 3 5669 5386 5628 3 5628 5386
5344 3 5628 5344 5592 3 5592 5344 5303 3
5592 5303 5554 3 5554 5303 5274 3 5554 5274
5516 3 5775 5554 5516 3 5775 5516 5755 3
5947 5775 5755 3 5947 5755 5931 3 6105 5947
5931 3 6105 5931 6087 3 6133 6000 5947 3
6133 5947 6105 3 6175 6039 6000 3 6175 6000
6133 3 1849 1874 1845 3 1849 1845 1829 3
1874 1886 1862 3 1874 1862 1845 3 1829 1845
1876 3 1829 1876 1855 3 1845 1862 1887 3
1845 1887 1876 3 1898 1928 1849 3 1898 1849
1817 3 1928 1948 1874 3 1928 1874 1849 3
1948 1961 1886 3 1948 1886 1874 3 1961 1969
1895 3 1961 1895 1886 3 1886 1895 1868 3
1886 1868 1862 3 1862 1868 1896 3 1862 1896
1887 3 1887 1896 1974 3 1887 1974 1965 3
1876 1887 1965 3 1876 1965 1954 3 1855 1876
1954 3 1855 1954 1934 3 1820 1855 1934 3
1820 1934 1902 3 1799 1829 1855 3 1799 1855
1820 3 1817 1849 1829 3 1817 1829 1799 3
11234 11286 11219 3 11234 11219 11191 3 11286 11302
11237 3 11286 11237 11219 3 11191 11219 11254 3
11191 11254 11212 3 11219 11237 11275 3 11219 11275
11254 3 11322 11388 11234 3 11322 11234 11179 3
11388 11425 11286 3 11388 11286 11234 3 11425 11454
11302 3 11425 11302 11286 3 11454 11460 11310 3
11454 11310 11302 3 11302 11310 11240 3 11302 11240
11237 3 11237 11240 11289 3 11237 11289 11275 3
11275 11289 11415 3 11275 11415 11414 3 11254 11275
11414 3 11254 11414 11389 3 11212 11254 11389 3
11212 11389 11357 3 11157 11212 11357 3 11157 11357
11274 3 11131 11191 11212 3 11131 11212 11157 3
11179 11234 11191 3 11179 11191 11131 3 7885 7732
7768 3 7885 7768 7917 3 7732 7535 7584 3
7732 7584 7768 3 7917 7768 7720 3 7917 7720
7873 3 7768 7584 7529 3 7768 7529 7720 3
7881 7758 7885 3 7881 7885 8005 3 7758 7618
7732 3 7758 7732 7885 3 7618 7416 7535 3
7618 7535 7732 3 7416 7175 7308 3 7416 7308
7535 3 7535 7308 7344 3 7535 7344 7584 3
7584 7344 7300 3 7584 7300 7529 3 7529 7300
7157 3 7529 7157 7402 3 7720 7529 7402 3
7720 7402 7600 3 7873 7720 7600 3 7873 7600
7738 3 7995 7873 7738 3 7995 7738 7847 3
8047 7917 7873 3 8047 7873 7995 3 8005 7885
7917 3 8005 7917 8047 3 4556 4788 4708 3
4556 4708 4480 3 4788 4933 4874 3 4788 4874
4708 3 4480 4708 4768 3 4480 4768 4548 3
4708 4874 4916 3 4708 4916 4768 3 4458 4740
4556 3 4458 4556 4310 3 4740 4947 4788 3
4740 4788 4556 3 4947 5134 4933 3 4947 4933
4788 3 5134 5282 5091 3 5134 5091 4933 3
4933 5091 5009 3 4933 5009 4874 3 4874 5009
5067 3 4874 5067 4916 3 4916 5067 5235 3
4916 5235 5113 3 4768 4916 5113 3 4768 5113
4920 3 4548 4768 4920 3 4548 4920 4730 3
4312 4548 4730 3 4312 4730 4460 3 4254 4480
4548 3 4254 4548 4312 3 4310 4556 4480 3
4310 4480 4254 3 10245 9930 9986 3 10245 9986
10281 3 9930 9553 9584 3 9930 9584 9986 3
10281 9986 9914 3 10281 9914 10235 3 9986 9584
9540 3 9986 9540 9914 3 10387 10129 10245 3
10387 10245 10507 3 10129 9783 9930 3 10129 9930
10245 3 9783 9376 9553 3 9783 9553 9930 3
9376 9045 9209 3 9376 9209 9553 3 9553 9209
9257 3 9553 9257 9584 3 9584 9257 9189 3
9584 9189 9540 3 9540 9189 9031 3 9540 9031
9353 3 9914 9540 9353 3 9914 9353 9769 3
10235 9914 9769 3 10235 9769 10111 3 10495 10235
10111 3 10495 10111 10366 3 10543 10281 10235 3
10543 10235 10495 3 10507 10245 10281 3 10507 10281
10543 3 4853 4815 4881 3 4853 4881 4913 3
4815 4734 4818 3 4815 4818 4881 3 4913 4881
4819 3 4913 4819 4857 3 4881 4818 4736 3
4881 4736 4819 3 4641 4622 4853 3 4641 4853
4869 3 4622 4586 4815 3 4622 4815 4853 3
4586 4498 4734 3 4586 4734 4815 3 4498 4404
4628 3 4498 4628 4734 3 4734 4628 4704 3
4734 4704 4818 3 4818 4704 4636 3 4818 4636
4736 3 4736 4636 4408 3 4736 4408 4500 3
4819 4736 4500 3 4819 4500 4590 3 4857 4819
4590 3 4857 4590 4623 3 4870 4857 4623 3
4870 4623 4642 3 4931 4913 4857 3 4931 4857
4870 3 4869 4853 4913 3 4869 4913 4931 3
12459 12443 12453 3 12459 12453 12472 3 12443 12418
12435 3 12443 12435 12453 3 12472 12453 12438 3
12472 12438 12455 3 12453 12435 12412 3 12453 12412
12438 3 12436 12424 12459 3 12436 12459 12469 3
12424 12406 12443 3 12424 12443 12459 3 12406 12385
12418 3 12406 12418 12443 3 12385 12356 12392 3
12385 12392 12418 3 12418 12392 12400 3 12418 12400
12435 3 12435 12400 12383 3 12435 12383 12412 3
12412 12383 12337 3 12412 12337 12371 3 12438 12412
12371 3 12438 12371 12398 3 12455 12438 12398 3
12455 12398 12413 3 12460 12455 12413 3 12460 12413
12419 3 12474 12472 12455 3 12474 12455 12460 3
12469 12459 12472 3 12469 12472 12474 3 6607 6979
6921 3 6607 6921 6557 3 6979 7304 7255 3
6979 7255 6921 3 6557 6921 6967 3 6557 6967
6605 3 6921 7255 7290 3 6921 7290 6967 3
6431 6779 6607 3 6431 6607 6275 3 6779 7161
6979 3 6779 6979 6607 3 7161 7454 7304 3
7161 7304 6979 3 7454 7682 7537 3 7454 7537
7304 3 7304 7537 7488 3 7304 7488 7255 3
7255 7488 7527 3 7255 7527 7290 3 7290 7527
7656 3 7290 7656 7436 3 6967 7290 7436 3
6967 7436 7139 3 6605 6967 7139 3 6605 7139
6762 3 6271 6605 6762 3 6271 6762 6423 3
6227 6557 6605 3 6227 6605 6271 3 6275 6607
6557 3 6275 6557 6227 3 2715 2729 2655 3
2715 2655 2619 3 2729 2747 2679 3 2729 2679
2655 3 2619 2655 2641 3 2619 2641 2595 3
2655 2679 2664 3 2655 2664 2641 3 2827 2839
2715 3 2827 2715 2689 3 2839 2861 2729 3
2839 2729 2715 3 2861 2879 2747 3 2861 2747
2729 3 2879 2871 2737 3 2879 2737 2747 3
2747 2737 2677 3 2747 2677 2679 3 2679 2677
2667 3 2679 2667 2664 3 2664 2667 2723 3
2664 2723 2721 3 2641 2664 2721 3 2641 2721
2701 3 2595 2641 2701 3 2595 2701 2687 3
2561 2595 2687 3 2561 2687 2647 3 2579 2619
2595 3 2579 2595 2561 3 2689 2715 2619 3
2689 2619 2579 3 6997 6633 6689 3 6997 6689
7063 3 6633 6305 6348 3 6633 6348 6689 3
7063 6689 6625 3 7063 6625 6989 3 6689 6348
6309 3 6689 6309 6625 3 7175 6835 6997 3
7175 6997 7308 3 6835 6495 6633 3 6835 6633
6997 3 6495 6159 6305 3 6495 6305 6633 3
6159 5863 6002 3 6159 6002 6305 3 6305 6002
6049 3 6305 6049 6348 3 6348 6049 6006 3
6348 6006 6309 3 6309 6006 5869 3 6309 5869
6161 3 6625 6309 6161 3 6625 6161 6492 3
6989 6625 6492 3 6989 6492 6809 3 7300 6989
6809 3 7300 6809 7157 3 7344 7063 6989 3
7344 6989 7300 3 7308 6997 7063 3 7308 7063
7344 3 4230 4102 4062 3 4230 4062 4170 3
4102 3990 3960 3 4102 3960 4062 3 4170 4062
4030 3 4170 4030 4128 3 4062 3960 3922 3
4062 3922 4030 3 4418 4284 4230 3 4418 4230
4372 3 4284 4164 4102 3 4284 4102 4230 3
4164 4052 3990 3 4164 3990 4102 3 4052 3928
3872 3 4052 3872 3990 3 3990 3872 3820 3
3990 3820 3960 3 3960 3820 3784 3 3960 3784
3922 3 3922 3784 3776 3 3922 3776 3916 3
4030 3922 3916 3 4030 3916 4016 3 4128 4030
4016 3 4128 4016 4114 3 4276 4128 4114 3
4276 4114 4264 3 4318 4170 4128 3 4318 4128
4276 3 4372 4230 4170 3 4372 4170 4318 3
3550 3810 3774 3 3550 3774 3532 3 3810 4066
4026 3 3810 4026 3774 3 3532 3774 3822 3
3532 3822 3562 3 3774 4026 4080 3 3774 4080
3822 3 3395 3672 3550 3 3395 3550 3283 3
3672 3942 3810 3 3672 3810 3550 3 3942 4200
4066 3 3942 4066 3810 3 4200 4458 4310 3
4200 4310 4066 3 4066 4310 4254 3 4066 4254
4026 3 4026 4254 4312 3 4026 4312 4080 3
4080 4312 4460 3 4080 4460 4208 3 3822 4080
4208 3 3822 4208 3956 3 3562 3822 3956 3
3562 3956 3696 3 3309 3562 3696 3 3309 3696
3433 3 3259 3532 3562 3 3259 3562 3309 3
3283 3550 3532 3 3283 3532 3259 3 8902 8677
8733 3 8902 8733 8968 3 8677 8505 8552 3
8677 8552 8733 3 8968 8733 8667 3 8968 8667
8898 3 8733 8552 8503 3 8733 8503 8667 3
9045 8751 8902 3 9045 8902 9209 3 8751 8524
8677 3 8751 8677 8902 3 8524 8351 8505 3
8524 8505 8677 3 8351 8244 8391 3 8351 8391
8505 3 8505 8391 8431 3 8505 8431 8552 3
8552 8431 8385 3 8552 8385 8503 3 8503 8385
8230 3 8503 8230 8345 3 8667 8503 8345 3
8667 8345 8513 3 8898 8667 8513 3 8898 8513
8741 3 9189 8898 8741 3 9189 8741 9031 3
9257 8968 8898 3 9257 8898 9189 3 9209 8902
8968 3 9209 8968 9257 3 4488 4338 4400 3
4488 4400 4568 3 4338 4156 4228 3 4338 4228
4400 3 4568 4400 4346 3 4568 4346 4494 3
4400 4228 4166 3 4400 4166 4346 3 4404 4290
4488 3 4404 4488 4628 3 4290 4146 4338 3
4290 4338 4488 3 4146 3988 4156 3 4146 4156
4338 3 3988 3802 3964 3 3988 3964 4156 3
4156 3964 4028 3 4156 4028 4228 3 4228 4028
3972 3 4228 3972 4166 3 4166 3972 3818 3
4166 3818 4010 3 4346 4166 4010 3 4346 4010
4160 3 4494 4346 4160 3 4494 4160 4298 3
4636 4494 4298 3 4636 4298 4408 3 4704 4568
4494 3 4704 4494 4636 3 4628 4488 4568 3
4628 4568 4704 3 12358 12314 12323 3 12358 12323
12362 3 12314 12272 12283 3 12314 12283 12323 3
12362 12323 12308 3 12362 12308 12347 3 12323 12283
12266 3 12323 12266 12308 3 12356 12317 12358 3
12356 12358 12392 3 12317 12281 12314 3 12317 12314
12358 3 12281 12231 12272 3 12281 12272 12314 3
12231 12192 12220 3 12231 12220 12272 3 12272 12220
12229 3 12272 12229 12283 3 12283 12229 12210 3
12283 12210 12266 3 12266 12210 12180 3 12266 12180
12222 3 12308 12266 12222 3 12308 12222 12268 3
12347 12308 12268 3 12347 12268 12306 3 12383 12347
12306 3 12383 12306 12337 3 12400 12362 12347 3
12400 12347 12383 3 12392 12358 12362 3 12392 12362
12400 3 5469 5724 5658 3 5469 5658 5406 3
5724 5992 5933 3 5724 5933 5658 3 5406 5658
5714 3 5406 5714 5461 3 5658 5933 5988 3
5658 5988 5714 3 5430 5622 5469 3 5430 5469
5246 3 5622 5837 5724 3 5622 5724 5469 3
5837 6119 5992 3 5837 5992 5724 3 6119 6431
6275 3 6119 6275 5992 3 5992 6275 6227 3
5992 6227 5933 3 5933 6227 6271 3 5933 6271
5988 3 5988 6271 6423 3 5988 6423 6107 3
5714 5988 6107 3 5714 6107 5827 3 5461 5714
5827 3 5461 5827 5616 3 5239 5461 5616 3
5239 5616 5418 3 5179 5406 5461 3 5179 5461
5239 3 5246 5469 5406 3 5246 5406 5179 3
1699 1743 1727 3 1699 1727 1685 3 1743 1785
1769 3 1743 1769 1727 3 1685 1727 1749 3
1685 1749 1705 3 1727 1769 1787 3 1727 1787
1749 3 1687 1747 1699 3 1687 1699 1653 3
1747 1805 1743 3 1747 1743 1699 3 1805 1857
1785 3 1805 1785 1743 3 1857 1898 1817 3
1857 1817 1785 3 1785 1817 1799 3 1785 1799
1769 3 1769 1799 1820 3 1769 1820 1787 3
1787 1820 1902 3 1787 1902 1861 3 1749 1787
1861 3 1749 1861 1811 3 1705 1749 1811 3
1705 1811 1753 3 1659 1705 1753 3 1659 1753
1695 3 1641 1685 1705 3 1641 1705 1659 3
1653 1699 1685 3 1653 1685 1641 3 10816 10955
10911 3 10816 10911 10782 3 10955 11092 11029 3
10955 11029 10911 3 10782 10911 10941 3 10782 10941
10807 3 10911 11029 11064 3 10911 11064 10941 3
10774 10933 10816 3 10774 10816 10633 3 10933 11096
10955 3 10933 10955 10816 3 11096 11210 11092 3
11096 11092 10955 3 11210 11322 11179 3 11210 11179
11092 3 11092 11179 11131 3 11092 11131 11029 3
11029 11131 11157 3 11029 11157 11064 3 11064 11157
11274 3 11064 11274 11186 3 10941 11064 11186 3
10941 11186 11060 3 10807 10941 11060 3 10807 11060
10903 3 10625 10807 10903 3 10625 10903 10733 3
10601 10782 10807 3 10601 10807 10625 3 10633 10816
10782 3 10633 10782 10601 3 5708 5404 5459 3
5708 5459 5757 3 5404 5109 5163 3 5404 5163
5459 3 5757 5459 5412 3 5757 5412 5712 3
5459 5163 5123 3 5459 5123 5412 3 5863 5574
5708 3 5863 5708 6002 3 5574 5252 5404 3
5574 5404 5708 3 5252 4912 5109 3 5252 5109
5404 3 4912 4684 4860 3 4912 4860 5109 3
5109 4860 4910 3 5109 4910 5163 3 5163 4910
4876 3 5163 4876 5123 3 5123 4876 4722 3
5123 4722 4949 3 5412 5123 4949 3 5412 4949
5280 3 5712 5412 5280 3 5712 5280 5584 3
6006 5712 5584 3 6006 5584 5869 3 6049 5757
5712 3 6049 5712 6006 3 6002 5708 5757 3
6002 5757 6049 3 4658 4742 4686 3 4658 4686
4612 3 4742 4842 4782 3 4742 4782 4686 3
4612 4686 4626 3 4612 4626 4530 3 4686 4782
4724 3 4686 4724 4626 3 4516 4676 4658 3
4516 4658 4600 3 4676 4794 4742 3 4676 4742
4658 3 4794 4898 4842 3 4794 4842 4742 3
4898 5097 4918 3 4898 4918 4842 3 4842 4918
4852 3 4842 4852 4782 3 4782 4852 4828 3
4782 4828 4724 3 4724 4828 4866 3 4724 4866
4698 3 4626 4724 4698 3 4626 4698 4578 3
4530 4626 4578 3 4530 4578 4432 3 4450 4530
4432 3 4450 4432 4316 3 4562 4612 4530 3
4562 4530 4450 3 4600 4658 4612 3 4600 4612
4562 3 2461 2725 2697 3 2461 2697 2439 3
2725 2993 2971 3 2725 2971 2697 3 2439 2697
2765 3 2439 2765 2489 3 2697 2971 3017 3
2697 3017 2765 3 2393 2575 2461 3 2393 2461
2315 3 2575 2845 2725 3 2575 2725 2461 3
2845 3117 2993 3 2845 2993 2725 3 3117 3395
3283 3 3117 3283 2993 3 2993 3283 3259 3
2993 3259 2971 3 2971 3259 3309 3 2971 3309
3017 3 3017 3309 3433 3 3017 3433 3167 3
2765 3017 3167 3 2765 3167 2901 3 2489 2765
2901 3 2489 2901 2671 3 2341 2489 2671 3
2341 2671 2465 3 2303 2439 2489 3 2303 2489
2341 3 2315 2461 2439 3 2315 2439 2303 3
8315 8286 8335 3 8315 8335 8365 3 8286 8290
8337 3 8286 8337 8335 3 8365 8335 8282 3
8365 8282 8307 3 8335 8337 8284 3 8335 8284
8282 3 8244 8168 8315 3 8244 8315 8391 3
8168 8131 8286 3 8168 8286 8315 3 8131 8136
8290 3 8131 8290 8286 3 8136 8176 8327 3
8136 8327 8290 3 8290 8327 8375 3 8290 8375
8337 3 8337 8375 8319 3 8337 8319 8284 3
8284 8319 8166 3 8284 8166 8127 3 8282 8284
8127 3 8282 8127 8123 3 8307 8282 8123 3
8307 8123 8158 3 8385 8307 8158 3 8385 8158
8230 3 8431 8365 8307 3 8431 8307 8385 3
8391 8315 8365 3 8391 8365 8431 3 3716 3528
3489 3 3716 3489 3668 3 3528 3315 3269 3
3528 3269 3489 3 3668 3489 3445 3 3668 3445
3634 3 3489 3269 3229 3 3489 3229 3445 3
3928 3760 3716 3 3928 3716 3872 3 3760 3570
3528 3 3760 3528 3716 3 3570 3371 3315 3
3570 3315 3528 3 3371 3143 3089 3 3371 3089
3315 3 3315 3089 3023 3 3315 3023 3269 3
3269 3023 2991 3 3269 2991 3229 3 3229 2991
2987 3 3229 2987 3221 3 3445 3229 3221 3
3445 3221 3439 3 3634 3445 3439 3 3634 3439
3628 3 3784 3634 3628 3 3784 3628 3776 3
3820 3668 3634 3 3820 3634 3784 3 3872 3716
3668 3 3872 3668 3820 3 3746 3509 3552 3
3746 3552 3798 3 3509 3223 3293 3 3509 3293
3552 3 3798 3552 3520 3 3798 3520 3750 3
3552 3293 3249 3 3552 3249 3520 3 3802 3592
3746 3 3802 3746 3964 3 3592 3339 3509 3
3592 3509 3746 3 3339 3059 3223 3 3339 3223
3509 3 3059 2759 2927 3 3059 2927 3223 3
3223 2927 2995 3 3223 2995 3293 3 3293 2995
2949 3 3293 2949 3249 3 3249 2949 2807 3
3249 2807 3093 3 3520 3249 3093 3 3520 3093
3361 3 3750 3520 3361 3 3750 3361 3612 3
3972 3750 3612 3 3972 3612 3818 3 4028 3798
3750 3 4028 3750 3972 3 3964 3746 3798 3
3964 3798 4028 3 12167 12112 12126 3 12167 12126
12188 3 12112 12064 12081 3 12112 12081 12126 3
12188 12126 12110 3 12188 12110 12165 3 12126 12081
12058 3 12126 12058 12110 3 12192 12128 12167 3
12192 12167 12220 3 12128 12083 12112 3 12128 12112
12167 3 12083 12027 12064 3 12083 12064 12112 3
12027 11975 12011 3 12027 12011 12064 3 12064 12011
12033 3 12064 12033 12081 3 12081 12033 12005 3
12081 12005 12058 3 12058 12005 11965 3 12058 11965
12013 3 12110 12058 12013 3 12110 12013 12073 3
12165 12110 12073 3 12165 12073 12122 3 12210 12165
12122 3 12210 12122 12180 3 12229 12188 12165 3
12229 12165 12210 3 12220 12167 12188 3 12220 12188
12229 3 5047 5033 4945 3 5047 4945 4975 3
5033 5103 5023 3 5033 5023 4945 3 4975 4945
5027 3 4975 5027 5041 3 4945 5023 5099 3
4945 5099 5027 3 5338 5264 5047 3 5338 5047
5143 3 5264 5231 5033 3 5264 5033 5047 3
5231 5299 5103 3 5231 5103 5033 3 5299 5430
5246 3 5299 5246 5103 3 5103 5246 5179 3
5103 5179 5023 3 5023 5179 5239 3 5023 5239
5099 3 5099 5239 5418 3 5099 5418 5292 3
5027 5099 5292 3 5027 5292 5219 3 5041 5027
5219 3 5041 5219 5250 3 5137 5041 5250 3
5137 5250 5326 3 5083 4975 5041 3 5083 5041
5137 3 5143 5047 4975 3 5143 4975 5083 3
1463 1521 1513 3 1463 1513 1453 3 1521 1593
1587 3 1521 1587 1513 3 1453 1513 1531 3
1453 1531 1467 3 1513 1587 1599 3 1513 1599
1531 3 1423 1487 1463 3 1423 1463 1397 3
1487 1563 1521 3 1487 1521 1463 3 1563 1621
1593 3 1563 1593 1521 3 1621 1687 1653 3
1621 1653 1593 3 1593 1653 1641 3 1593 1641
1587 3 1587 1641 1659 3 1587 1659 1599 3
1599 1659 1695 3 1599 1695 1637 3 1531 1599
1637 3 1531 1637 1575 3 1467 1531 1575 3
1467 1575 1499 3 1407 1467 1499 3 1407 1499
1433 3 1395 1453 1467 3 1395 1467 1407 3
1397 1463 1453 3 1397 1453 1395 3 9841 10153
10097 3 9841 10097 9771 3 10153 10430 10355 3
10153 10355 10097 3 9771 10097 10135 3 9771 10135
9817 3 10097 10355 10396 3 10097 10396 10135 3
9719 10057 9841 3 9719 9841 9489 3 10057 10307
10153 3 10057 10153 9841 3 10307 10561 10430 3
10307 10430 10153 3 10561 10774 10633 3 10561 10633
10430 3 10430 10633 10601 3 10430 10601 10355 3
10355 10601 10625 3 10355 10625 10396 3 10396 10625
10733 3 10396 10733 10525 3 10135 10396 10525 3
10135 10525 10271 3 9817 10135 10271 3 9817 10271
10007 3 9461 9817 10007 3 9461 10007 9677 3
9396 9771 9817 3 9396 9817 9461 3 9489 9841
9771 3 9489 9771 9396 3 4710 4654 4714 3
4710 4714 4790 3 4654 4674 4738 3 4654 4738
4714 3 4790 4714 4680 3 4790 4680 4732 3
4714 4738 4690 3 4714 4690 4680 3 4684 4514
4710 3 4684 4710 4860 3 4514 4446 4654 3
4514 4654 4710 3 4446 4474 4674 3 4446 4674
4654 3 4474 4592 4766 3 4474 4766 4674 3
4674 4766 4832 3 4674 4832 4738 3 4738 4832
4796 3 4738 4796 4690 3 4690 4796 4638 3
4690 4638 4534 3 4680 4690 4534 3 4680 4534
4506 3 4732 4680 4506 3 4732 4506 4574 3
4876 4732 4574 3 4876 4574 4722 3 4910 4790
4732 3 4910 4732 4876 3 4860 4710 4790 3
4860 4790 4910 3 2261 2235 2223 3 2261 2223
2253 3 2235 2251 2237 3 2235 2237 2223 3
2253 2223 2263 3 2253 2263 2289 3 2223 2237
2281 3 2223 2281 2263 3 2405 2329 2261 3
2405 2261 2327 3 2329 2305 2235 3 2329 2235
2261 3 2305 2319 2251 3 2305 2251 2235 3
2319 2393 2315 3 2319 2315 2251 3 2251 2315
2303 3 2251 2303 2237 3 2237 2303 2341 3
2237 2341 2281 3 2281 2341 2465 3 2281 2465
2379 3 2263 2281 2379 3 2263 2379 2357 3
2289 2263 2357 3 2289 2357 2385 3 2365 2289
2385 3 2365 2385 2479 3 2317 2253 2289 3
2317 2289 2365 3 2327 2261 2253 3 2327 2253
2317 3 8383 8467 8526 3 8383 8526 8427 3
8467 8609 8645 3 8467 8645 8526 3 8427 8526
8459 3 8427 8459 8381 3 8526 8645 8601 3
8526 8601 8459 3 8176 8242 8383 3 8176 8383
8327 3 8242 8331 8467 3 8242 8467 8383 3
8331 8443 8609 3 8331 8609 8467 3 8443 8615
8745 3 8443 8745 8609 3 8609 8745 8803 3
8609 8803 8645 3 8645 8803 8739 3 8645 8739
8601 3 8601 8739 8584 3 8601 8584 8423 3
8459 8601 8423 3 8459 8423 8313 3 8381 8459
8313 3 8381 8313 8228 3 8319 8381 8228 3
8319 8228 8166 3 8375 8427 8381 3 8375 8381
8319 3 8327 8383 8427 3 8327 8427 8375 3
2573 2611 2517 3 2573 2517 2483 3 2611 2635
2529 3 2611 2529 2517 3 2483 2517 2501 3
2483 2501 2473 3 2517 2529 2511 3 2517 2511
2501 3 2685 2733 2573 3 2685 2573 2503 3
2733 2773 2611 3 2733 2611 2573 3 2773 2781
2635 3 2773 2635 2611 3 2781 2783 2639 3
2781 2639 2635 3 2635 2639 2533 3 2635 2533
2529 3 2529 2533 2519 3 2529 2519 2511 3
2511 2519 2585 3 2511 2585 2581 3 2501 2511
2581 3 2501 2581 2571 3 2473 2501 2571 3
2473 2571 2537 3 2417 2473 2537 3 2417 2537
2477 3 2435 2483 2473 3 2435 2473 2417 3
2503 2573 2483 3 2503 2483 2435 3 11600 11585
11583 3 11600 11583 11598 3 11585 11550 11546 3
11585 11546 11583 3 11598 11583 11504 3 11598 11504
11533 3 11583 11546 11478 3 11583 11478 11504 3
11542 11527 11600 3 11542 11600 11612 3 11527 11500
11585 3 11527 11585 11600 3 11500 11474 11550 3
11500 11550 11585 3 11474 11433 11492 3 11474 11492
11550 3 11550 11492 11488 3 11550 11488 11546 3
11546 11488 11439 3 11546 11439 11478 3 11478 11439
11330 3 11478 11330 11371 3 11504 11478 11371 3
11504 11371 11396 3 11533 11504 11396 3 11533 11396
11410 3 11544 11533 11410 3 11544 11410 11421 3
11610 11598 11533 3 11610 11533 11544 3 11612 11600
11598 3 11612 11598 11610 3 4058 4038 3834 3
4058 3834 3854 3 4038 4020 3814 3 4038 3814
3834 3 3854 3834 3622 3 3854 3622 3632 3
3834 3814 3614 3 3834 3614 3622 3 4316 4250
4058 3 4316 4058 4082 3 4250 4222 4038 3
4250 4038 4058 3 4222 4202 4020 3 4222 4020
4038 3 4202 4174 4000 3 4202 4000 4020 3
4020 4000 3804 3 4020 3804 3814 3 3814 3804
3606 3 3814 3606 3614 3 3614 3606 3381 3
3614 3381 3385 3 3622 3614 3385 3 3622 3385
3393 3 3632 3622 3393 3 3632 3393 3409 3
3654 3632 3409 3 3654 3409 3425 3 3868 3854
3632 3 3868 3632 3654 3 4082 4058 3854 3
4082 3854 3868 3 4682 4672 4508 3 4682 4508
4538 3 4672 4652 4486 3 4672 4486 4508 3
4538 4508 4374 3 4538 4374 4398 3 4508 4486
4350 3 4508 4350 4374 3 4866 4846 4682 3
4866 4682 4698 3 4846 4840 4672 3 4846 4672
4682 3 4840 4826 4652 3 4840 4652 4672 3
4826 4804 4620 3 4826 4620 4652 3 4652 4620
4452 3 4652 4452 4486 3 4486 4452 4334 3
4486 4334 4350 3 4350 4334 4174 3 4350 4174
4202 3 4374 4350 4202 3 4374 4202 4222 3
4398 4374 4222 3 4398 4222 4250 3 4432 4398
4250 3 4432 4250 4316 3 4578 4538 4398 3
4578 4398 4432 3 4698 4682 4538 3 4698 4538
4578 3 6461 6427 6197 3 6461 6197 6231 3
6427 6401 6177 3 6427 6177 6197 3 6231 6197
6008 3 6231 6008 6029 3 6197 6177 5982 3
6197 5982 6008 3 6715 6639 6461 3 6715 6461
6493 3 6639 6597 6427 3 6639 6427 6461 3
6597 6565 6401 3 6597 6401 6427 3 6565 6515
6356 3 6565 6356 6401 3 6401 6356 6139 3
6401 6139 6177 3 6177 6139 5935 3 6177 5935
5982 3 5982 5935 5738 3 5982 5738 5763 3
6008 5982 5763 3 6008 5763 5781 3 6029 6008
5781 3 6029 5781 5789 3 6051 6029 5789 3
6051 5789 5801 3 6257 6231 6029 3 6257 6029
6051 3 6493 6461 6231 3 6493 6231 6257 3
5568 5550 5311 3 5568 5311 5324 3 5550 5522
5290 3 5550 5290 5311 3 5324 5311 5049 3
5324 5049 5071 3 5311 5290 5035 3 5311 5035
5049 3 5801 5789 5568 3 5801 5568 5590 3
5789 5781 5550 3 5789 5550 5568 3 5781 5763
5522 3 5781 5522 5550 3 5763 5738 5500 3
5763 5500 5522 3 5522 5500 5266 3 5522 5266
5290 3 5290 5266 5005 3 5290 5005 5035 3
5035 5005 4804 3 5035 4804 4826 3 5049 5035
4826 3 5049 4826 4840 3 5071 5049 4840 3
5071 4840 4846 3 5105 5071 4846 3 5105 4846
4866 3 5350 5324 5071 3 5350 5071 5105 3
5590 5568 5324 3 5590 5324 5350 3 7007 6987
6859 3 7007 6859 6887 3 6987 6953 6823 3
6987 6823 6859 3 6887 6859 6750 3 6887 6750
6774 3 6859 6823 6709 3 6859 6709 6750 3
7188 7177 7007 3 7188 7007 7025 3 7177 7163
6987 3 7177 6987 7007 3 7163 7137 6953 3
7163 6953 6987 3 7137 7093 6909 3 7137 6909
6953 3 6953 6909 6783 3 6953 6783 6823 3
6823 6783 6659 3 6823 6659 6709 3 6709 6659
6515 3 6709 6515 6565 3 6750 6709 6565 3
6750 6565 6597 3 6774 6750 6597 3 6774 6597
6639 3 6817 6774 6639 3 6817 6639 6715 3
6915 6887 6774 3 6915 6774 6817 3 7025 7007
6887 3 7025 6887 6915 3 9667 9647 9513 3
9667 9513 9556 3 9647 9612 9471 3 9647 9471
9513 3 9556 9513 9378 3 9556 9378 9416 3
9513 9471 9339 3 9513 9339 9378 3 9827 9823
9667 3 9827 9667 9683 3 9823 9811 9647 3
9823 9647 9667 3 9811 9781 9612 3 9811 9612
9647 3 9781 9721 9560 3 9781 9560 9612 3
9612 9560 9411 3 9612 9411 9471 3 9471 9411
9297 3 9471 9297 9339 3 9339 9297 9135 3
9339 9135 9193 3 9378 9339 9193 3 9378 9193
9243 3 9416 9378 9243 3 9416 9243 9281 3
9475 9416 9281 3 9475 9281 9341 3 9574 9556
9416 3 9574 9416 9475 3 9683 9667 9556 3
9683 9556 9574 3 10459 10449 10213 3 10459 10213
10237 3 10449 10426 10197 3 10449 10197 10213 3
10237 10213 10027 3 10237 10027 10053 3 10213 10197
9988 3 10213 9988 10027 3 10669 10653 10459 3
10669 10459 10467 3 10653 10639 10449 3 10653 10449
10459 3 10639 10627 10426 3 10639 10426 10449 3
10627 10597 10370 3 10627 10370 10426 3 10426 10370
10155 3 10426 10155 10197 3 10197 10155 9928 3
10197 9928 9988 3 9988 9928 9721 3 9988 9721
9781 3 10027 9988 9781 3 10027 9781 9811 3
10053 10027 9811 3 10053 9811 9823 3 10065 10053
9823 3 10065 9823 9827 3 10251 10237 10053 3
10251 10053 10065 3 10467 10459 10237 3 10467 10237
10251 3 7863 7838 7606 3 7863 7606 7620 3
7838 7814 7571 3 7838 7571 7606 3 7620 7606
7358 3 7620 7358 7378 3 7606 7571 7332 3
7606 7332 7358 3 8192 8170 7863 3 8192 7863
7891 3 8170 8142 7838 3 8170 7838 7863 3
8142 8109 7814 3 8142 7814 7838 3 8109 8049
7782 3 8109 7782 7814 3 7814 7782 7525 3
7814 7525 7571 3 7571 7525 7292 3 7571 7292
7332 3 7332 7292 7093 3 7332 7093 7137 3
7358 7332 7137 3 7358 7137 7163 3 7378 7358
7163 3 7378 7163 7177 3 7406 7378 7177 3
7406 7177 7188 3 7636 7620 7378 3 7636 7378
7406 3 7891 7863 7620 3 7891 7620 7636 3
3177 3171 2935 3 3177 2935 2947 3 3171 3161
2925 3 3171 2925 2935 3 2947 2935 2757 3
2947 2757 2777 3 2935 2925 2751 3 2935 2751
2757 3 3425 3409 3177 3 3425 3177 3193 3
3409 3393 3171 3 3409 3171 3177 3 3393 3385
3161 3 3393 3161 3171 3 3385 3381 3153 3
3385 3153 3161 3 3161 3153 2921 3 3161 2921
2925 3 2925 2921 2743 3 2925 2743 2751 3
2751 2743 2585 3 2751 2585 2591 3 2757 2751
2591 3 2757 2591 2603 3 2777 2757 2603 3
2777 2603 2623 3 2801 2777 2623 3 2801 2623
2647 3 2965 2947 2777 3 2965 2777 2801 3
3193 3177 2947 3 3193 2947 2965 3 4282 4078
4050 3 4282 4050 4270 3 4078 3850 3828 3
4078 3828 4050 3 4270 4050 4042 3 4270 4042
4252 3 4050 3828 3816 3 4050 3816 4042 3
4516 4304 4282 3 4516 4282 4492 3 4304 4084
4078 3 4304 4078 4282 3 4084 3862 3850 3
4084 3850 4078 3 3862 3638 3624 3 3862 3624
3850 3 3850 3624 3616 3 3850 3616 3828 3
3828 3616 3608 3 3828 3608 3816 3 3816 3608
3600 3 3816 3600 3812 3 4042 3816 3812 3
4042 3812 4034 3 4252 4042 4034 3 4252 4034
4244 3 4444 4252 4244 3 4444 4244 4414 3
4468 4270 4252 3 4468 4252 4444 3 4492 4282
4270 3 4492 4270 4468 3 4924 4810 4814 3
4924 4814 4937 3 4810 4678 4668 3 4810 4668
4814 3 4937 4814 4802 3 4937 4802 4922 3
4814 4668 4648 3 4814 4648 4802 3 5097 4898
4924 3 5097 4924 5121 3 4898 4794 4810 3
4898 4810 4924 3 4794 4676 4678 3 4794 4678
4810 3 4676 4516 4492 3 4676 4492 4678 3
4678 4492 4468 3 4678 4468 4668 3 4668 4468
4444 3 4668 4444 4648 3 4648 4444 4414 3
4648 4414 4616 3 4802 4648 4616 3 4802 4616
4784 3 4922 4802 4784 3 4922 4784 4906 3
5116 4922 4906 3 5116 4906 5101 3 5125 4937
4922 3 5125 4922 5116 3 5121 4924 4937 3
5121 4937 5125 3 6685 6469 6441 3 6685 6441
6647 3 6469 6213 6189 3 6469 6189 6441 3
6647 6441 6421 3 6647 6421 6617 3 6441 6189
6173 3 6441 6173 6421 3 6907 6711 6685 3
6907 6685 6873 3 6711 6487 6469 3 6711 6469
6685 3 6487 6241 6213 3 6487 6213 6469 3
6241 6033 6016 3 6241 6016 6213 3 6213 6016
5994 3 6213 5994 6189 3 6189 5994 5961 3
6189 5961 6173 3 6173 5961 5930 3 6173 5930
6135 3 6421 6173 6135 3 6421 6135 6373 3
6617 6421 6373 3 6617 6373 6581 3 6805 6617
6581 3 6805 6581 6768 3 6847 6647 6617 3
6847 6617 6805 3 6873 6685 6647 3 6873 6647
6847 3 5785 5564 5556 3 5785 5556 5773 3
5564 5336 5334 3 5564 5334 5556 3 5773 5556
5534 3 5773 5534 5759 3 5556 5334 5322 3
5556 5322 5534 3 6033 5797 5785 3 6033 5785
6016 3 5797 5580 5564 3 5797 5564 5785 3
5580 5352 5336 3 5580 5336 5564 3 5352 5097
5121 3 5352 5121 5336 3 5336 5121 5125 3
5336 5125 5334 3 5334 5125 5116 3 5334 5116
5322 3 5322 5116 5101 3 5322 5101 5302 3
5534 5322 5302 3 5534 5302 5508 3 5759 5534
5508 3 5759 5508 5734 3 5961 5759 5734 3
5961 5734 5930 3 5994 5773 5759 3 5994 5759
5961 3 6016 5785 5773 3 6016 5773 5994 3
7237 7117 7115 3 7237 7115 7239 3 7117 7009
6995 3 7117 6995 7115 3 7239 7115 7099 3
7239 7099 7214 3 7115 6995 6961 3 7115 6961
7099 3 7340 7200 7237 3 7340 7237 7368 3
7200 7105 7117 3 7200 7117 7237 3 7105 7017
7009 3 7105 7009 7117 3 7017 6907 6873 3
7017 6873 7009 3 7009 6873 6847 3 7009 6847
6995 3 6995 6847 6805 3 6995 6805 6961 3
6961 6805 6768 3 6961 6768 6923 3 7099 6961
6923 3 7099 6923 7061 3 7214 7099 7061 3
7214 7061 7180 3 7356 7214 7180 3 7356 7180
7320 3 7372 7239 7214 3 7372 7214 7356 3
7368 7237 7239 3 7368 7239 7372 3 9875 9767
9751 3 9875 9751 9877 3 9767 9645 9629 3
9767 9629 9751 3 9877 9751 9727 3 9877 9727
9853 3 9751 9629 9582 3 9751 9582 9727 3
10002 9845 9875 3 10002 9875 10045 3 9845 9747
9767 3 9845 9767 9875 3 9747 9657 9645 3
9747 9645 9767 3 9657 9541 9483 3 9657 9483
9645 3 9645 9483 9444 3 9645 9444 9629 3
9629 9444 9402 3 9629 9402 9582 3 9582 9402
9345 3 9582 9345 9535 3 9727 9582 9535 3
9727 9535 9669 3 9853 9727 9669 3 9853 9669
9807 3 10014 9853 9807 3 10014 9807 9950 3
10049 9877 9853 3 10049 9853 10014 3 10045 9875
9877 3 10045 9877 10049 3 10613 10406 10384 3
10613 10384 10603 3 10406 10199 10193 3 10406 10193
10384 3 10603 10384 10362 3 10603 10362 10579 3
10384 10193 10173 3 10384 10173 10362 3 10823 10623
10613 3 10823 10613 10815 3 10623 10428 10406 3
10623 10406 10613 3 10428 10205 10199 3 10428 10199
10406 3 10205 10002 10045 3 10205 10045 10199 3
10199 10045 10049 3 10199 10049 10193 3 10193 10049
10014 3 10193 10014 10173 3 10173 10014 9950 3
10173 9950 10133 3 10362 10173 10133 3 10362 10133
10321 3 10579 10362 10321 3 10579 10321 10541 3
10780 10579 10541 3 10780 10541 10746 3 10795 10603
10579 3 10795 10579 10780 3 10815 10613 10603 3
10815 10603 10795 3 8065 7805 7786 3 8065 7786
8042 3 7805 7577 7566 3 7805 7566 7786 3
8042 7786 7760 3 8042 7760 8011 3 7786 7566
7533 3 7786 7533 7760 3 8399 8107 8065 3
8399 8065 8370 3 8107 7822 7805 3 8107 7805
8065 3 7822 7594 7577 3 7822 7577 7805 3
7594 7340 7368 3 7594 7368 7577 3 7577 7368
7372 3 7577 7372 7566 3 7566 7372 7356 3
7566 7356 7533 3 7533 7356 7320 3 7533 7320
7494 3 7760 7533 7494 3 7760 7494 7726 3
8011 7760 7726 3 8011 7726 7979 3 8321 8011
7979 3 8321 7979 8272 3 8347 8042 8011 3
8347 8011 8321 3 8370 8065 8042 3 8370 8042
8347 3 3397 3179 3173 3 3397 3173 3383 3
3179 2969 2953 3 3179 2953 3173 3 3383 3173
3165 3 3383 3165 3379 3 3173 2953 2946 3
3173 2946 3165 3 3638 3413 3397 3 3638 3397
3624 3 3413 3195 3179 3 3413 3179 3397 3
3195 2981 2969 3 3195 2969 3179 3 2981 2827
2813 3 2981 2813 2969 3 2969 2813 2803 3
2969 2803 2953 3 2953 2803 2791 3 2953 2791
2946 3 2946 2791 2783 3 2946 2783 2941 3
3165 2946 2941 3 3165 2941 3157 3 3379 3165
3157 3 3379 3157 3373 3 3608 3379 3373 3
3608 3373 3600 3 3616 3383 3379 3 3616 3379
3608 3 3624 3397 3383 3 3624 3383 3616 3
9269 8994 8966 3 9269 8966 9247 3 8994 8675
8651 3 8994 8651 8966 3 9247 8966 8924 3
9247 8924 9211 3 8966 8651 8625 3 8966 8625
8924 3 9541 9293 9269 3 9541 9269 9483 3
9293 9025 8994 3 9293 8994 9269 3 9025 8713
8675 3 9025 8675 8994 3 8713 8399 8370 3
8713 8370 8675 3 8675 8370 8347 3 8675 8347
8651 3 8651 8347 8321 3 8651 8321 8625 3
8625 8321 8272 3 8625 8272 8574 3 8924 8625
8574 3 8924 8574 8875 3 9211 8924 8875 3
9211 8875 9147 3 9402 9211 9147 3 9402 9147
9345 3 9444 9247 9211 3 9444 9211 9402 3
9483 9269 9247 3 9483 9247 9444 3 9049 9017
8731 3 9049 8731 8761 3 9017 8978 8683 3
9017 8683 8731 3 8761 8731 8419 3 8761 8419
8447 3 8731 8683 8397 3 8731 8397 8419 3
9341 9281 9049 3 9341 9049 9085 3 9281 9243
9017 3 9281 9017 9049 3 9243 9193 8978 3
9243 8978 9017 3 9193 9135 8908 3 9193 8908
8978 3 8978 8908 8643 3 8978 8643 8683 3
8683 8643 8353 3 8683 8353 8397 3 8397 8353
8049 3 8397 8049 8109 3 8419 8397 8109 3
8419 8109 8142 3 8447 8419 8142 3 8447 8142
8170 3 8479 8447 8170 3 8479 8170 8192 3
8801 8761 8447 3 8801 8447 8479 3 9085 9049
8761 3 9085 8761 8801 3 8224 8001 7949 3
8224 7949 8180 3 8001 7788 7744 3 8001 7744
7949 3 8180 7949 7927 3 8180 7927 8148 3
7949 7744 7714 3 7949 7714 7927 3 8449 8296
8224 3 8449 8224 8393 3 8296 8063 8001 3
8296 8001 8224 3 8063 7836 7788 3 8063 7788
8001 3 7836 7624 7569 3 7836 7569 7788 3
7788 7569 7512 3 7788 7512 7744 3 7744 7512
7486 3 7744 7486 7714 3 7714 7486 7476 3
7714 7476 7706 3 7927 7714 7706 3 7927 7706
7925 3 8148 7927 7925 3 8148 7925 8152 3
8309 8148 8152 3 8309 8152 8323 3 8339 8180
8148 3 8339 8148 8309 3 8393 8224 8180 3
8393 8180 8339 3 7547 7756 7718 3 7547 7718
7496 3 7756 8009 7971 3 7756 7971 7718 3
7496 7718 7674 3 7496 7674 7458 3 7718 7971
7923 3 7718 7923 7674 3 7438 7596 7547 3
7438 7547 7400 3 7596 7793 7756 3 7596 7756
7547 3 7793 8051 8009 3 7793 8009 7756 3
8051 8359 8329 3 8051 8329 8009 3 8009 8329
8278 3 8009 8278 7971 3 7971 8278 8234 3
7971 8234 7923 3 7923 8234 8192 3 7923 8192
7891 3 7674 7923 7891 3 7674 7891 7636 3
7458 7674 7636 3 7458 7636 7406 3 7279 7458
7406 3 7279 7406 7188 3 7342 7496 7458 3
7342 7458 7279 3 7400 7547 7496 3 7400 7496
7342 3 7508 7730 7794 3 7508 7794 7590 3
7730 7989 8053 3 7730 8053 7794 3 7590 7794
7810 3 7590 7810 7610 3 7794 8053 8070 3
7794 8070 7810 3 7210 7388 7508 3 7210 7508
7354 3 7388 7622 7730 3 7388 7730 7508 3
7622 7871 7989 3 7622 7989 7730 3 7871 8186
8304 3 7871 8304 7989 3 7989 8304 8361 3
7989 8361 8053 3 8053 8361 8380 3 8053 8380
8070 3 8070 8380 8359 3 8070 8359 8051 3
7810 8070 8051 3 7810 8051 7793 3 7610 7810
7793 3 7610 7793 7596 3 7450 7610 7596 3
7450 7596 7438 3 7426 7590 7610 3 7426 7610
7450 3 7354 7508 7590 3 7354 7590 7426 3
6541 6871 7192 3 6541 7192 6866 3 6871 7251
7480 3 6871 7480 7192 3 6866 7192 7422 3
6866 7422 7182 3 7192 7480 7688 3 7192 7688
7422 3 6063 6273 6541 3 6063 6541 6336 3
6273 6579 6871 3 6273 6871 6541 3 6579 6973
7251 3 6579 7251 6871 3 6973 7376 7586 3
6973 7586 7251 3 7251 7586 7790 3 7251 7790
7480 3 7480 7790 7987 3 7480 7987 7688 3
7688 7987 8186 3 7688 8186 7871 3 7422 7688
7871 3 7422 7871 7622 3 7182 7422 7622 3
7182 7622 7388 3 6947 7182 7388 3 6947 7388
7210 3 6631 6866 7182 3 6631 7182 6947 3
6336 6541 6866 3 6336 6866 6631 3 5722 6027
6147 3 5722 6147 5847 3 6027 6393 6519 3
6027 6519 6147 3 5847 6147 6346 3 5847 6346
6053 3 6147 6519 6730 3 6147 6730 6346 3
5326 5598 5722 3 5326 5722 5467 3 5598 5909
6027 3 5598 6027 5722 3 5909 6279 6393 3
5909 6393 6027 3 6279 6728 6829 3 6279 6829
6393 3 6393 6829 6985 3 6393 6985 6519 3
6519 6985 7190 3 6519 7190 6730 3 6730 7190
7376 3 6730 7376 6973 3 6346 6730 6973 3
6346 6973 6579 3 6053 6346 6579 3 6053 6579
6273 3 5817 6053 6273 3 5817 6273 6063 3
5632 5847 6053 3 5632 6053 5817 3 5467 5722
5847 3 5467 5847 5632 3 6342 6655 6381 3
6342 6381 6069 3 6655 7097 6770 3 6655 6770
6381 3 6069 6381 6141 3 6069 6141 5831 3
6381 6770 6521 3 6381 6521 6141 3 6423 6653
6342 3 6423 6342 6107 3 6653 7023 6655 3
6653 6655 6342 3 7023 7394 7097 3 7023 7097
6655 3 7394 7734 7468 3 7394 7468 7097 3
7097 7468 7243 3 7097 7243 6770 3 6770 7243
7001 3 6770 7001 6521 3 6521 7001 6801 3
6521 6801 6364 3 6141 6521 6364 3 6141 6364
5998 3 5831 6141 5998 3 5831 5998 5675 3
5616 5831 5675 3 5616 5675 5418 3 5827 6069
5831 3 5827 5831 5616 3 6107 6342 6069 3
6107 6069 5827 3 5570 5887 5833 3 5570 5833
5512 3 5887 6249 6201 3 5887 6201 5833 3
5512 5833 5845 3 5512 5845 5536 3 5833 6201
6217 3 5833 6217 5845 3 5418 5675 5570 3
5418 5570 5292 3 5675 5998 5887 3 5675 5887
5570 3 5998 6364 6249 3 5998 6249 5887 3
6364 6801 6697 3 6364 6697 6249 3 6249 6697
6649 3 6249 6649 6201 3 6201 6649 6663 3
6201 6663 6217 3 6217 6663 6728 3 6217 6728
6279 3 5845 6217 6279 3 5845 6279 5909 3
5536 5845 5909 3 5536 5909 5598 3 5250 5536
5598 3 5250 5598 5326 3 5219 5512 5536 3
5219 5536 5250 3 5292 5570 5512 3 5292 5512
5219 3 7644 7921 7650 3 7644 7650 7374 3
7921 8298 7977 3 7921 7977 7650 3 7374 7650
7362 3 7374 7362 7045 3 7650 7977 7684 3
7650 7684 7362 3 7656 7877 7644 3 7656 7644
7436 3 7877 8203 7921 3 7877 7921 7644 3
8203 8568 8298 3 8203 8298 7921 3 8568 9009
8679 3 8568 8679 8298 3 8298 8679 8357 3
8298 8357 7977 3 7977 8357 8025 3 7977 8025
7684 3 7684 8025 7734 3 7684 7734 7394 3
7362 7684 7394 3 7362 7394 7023 3 7045 7362
7023 3 7045 7023 6653 3 6762 7045 6653 3
6762 6653 6423 3 7139 7374 7045 3 7139 7045
6762 3 7436 7644 7374 3 7436 7374 7139 3
8343 8687 8576 3 8343 8576 8248 3 8687 9129
9003 3 8687 9003 8576 3 8248 8576 8405 3
8248 8405 8078 3 8576 9003 8817 3 8576 8817
8405 3 8172 8413 8343 3 8172 8343 8084 3
8413 8787 8687 3 8413 8687 8343 3 8787 9235
9129 3 8787 9129 8687 3 9235 9731 9599 3
9235 9599 9129 3 9129 9599 9430 3 9129 9430
9003 3 9003 9430 9261 3 9003 9261 8817 3
8817 9261 9009 3 8817 9009 8568 3 8405 8817
8568 3 8405 8568 8203 3 8078 8405 8203 3
8078 8203 7877 3 7832 8078 7877 3 7832 7877
7656 3 7981 8248 8078 3 7981 8078 7832 3
8084 8343 8248 3 8084 8248 7981 3 8457 8492
8880 3 8457 8880 8847 3 8492 8511 8894 3
8492 8894 8880 3 8847 8880 9327 3 8847 9327
9295 3 8880 8894 9346 3 8880 9346 9327 3
8172 8215 8457 3 8172 8457 8413 3 8215 8246
8492 3 8215 8492 8457 3 8246 8253 8511 3
8246 8511 8492 3 8253 8257 8516 3 8253 8516
8511 3 8511 8516 8896 3 8511 8896 8894 3
8894 8896 9358 3 8894 9358 9346 3 9346 9358
9908 3 9346 9908 9903 3 9327 9346 9903 3
9327 9903 9873 3 9295 9327 9873 3 9295 9873
9813 3 9235 9295 9813 3 9235 9813 9731 3
8787 8847 9295 3 8787 9295 9235 3 8413 8457
8847 3 8413 8847 8787 3 8377 8270 8032 3
8377 8032 8146 3 8270 8194 7959 3 8270 7959
8032 3 8146 8032 7798 3 8146 7798 7883 3
8032 7959 7740 3 8032 7740 7798 3 8691 8564
8377 3 8691 8377 8487 3 8564 8441 8270 3
8564 8270 8377 3 8441 8363 8194 3 8441 8194
8270 3 8363 8323 8152 3 8363 8152 8194 3
8194 8152 7925 3 8194 7925 7959 3 7959 7925
7706 3 7959 7706 7740 3 7740 7706 7476 3
7740 7476 7498 3 7798 7740 7498 3 7798 7498
7567 3 7883 7798 7567 3 7883 7567 7638 3
7983 7883 7638 3 7983 7638 7728 3 8264 8146
7883 3 8264 7883 7983 3 8487 8377 8146 3
8487 8146 8264 3 7708 7672 7905 3 7708 7905
7937 3 7672 7628 7855 3 7672 7855 7905 3
7937 7905 8196 3 7937 8196 8232 3 7905 7855
8150 3 7905 8150 8196 3 7555 7517 7708 3
7555 7708 7736 3 7517 7478 7672 3 7517 7672
7708 3 7478 7430 7628 3 7478 7628 7672 3
7430 7340 7594 3 7430 7594 7628 3 7628 7594
7822 3 7628 7822 7855 3 7855 7822 8107 3
7855 8107 8150 3 8150 8107 8399 3 8150 8399
8433 3 8196 8150 8433 3 8196 8433 8481 3
8232 8196 8481 3 8232 8481 8530 3 8262 8232
8530 3 8262 8530 8554 3 7963 7937 8232 3
7963 8232 8262 3 7736 7708 7937 3 7736 7937
7963 3 7632 7698 7929 3 7632 7929 7845 3
7698 7742 7965 3 7698 7965 7929 3 7845 7929
8226 3 7845 8226 8140 3 7929 7965 8266 3
7929 8266 8226 3 7284 7448 7632 3 7284 7632
7472 3 7448 7519 7698 3 7448 7698 7632 3
7519 7557 7742 3 7519 7742 7698 3 7557 7555
7736 3 7557 7736 7742 3 7742 7736 7963 3
7742 7963 7965 3 7965 7963 8262 3 7965 8262
8266 3 8266 8262 8554 3 8266 8554 8556 3
8226 8266 8556 3 8226 8556 8522 3 8140 8226
8522 3 8140 8522 8425 3 7973 8140 8425 3
7973 8425 8294 3 7702 7845 8140 3 7702 8140
7973 3 7472 7632 7845 3 7472 7845 7702 3
6593 6935 7253 3 6593 7253 6929 3 6935 7261
7500 3 6935 7500 7253 3 6929 7253 7543 3
6929 7543 7294 3 7253 7500 7778 3 7253 7778
7543 3 6089 6369 6593 3 6089 6593 6315 3
6369 6691 6935 3 6369 6935 6593 3 6691 7037
7261 3 6691 7261 6935 3 7037 7284 7472 3
7037 7472 7261 3 7261 7472 7702 3 7261 7702
7500 3 7500 7702 7973 3 7500 7973 7778 3
7778 7973 8294 3 7778 8294 8080 3 7543 7778
8080 3 7543 8080 7843 3 7294 7543 7843 3
7294 7843 7630 3 7027 7294 7630 3 7027 7630
7410 3 6613 6929 7294 3 6613 7294 7027 3
6315 6593 6929 3 6315 6929 6613 3 5740 5867
6163 3 5740 6163 6041 3 5867 6073 6375 3
5867 6375 6163 3 6041 6163 6544 3 6041 6544
6411 3 6163 6375 6758 3 6163 6758 6544 3
5338 5481 5740 3 5338 5740 5610 3 5481 5646
5867 3 5481 5867 5740 3 5646 5835 6073 3
5646 6073 5867 3 5835 6089 6315 3 5835 6315
6073 3 6073 6315 6613 3 6073 6613 6375 3
6375 6613 7027 3 6375 7027 6758 3 6758 7027
7410 3 6758 7410 7206 3 6544 6758 7206 3
6544 7206 7011 3 6411 6544 7011 3 6411 7011
6849 3 6295 6411 6849 3 6295 6849 6744 3
5925 6041 6411 3 5925 6411 6295 3 5610 5740
6041 3 5610 6041 5925 3 6358 6081 6395 3
6358 6395 6683 3 6081 5841 6151 3 6081 6151
6395 3 6683 6395 6787 3 6683 6787 7109 3
6395 6151 6533 3 6395 6533 6787 3 6431 6119
6358 3 6431 6358 6681 3 6119 5837 6081 3
6119 6081 6358 3 5837 5622 5841 3 5837 5841
6081 3 5622 5430 5690 3 5622 5690 5841 3
5841 5690 6010 3 5841 6010 6151 3 6151 6010
6377 3 6151 6377 6533 3 6533 6377 6813 3
6533 6813 7013 3 6787 6533 7013 3 6787 7013
7249 3 7109 6787 7249 3 7109 7249 7482 3
7412 7109 7482 3 7412 7482 7752 3 7052 6683
7109 3 7052 7109 7412 3 6681 6358 6683 3
6681 6683 7052 3 5578 5524 5843 3 5578 5843
5895 3 5524 5542 5857 3 5524 5857 5843 3
5895 5843 6215 3 5895 6215 6263 3 5843 5857
6233 3 5843 6233 6215 3 5430 5299 5578 3
5430 5578 5690 3 5299 5231 5524 3 5299 5524
5578 3 5231 5264 5542 3 5231 5542 5524 3
5264 5338 5610 3 5264 5610 5542 3 5542 5610
5925 3 5542 5925 5857 3 5857 5925 6295 3
5857 6295 6233 3 6233 6295 6744 3 6233 6744
6679 3 6215 6233 6679 3 6215 6679 6669 3
6263 6215 6669 3 6263 6669 6713 3 6377 6263
6713 3 6377 6713 6813 3 6010 5895 6263 3
6010 6263 6377 3 5690 5578 5895 3 5690 5895
6010 3 7668 7396 7680 3 7668 7680 7943 3
7396 7071 7382 3 7396 7382 7680 3 7943 7680
7999 3 7943 7999 8325 3 7680 7382 7694 3
7680 7694 7999 3 7682 7454 7668 3 7682 7668
7908 3 7454 7161 7396 3 7454 7396 7668 3
7161 6779 7071 3 7161 7071 7396 3 6779 6431
6681 3 6779 6681 7071 3 7071 6681 7052 3
7071 7052 7382 3 7382 7052 7412 3 7382 7412
7694 3 7694 7412 7752 3 7694 7752 8045 3
7999 7694 8045 3 7999 8045 8389 3 8325 7999
8389 3 8325 8389 8727 3 8617 8325 8727 3
8617 8727 9039 3 8236 7943 8325 3 8236 8325
8617 3 7908 7668 7943 3 7908 7943 8236 3
8395 8280 8631 3 8395 8631 8759 3 8280 8125
8439 3 8280 8439 8631 3 8759 8631 9053 3
8759 9053 9203 3 8631 8439 8867 3 8631 8867
9053 3 8211 8138 8395 3 8211 8395 8469 3
8138 8007 8280 3 8138 8280 8395 3 8007 7865
8125 3 8007 8125 8280 3 7865 7682 7908 3
7865 7908 8125 3 8125 7908 8236 3 8125 8236
8439 3 8439 8236 8617 3 8439 8617 8867 3
8867 8617 9039 3 8867 9039 9299 3 9053 8867
9299 3 9053 9299 9497 3 9203 9053 9497 3
9203 9497 9681 3 9303 9203 9681 3 9303 9681
9809 3 8865 8759 9203 3 8865 9203 9303 3
8469 8395 8759 3 8469 8759 8865 3 8527 8918
8964 3 8527 8964 8566 3 8918 9355 9407 3
8918 9407 8964 3 8566 8964 8987 3 8566 8987
8585 3 8964 9407 9437 3 8964 9437 8987 3
8211 8469 8527 3 8211 8527 8260 3 8469 8865
8918 3 8469 8918 8527 3 8865 9303 9355 3
8865 9355 8918 3 9303 9809 9885 3 9303 9885
9355 3 9355 9885 9955 3 9355 9955 9407 3
9407 9955 9991 3 9407 9991 9437 3 9437 9991
10015 3 9437 10015 9449 3 8987 9437 9449 3
8987 9449 8991 3 8585 8987 8991 3 8585 8991
8597 3 8301 8585 8597 3 8301 8597 8305 3
8287 8566 8585 3 8287 8585 8301 3 8260 8527
8566 3 8260 8566 8287 3 8603 8355 8256 3
8603 8256 8463 3 8355 8099 7991 3 8355 7991
8256 3 8463 8256 8162 3 8463 8162 8371 3
8256 7991 7911 3 8256 7911 8162 3 8930 8725
8603 3 8930 8603 8795 3 8725 8461 8355 3
8725 8355 8603 3 8461 8214 8099 3 8461 8099
8355 3 8214 7919 7826 3 8214 7826 8099 3
8099 7826 7748 3 8099 7748 7991 3 7991 7748
7678 3 7991 7678 7911 3 7911 7678 7624 3
7911 7624 7836 3 8162 7911 7836 3 8162 7836
8063 3 8371 8162 8063 3 8371 8063 8296 3
8546 8371 8296 3 8546 8296 8449 3 8659 8463
8371 3 8659 8371 8546 3 8795 8603 8463 3
8795 8463 8659 3 11392 11203 11195 3 11392 11195
11380 3 11203 10993 10983 3 11203 10983 11195 3
11380 11195 11171 3 11380 11171 11355 3 11195 10983
10965 3 11195 10965 11171 3 11542 11404 11392 3
11542 11392 11527 3 11404 11217 11203 3 11404 11203
11392 3 11217 11015 10993 3 11217 10993 11203 3
11015 10823 10815 3 11015 10815 10993 3 10993 10815
10795 3 10993 10795 10983 3 10983 10795 10780 3
10983 10780 10965 3 10965 10780 10746 3 10965 10746
10929 3 11171 10965 10929 3 11171 10929 11133 3
11355 11171 11133 3 11355 11133 11307 3 11474 11355
11307 3 11474 11307 11433 3 11500 11380 11355 3
11500 11355 11474 3 11527 11392 11380 3 11527 11380
11500 3 11239 11223 11035 3 11239 11035 11058 3
11223 11201 11011 3 11223 11011 11035 3 11058 11035
10842 3 11058 10842 10861 3 11035 11011 10831 3
11035 10831 10842 3 11421 11410 11239 3 11421 11239
11256 3 11410 11396 11223 3 11410 11223 11239 3
11396 11371 11201 3 11396 11201 11223 3 11371 11330
11163 3 11371 11163 11201 3 11201 11163 10967 3
11201 10967 11011 3 11011 10967 10791 3 11011 10791
10831 3 10831 10791 10597 3 10831 10597 10627 3
10842 10831 10627 3 10842 10627 10639 3 10861 10842
10639 3 10861 10639 10653 3 10873 10861 10653 3
10873 10653 10669 3 11072 11058 10861 3 11072 10861
10873 3 11256 11239 11058 3 11256 11058 11072 3
10443 10255 10209 3 10443 10209 10398 3 10255 10073
10000 3 10255 10000 10209 3 10398 10209 10195 3
10398 10195 10380 3 10209 10000 9984 3 10209 9984
10195 3 10599 10493 10443 3 10599 10443 10588 3
10493 10325 10255 3 10493 10255 10443 3 10325 10137
10073 3 10325 10073 10255 3 10137 9889 9793 3
10137 9793 10073 3 10073 9793 9725 3 10073 9725
10000 3 10000 9725 9697 3 10000 9697 9984 3
9984 9697 9739 3 9984 9739 10025 3 10195 9984
10025 3 10195 10025 10215 3 10380 10195 10215 3
10380 10215 10400 3 10547 10380 10400 3 10547 10400
10519 3 10575 10398 10380 3 10575 10380 10547 3
10588 10443 10398 3 10588 10398 10575 3 10697 10589
10420 3 10697 10420 10545 3 10589 10473 10303 3
10589 10303 10420 3 10545 10420 10203 3 10545 10203
10329 3 10420 10303 10095 3 10420 10095 10203 3
10945 10833 10697 3 10945 10697 10821 3 10833 10711
10589 3 10833 10589 10697 3 10711 10607 10473 3
10711 10473 10589 3 10607 10519 10400 3 10607 10400
10473 3 10473 10400 10215 3 10473 10215 10303 3
10303 10215 10025 3 10303 10025 10095 3 10095 10025
9739 3 10095 9739 9829 3 10203 10095 9829 3
10203 9829 9970 3 10329 10203 9970 3 10329 9970
10109 3 10465 10329 10109 3 10465 10109 10239 3
10647 10545 10329 3 10647 10329 10465 3 10821 10697
10545 3 10821 10545 10647 3 10145 10319 10301 3
10145 10301 10115 3 10319 10531 10515 3 10319 10515
10301 3 10115 10301 10273 3 10115 10273 10091 3
10301 10515 10487 3 10301 10487 10273 3 10051 10163
10145 3 10051 10145 10019 3 10163 10331 10319 3
10163 10319 10145 3 10331 10553 10531 3 10331 10531
10319 3 10553 10754 10731 3 10553 10731 10531 3
10531 10731 10707 3 10531 10707 10515 3 10515 10707
10689 3 10515 10689 10487 3 10487 10689 10669 3
10487 10669 10467 3 10273 10487 10467 3 10273 10467
10251 3 10091 10273 10251 3 10091 10251 10065 3
9907 10091 10065 3 9907 10065 9827 3 9974 10115
10091 3 9974 10091 9907 3 10019 10145 10115 3
10019 10115 9974 3 10127 10317 10333 3 10127 10333
10159 3 10317 10533 10559 3 10317 10559 10333 3
10159 10333 10345 3 10159 10345 10169 3 10333 10559
10563 3 10333 10563 10345 3 9879 10075 10127 3
9879 10127 9978 3 10075 10259 10317 3 10075 10317
10127 3 10259 10489 10533 3 10259 10533 10317 3
10489 10703 10752 3 10489 10752 10533 3 10533 10752
10760 3 10533 10760 10559 3 10559 10760 10762 3
10559 10762 10563 3 10563 10762 10754 3 10563 10754
10553 3 10345 10563 10553 3 10345 10553 10331 3
10169 10345 10331 3 10169 10331 10163 3 10055 10169
10163 3 10055 10163 10051 3 10031 10159 10169 3
10031 10169 10055 3 9978 10127 10159 3 9978 10159
10031 3 9637 9962 10089 3 9637 10089 9799 3
9962 10267 10339 3 9962 10339 10089 3 9799 10089
10179 3 9799 10179 9940 3 10089 10339 10436 3
10089 10436 10179 3 9223 9469 9637 3 9223 9637
9362 3 9469 9833 9962 3 9469 9962 9637 3
9833 10189 10267 3 9833 10267 9962 3 10189 10509
10567 3 10189 10567 10267 3 10267 10567 10617 3
10267 10617 10339 3 10339 10617 10655 3 10339 10655
10436 3 10436 10655 10703 3 10436 10703 10489 3
10179 10436 10489 3 10179 10489 10259 3 9940 10179
10259 3 9940 10259 10075 3 9737 9940 10075 3
9737 10075 9879 3 9562 9799 9940 3 9562 9940
9737 3 9362 9637 9799 3 9362 9799 9562 3
9137 9529 9610 3 9137 9610 9233 3 9529 9990
10067 3 9529 10067 9610 3 9233 9610 9715 3
9233 9715 9323 3 9610 10067 10113 3 9610 10113
9715 3 8775 9077 9137 3 8775 9137 8853 3
9077 9463 9529 3 9077 9529 9137 3 9463 9952
9990 3 9463 9990 9529 3 9952 10337 10359 3
9952 10359 9990 3 9990 10359 10404 3 9990 10404
10067 3 10067 10404 10451 3 10067 10451 10113 3
10113 10451 10509 3 10113 10509 10189 3 9715 10113
10189 3 9715 10189 9833 3 9323 9715 9833 3
9323 9833 9469 3 9071 9323 9469 3 9071 9469
9223 3 8952 9233 9323 3 8952 9323 9071 3
8853 9137 9233 3 8853 9233 8952 3 9729 10131
9936 3 9729 9936 9473 3 10131 10505 10335 3
10131 10335 9936 3 9473 9936 9759 3 9473 9759
9301 3 9936 10335 10211 3 9936 10211 9759 3
9677 10004 9729 3 9677 9729 9364 3 10004 10323
10131 3 10004 10131 9729 3 10323 10663 10505 3
10323 10505 10131 3 10663 11005 10853 3 10663 10853
10505 3 10505 10853 10720 3 10505 10720 10335 3
10335 10720 10611 3 10335 10611 10211 3 10211 10611
10511 3 10211 10511 10105 3 9759 10211 10105 3
9759 10105 9604 3 9301 9759 9604 3 9301 9604
9165 3 8974 9301 9165 3 8974 9165 8837 3
9151 9473 9301 3 9151 9301 8974 3 9364 9729
9473 3 9364 9473 9151 3 9079 9505 9446 3
9079 9446 9037 3 9505 10037 9966 3 9505 9966
9446 3 9037 9446 9426 3 9037 9426 9041 3
9446 9966 9938 3 9446 9938 9426 3 8837 9165
9079 3 8837 9079 8747 3 9165 9604 9505 3
9165 9505 9079 3 9604 10105 10037 3 9604 10037
9505 3 10105 10511 10441 3 10105 10441 10037 3
10037 10441 10376 3 10037 10376 9966 3 9966 10376
10343 3 9966 10343 9938 3 9938 10343 10337 3
9938 10337 9952 3 9426 9938 9952 3 9426 9952
9463 3 9041 9426 9463 3 9041 9463 9077 3
8729 9041 9077 3 8729 9077 8775 3 8721 9037
9041 3 8721 9041 8729 3 8747 9079 9037 3
8747 9037 8721 3 10713 10963 10768 3 10713 10768
10497 3 10963 11293 11062 3 10963 11062 10768 3
10497 10768 10555 3 10497 10555 10247 3 10768 11062
10857 3 10768 10857 10555 3 10733 10909 10713 3
10733 10713 10525 3 10909 11183 10963 3 10909 10963
10713 3 11183 11512 11293 3 11183 11293 10963 3
11512 11811 11686 3 11512 11686 11293 3 11293 11686
11437 3 11293 11437 11062 3 11062 11437 11207 3
11062 11207 10857 3 10857 11207 11005 3 10857 11005
10663 3 10555 10857 10663 3 10555 10663 10323 3
10247 10555 10323 3 10247 10323 10004 3 10007 10247
10004 3 10007 10004 9677 3 10271 10497 10247 3
10271 10247 10007 3 10525 10713 10497 3 10525 10497
10271 3 11398 11707 11548 3 11398 11548 11252 3
11707 11865 11807 3 11707 11807 11548 3 11252 11548
11384 3 11252 11384 11102 3 11548 11807 11751 3
11548 11751 11384 3 11274 11486 11398 3 11274 11398
11186 3 11486 11779 11707 3 11486 11707 11398 3
11779 11895 11865 3 11779 11865 11707 3 11895 11991
11963 3 11895 11963 11865 3 11865 11963 11919 3
11865 11919 11807 3 11807 11919 11881 3 11807 11881
11751 3 11751 11881 11811 3 11751 11811 11512 3
11384 11751 11512 3 11384 11512 11183 3 11102 11384
11183 3 11102 11183 10909 3 10903 11102 10909 3
10903 10909 10733 3 11060 11252 11102 3 11060 11102
10903 3 11186 11398 11252 3 11186 11252 11060 3
11579 11625 11820 3 11579 11820 11801 3 11625 11651
11832 3 11625 11832 11820 3 11801 11820 11929 3
11801 11929 11909 3 11820 11832 11938 3 11820 11938
11929 3 11274 11357 11579 3 11274 11579 11486 3
11357 11389 11625 3 11357 11625 11579 3 11389 11414
11651 3 11389 11651 11625 3 11414 11415 11658 3
11414 11658 11651 3 11651 11658 11838 3 11651 11838
11832 3 11832 11838 11946 3 11832 11946 11938 3
11938 11946 12052 3 11938 12052 12049 3 11929 11938
12049 3 11929 12049 12041 3 11909 11929 12041 3
11909 12041 12019 3 11895 11909 12019 3 11895 12019
11991 3 11779 11801 11909 3 11779 11909 11895 3
11486 11579 11801 3 11486 11801 11779 3 10829 10671
10565 3 10829 10565 10699 3 10671 10501 10364 3
10671 10364 10565 3 10699 10565 10447 3 10699 10447
10595 3 10565 10364 10243 3 10565 10243 10447 3
11050 10935 10829 3 11050 10829 10927 3 10935 10793
10671 3 10935 10671 10829 3 10793 10619 10501 3
10793 10501 10671 3 10619 10410 10279 3 10619 10279
10501 3 10501 10279 10148 3 10501 10148 10364 3
10364 10148 10041 3 10364 10041 10243 3 10243 10041
9889 3 10243 9889 10137 3 10447 10243 10137 3
10447 10137 10325 3 10595 10447 10325 3 10595 10325
10493 3 10681 10595 10493 3 10681 10493 10599 3
10813 10699 10595 3 10813 10595 10681 3 10927 10829
10699 3 10927 10699 10813 3 10285 10263 10463 3
10285 10463 10475 3 10263 10229 10445 3 10263 10445
10463 3 10475 10463 10649 3 10475 10649 10661 3
10463 10445 10631 3 10463 10631 10649 3 10139 10125
10285 3 10139 10285 10295 3 10125 10101 10263 3
10125 10263 10285 3 10101 10077 10229 3 10101 10229
10263 3 10077 10002 10205 3 10077 10205 10229 3
10229 10205 10428 3 10229 10428 10445 3 10445 10428
10623 3 10445 10623 10631 3 10631 10623 10823 3
10631 10823 10835 3 10649 10631 10835 3 10649 10835
10851 3 10661 10649 10851 3 10661 10851 10871 3
10675 10661 10871 3 10675 10871 10879 3 10486 10475
10661 3 10486 10661 10675 3 10295 10285 10475 3
10295 10475 10486 3 10225 10277 10469 3 10225 10469
10439 3 10277 10293 10483 3 10277 10483 10469 3
10439 10469 10657 3 10439 10657 10629 3 10469 10483
10677 3 10469 10677 10657 3 9976 10081 10225 3
9976 10225 10151 3 10081 10117 10277 3 10081 10277
10225 3 10117 10141 10293 3 10117 10293 10277 3
10141 10139 10295 3 10141 10295 10293 3 10293 10295
10486 3 10293 10486 10483 3 10483 10486 10675 3
10483 10675 10677 3 10677 10675 10879 3 10677 10879
10881 3 10657 10677 10881 3 10657 10881 10869 3
10629 10657 10869 3 10629 10869 10839 3 10585 10629
10839 3 10585 10839 10797 3 10353 10439 10629 3
10353 10629 10585 3 10151 10225 10439 3 10151 10439
10353 3 9711 9883 10157 3 9711 10157 10061 3
9883 10059 10265 3 9883 10265 10157 3 10061 10157
10434 3 10061 10434 10327 3 10157 10265 10513 3
10157 10513 10434 3 9275 9420 9711 3 9275 9711
9558 3 9420 9641 9883 3 9420 9883 9711 3
9641 9821 10059 3 9641 10059 9883 3 9821 9976
10151 3 9821 10151 10059 3 10059 10151 10353 3
10059 10353 10265 3 10265 10353 10585 3 10265 10585
10513 3 10513 10585 10797 3 10513 10797 10750 3
10434 10513 10750 3 10434 10750 10673 3 10327 10434
10673 3 10327 10673 10621 3 10249 10327 10621 3
10249 10621 10569 3 9905 10061 10327 3 9905 10327
10249 3 9558 9711 10061 3 9558 10061 9905 3
9205 9287 9689 3 9205 9689 9588 3 9287 9386
9797 3 9287 9797 9689 3 9588 9689 10103 3
9588 10103 10069 3 9689 9797 10171 3 9689 10171
10103 3 8829 8889 9205 3 8829 9205 9119 3
8889 9005 9287 3 8889 9287 9205 3 9005 9115
9386 3 9005 9386 9287 3 9115 9275 9558 3
9115 9558 9386 3 9386 9558 9905 3 9386 9905
9797 3 9797 9905 10249 3 9797 10249 10171 3
10171 10249 10569 3 10171 10569 10503 3 10103 10171
10503 3 10103 10503 10453 3 10069 10103 10453 3
10069 10453 10422 3 10023 10069 10422 3 10023 10422
10390 3 9543 9588 10069 3 9543 10069 10023 3
9119 9205 9588 3 9119 9588 9543 3 9785 9545
9996 3 9785 9996 10177 3 9545 9335 9815 3
9545 9815 9996 3 10177 9996 10386 3 10177 10386
10551 3 9996 9815 10257 3 9996 10257 10386 3
9719 9406 9785 3 9719 9785 10063 3 9406 9195
9545 3 9406 9545 9785 3 9195 9019 9335 3
9195 9335 9545 3 9019 8879 9226 3 9019 9226
9335 3 9335 9226 9675 3 9335 9675 9815 3
9815 9675 10149 3 9815 10149 10257 3 10257 10149
10557 3 10257 10557 10635 3 10386 10257 10635 3
10386 10635 10764 3 10551 10386 10764 3 10551 10764
10893 3 10709 10551 10893 3 10709 10893 11056 3
10374 10177 10551 3 10374 10551 10709 3 10063 9785
10177 3 10063 10177 10374 3 9127 9091 9517 3
9127 9517 9570 3 9091 9095 9503 3 9091 9503
9517 3 9570 9517 10035 3 9570 10035 10083 3
9517 9503 10012 3 9517 10012 10035 3 8879 8797
9127 3 8879 9127 9226 3 8797 8765 9091 3
8797 9091 9127 3 8765 8771 9095 3 8765 9095
9091 3 8771 8829 9119 3 8771 9119 9095 3
9095 9119 9543 3 9095 9543 9503 3 9503 9543
10023 3 9503 10023 10012 3 10012 10023 10390 3
10012 10390 10392 3 10035 10012 10392 3 10035 10392
10432 3 10083 10035 10432 3 10083 10432 10471 3
10149 10083 10471 3 10149 10471 10557 3 9675 9570
10083 3 9675 10083 10149 3 9226 9127 9570 3
9226 9570 9675 3 10758 10537 10805 3 10758 10805
10999 3 10537 10287 10591 3 10537 10591 10805 3
10999 10805 11115 3 10999 11115 11349 3 10805 10591
10901 3 10805 10901 11115 3 10774 10561 10758 3
10774 10758 10949 3 10561 10307 10537 3 10561 10537
10758 3 10307 10057 10287 3 10307 10287 10537 3
10057 9719 10063 3 10057 10063 10287 3 10287 10063
10374 3 10287 10374 10591 3 10591 10374 10709 3
10591 10709 10901 3 10901 10709 11056 3 10901 11056
11250 3 11115 10901 11250 3 11115 11250 11480 3
11349 11115 11480 3 11349 11480 11755 3 11581 11349
11755 3 11581 11755 11831 3 11221 10999 11349 3
11221 11349 11581 3 10949 10758 10999 3 10949 10999
11221 3 11443 11309 11606 3 11443 11606 11763 3
11309 11143 11423 3 11309 11423 11606 3 11763 11606
11827 3 11763 11827 11879 3 11606 11423 11771 3
11606 11771 11827 3 11322 11210 11443 3 11322 11443
11554 3 11210 11096 11309 3 11210 11309 11443 3
11096 10933 11143 3 11096 11143 11309 3 10933 10774
10949 3 10933 10949 11143 3 11143 10949 11221 3
11143 11221 11423 3 11423 11221 11581 3 11423 11581
11771 3 11771 11581 11831 3 11771 11831 11897 3
11827 11771 11897 3 11827 11897 11935 3 11879 11827
11935 3 11879 11935 11979 3 11905 11879 11979 3
11905 11979 12003 3 11795 11763 11879 3 11795 11879
11905 3 11554 11443 11763 3 11554 11763 11795 3
11627 11823 11841 3 11627 11841 11692 3 11823 11931
11950 3 11823 11950 11841 3 11692 11841 11859 3
11692 11859 11730 3 11841 11950 11959 3 11841 11959
11859 3 11322 11554 11627 3 11322 11627 11388 3
11554 11795 11823 3 11554 11823 11627 3 11795 11905
11931 3 11795 11931 11823 3 11905 12003 12039 3
11905 12039 11931 3 11931 12039 12054 3 11931 12054
11950 3 11950 12054 12067 3 11950 12067 11959 3
11959 12067 12071 3 11959 12071 11961 3 11859 11959
11961 3 11859 11961 11863 3 11730 11859 11863 3
11730 11863 11735 3 11454 11730 11735 3 11454 11735
11460 3 11425 11692 11730 3 11425 11730 11454 3
11388 11627 11692 3 11388 11692 11425 3 11231 11066
10979 3 11231 10979 11151 3 11066 10877 10812 3
11066 10812 10979 3 11151 10979 10897 3 11151 10897
11048 3 10979 10812 10715 3 10979 10715 10897 3
11433 11307 11231 3 11433 11231 11373 3 11307 11133
11066 3 11307 11066 11231 3 11133 10929 10877 3
11133 10877 11066 3 10929 10746 10679 3 10929 10679
10877 3 10877 10679 10615 3 10877 10615 10812 3
10812 10615 10523 3 10812 10523 10715 3 10715 10523
10410 3 10715 10410 10619 3 10897 10715 10619 3
10897 10619 10793 3 11048 10897 10793 3 11048 10793
10935 3 11175 11048 10935 3 11175 10935 11050 3
11272 11151 11048 3 11272 11048 11175 3 11373 11231
11151 3 11373 11151 11272 3 11105 11013 10845 3
11105 10845 10917 3 11013 10921 10770 3 11013 10770
10845 3 10917 10845 10651 3 10917 10651 10742 3
10845 10770 10577 3 10845 10577 10651 3 11330 11248
11105 3 11330 11105 11163 3 11248 11173 11013 3
11248 11013 11105 3 11173 11070 10921 3 11173 10921
11013 3 11070 10945 10821 3 11070 10821 10921 3
10921 10821 10647 3 10921 10647 10770 3 10770 10647
10465 3 10770 10465 10577 3 10577 10465 10239 3
10577 10239 10349 3 10651 10577 10349 3 10651 10349
10457 3 10742 10651 10457 3 10742 10457 10539 3
10791 10742 10539 3 10791 10539 10597 3 10967 10917
10742 3 10967 10742 10791 3 11163 11105 10917 3
11163 10917 10967 3 9067 8805 8699 3 9067 8699
8976 3 8805 8501 8411 3 8805 8411 8699 3
8976 8699 8599 3 8976 8599 8859 3 8699 8411
8311 3 8699 8311 8599 3 9345 9147 9067 3
9345 9067 9283 3 9147 8875 8805 3 9147 8805
9067 3 8875 8574 8501 3 8875 8501 8805 3
8574 8272 8217 3 8574 8217 8501 3 8501 8217
8134 3 8501 8134 8411 3 8411 8134 8015 3
8411 8015 8311 3 8311 8015 7919 3 8311 7919
8214 3 8599 8311 8214 3 8599 8214 8461 3
8859 8599 8461 3 8859 8461 8725 3 9061 8859
8725 3 9061 8725 8930 3 9179 8976 8859 3
9179 8859 9061 3 9283 9067 8976 3 9283 8976
9179 3 8841 8735 8465 3 8841 8465 8570 3
8735 8623 8367 3 8735 8367 8465 3 8570 8465
8205 3 8570 8205 8292 3 8465 8367 8101 3
8465 8101 8205 3 9135 9055 8841 3 9135 8841
8908 3 9055 8960 8735 3 9055 8735 8841 3
8960 8835 8623 3 8960 8623 8735 3 8835 8691
8487 3 8835 8487 8623 3 8623 8487 8264 3
8623 8264 8367 3 8367 8264 7983 3 8367 7983
8101 3 8101 7983 7728 3 8101 7728 7820 3
8205 8101 7820 3 8205 7820 7913 3 8292 8205
7913 3 8292 7913 7985 3 8353 8292 7985 3
8353 7985 8049 3 8643 8570 8292 3 8643 8292
8353 3 8908 8841 8570 3 8908 8570 8643 3
2321 2347 2301 3 2321 2301 2277 3 2347 2423
2355 3 2347 2355 2301 3 2277 2301 2291 3
2277 2291 2270 3 2301 2355 2345 3 2301 2345
2291 3 2395 2411 2321 3 2395 2321 2337 3
2411 2471 2347 3 2411 2347 2321 3 2471 2553
2423 3 2471 2423 2347 3 2553 2685 2503 3
2553 2503 2423 3 2423 2503 2435 3 2423 2435
2355 3 2355 2435 2417 3 2355 2417 2345 3
2345 2417 2477 3 2345 2477 2391 3 2291 2345
2391 3 2291 2391 2331 3 2270 2291 2331 3
2270 2331 2307 3 2285 2270 2307 3 2285 2307
2310 3 2295 2277 2270 3 2295 2270 2285 3
2337 2321 2277 3 2337 2277 2295 3 11429 11347
11345 3 11429 11345 11427 3 11347 11229 11227 3
11347 11227 11345 3 11427 11345 11282 3 11427 11282
11378 3 11345 11227 11177 3 11345 11177 11282 3
11433 11373 11429 3 11433 11429 11492 3 11373 11272
11347 3 11373 11347 11429 3 11272 11175 11229 3
11272 11229 11347 3 11175 11050 11117 3 11175 11117
11229 3 11229 11117 11113 3 11229 11113 11227 3
11227 11113 11052 3 11227 11052 11177 3 11177 11052
10945 3 11177 10945 11070 3 11282 11177 11070 3
11282 11070 11173 3 11378 11282 11173 3 11378 11173
11248 3 11439 11378 11248 3 11439 11248 11330 3
11488 11427 11378 3 11488 11378 11439 3 11492 11429
11427 3 11492 11427 11488 3 3976 3958 3768 3
3976 3768 3788 3 3958 3918 3732 3 3958 3732
3768 3 3788 3768 3566 3 3788 3566 3596 3
3768 3732 3542 3 3768 3542 3566 3 4174 4138
3976 3 4174 3976 4000 3 4138 4106 3958 3
4138 3958 3976 3 4106 4070 3918 3 4106 3918
3958 3 4070 3992 3852 3 4070 3852 3918 3
3918 3852 3682 3 3918 3682 3732 3 3732 3682
3499 3 3732 3499 3542 3 3542 3499 3279 3
3542 3279 3335 3 3566 3542 3335 3 3566 3335
3365 3 3596 3566 3365 3 3596 3365 3377 3
3606 3596 3377 3 3606 3377 3381 3 3804 3788
3596 3 3804 3596 3606 3 4000 3976 3788 3
4000 3788 3804 3 4602 4546 4392 3 4602 4392
4416 3 4546 4476 4340 3 4546 4340 4392 3
4416 4392 4258 3 4416 4258 4296 3 4392 4340
4206 3 4392 4206 4258 3 4804 4778 4602 3
4804 4602 4620 3 4778 4720 4546 3 4778 4546
4602 3 4720 4664 4476 3 4720 4476 4546 3
4664 4566 4396 3 4664 4396 4476 3 4476 4396
4260 3 4476 4260 4340 3 4340 4260 4122 3
4340 4122 4206 3 4206 4122 3992 3 4206 3992
4070 3 4258 4206 4070 3 4258 4070 4106 3
4296 4258 4106 3 4296 4106 4138 3 4334 4296
4138 3 4334 4138 4174 3 4452 4416 4296 3
4452 4296 4334 3 4620 4602 4416 3 4620 4416
4452 3 6293 6207 6043 3 6293 6043 6099 3
6207 6137 5955 3 6207 5955 6043 3 6099 6043
5811 3 6099 5811 5885 3 6043 5955 5765 3
6043 5765 5811 3 6515 6481 6293 3 6515 6293
6356 3 6481 6405 6207 3 6481 6207 6293 3
6405 6326 6137 3 6405 6137 6207 3 6326 6229
6075 3 6326 6075 6137 3 6137 6075 5883 3
6137 5883 5955 3 5955 5883 5682 3 5955 5682
5765 3 5765 5682 5465 3 5765 5465 5540 3
5811 5765 5540 3 5811 5540 5618 3 5885 5811
5618 3 5885 5618 5671 3 5935 5885 5671 3
5935 5671 5738 3 6139 6099 5885 3 6139 5885
5935 3 6356 6293 6099 3 6356 6099 6139 3
5453 5388 5155 3 5453 5155 5203 3 5388 5320
5085 3 5388 5085 5155 3 5203 5155 4908 3
5203 4908 4959 3 5155 5085 4856 3 5155 4856
4908 3 5738 5671 5453 3 5738 5453 5500 3
5671 5618 5388 3 5671 5388 5453 3 5618 5540
5320 3 5618 5320 5388 3 5540 5465 5215 3
5540 5215 5320 3 5320 5215 4984 3 5320 4984
5085 3 5085 4984 4774 3 5085 4774 4856 3
4856 4774 4566 3 4856 4566 4664 3 4908 4856
4664 3 4908 4664 4720 3 4959 4908 4720 3
4959 4720 4778 3 5005 4959 4778 3 5005 4778
4804 3 5266 5203 4959 3 5266 4959 5005 3
5500 5453 5203 3 5500 5203 5266 3 6843 6760
6637 3 6843 6637 6718 3 6760 6673 6547 3
6760 6547 6637 3 6718 6637 6514 3 6718 6514
6599 3 6637 6547 6447 3 6637 6447 6514 3
7093 7021 6843 3 7093 6843 6909 3 7021 6931
6760 3 7021 6760 6843 3 6931 6827 6673 3
6931 6673 6760 3 6827 6738 6577 3 6827 6577
6673 3 6673 6577 6479 3 6673 6479 6547 3
6547 6479 6362 3 6547 6362 6447 3 6447 6362
6229 3 6447 6229 6326 3 6514 6447 6326 3
6514 6326 6405 3 6599 6514 6405 3 6599 6405
6481 3 6659 6599 6481 3 6659 6481 6515 3
6783 6718 6599 3 6783 6599 6659 3 6909 6843
6718 3 6909 6718 6783 3 9457 9343 9249 3
9457 9249 9331 3 9343 9241 9105 3 9343 9105
9249 3 9331 9249 9107 3 9331 9107 9227 3
9249 9105 8995 3 9249 8995 9107 3 9721 9639
9457 3 9721 9457 9560 3 9639 9509 9343 3
9639 9343 9457 3 9509 9368 9241 3 9509 9241
9343 3 9368 9255 9089 3 9368 9089 9241 3
9241 9089 8980 3 9241 8980 9105 3 9105 8980
8863 3 9105 8863 8995 3 8995 8863 8691 3
8995 8691 8835 3 9107 8995 8835 3 9107 8835
8960 3 9227 9107 8960 3 9227 8960 9055 3
9297 9227 9055 3 9297 9055 9135 3 9411 9331
9227 3 9411 9227 9297 3 9560 9457 9331 3
9560 9331 9411 3 10311 10221 9998 3 10311 9998
10093 3 10221 10123 9865 3 10221 9865 9998 3
10093 9998 9741 3 10093 9741 9849 3 9998 9865
9594 3 9998 9594 9741 3 10597 10539 10311 3
10597 10311 10370 3 10539 10457 10221 3 10539 10221
10311 3 10457 10349 10123 3 10457 10123 10221 3
10349 10239 10008 3 10349 10008 10123 3 10123 10008
9705 3 10123 9705 9865 3 9865 9705 9422 3
9865 9422 9594 3 9594 9422 9255 3 9594 9255
9368 3 9741 9594 9368 3 9741 9368 9509 3
9849 9741 9509 3 9849 9509 9639 3 9928 9849
9639 3 9928 9639 9721 3 10155 10093 9849 3
10155 9849 9928 3 10370 10311 10093 3 10370 10093
10155 3 7722 7646 7408 3 7722 7408 7466 3
7646 7575 7318 3 7646 7318 7408 3 7466 7408
7167 3 7466 7167 7245 3 7408 7318 7075 3
7408 7075 7167 3 8049 7985 7722 3 8049 7722
7782 3 7985 7913 7646 3 7985 7646 7722 3
7913 7820 7575 3 7913 7575 7646 3 7820 7728
7470 3 7820 7470 7575 3 7575 7470 7232 3
7575 7232 7318 3 7318 7232 6949 3 7318 6949
7075 3 7075 6949 6738 3 7075 6738 6827 3
7167 7075 6827 3 7167 6827 6931 3 7245 7167
6931 3 7245 6931 7021 3 7292 7245 7021 3
7292 7021 7093 3 7525 7466 7245 3 7525 7245
7292 3 7782 7722 7466 3 7782 7466 7525 3
3147 3137 2915 3 3147 2915 2919 3 3137 3115
2899 3 3137 2899 2915 3 2919 2915 2732 3
2919 2732 2739 3 2915 2899 2705 3 2915 2705
2732 3 3381 3377 3147 3 3381 3147 3153 3
3377 3365 3137 3 3377 3137 3147 3 3365 3335
3115 3 3365 3115 3137 3 3335 3279 3061 3
3335 3061 3115 3 3115 3061 2841 3 3115 2841
2899 3 2899 2841 2645 3 2899 2645 2705 3
2705 2645 2477 3 2705 2477 2537 3 2732 2705
2537 3 2732 2537 2571 3 2739 2732 2571 3
2739 2571 2581 3 2743 2739 2581 3 2743 2581
2585 3 2921 2919 2739 3 2921 2739 2743 3
3153 3147 2919 3 3153 2919 2921 3 4214 4014
3984 3 4214 3984 4181 3 4014 3800 3782 3
4014 3782 3984 3 4181 3984 3954 3 4181 3954
4118 3 3984 3782 3754 3 3984 3754 3954 3
4414 4244 4214 3 4414 4214 4402 3 4244 4034
4014 3 4244 4014 4214 3 4034 3812 3800 3
4034 3800 4014 3 3812 3600 3595 3 3812 3595
3800 3 3800 3595 3578 3 3800 3578 3782 3
3782 3578 3546 3 3782 3546 3754 3 3754 3546
3507 3 3754 3507 3710 3 3954 3754 3710 3
3954 3710 3888 3 4118 3954 3888 3 4118 3888
4074 3 4306 4118 4074 3 4306 4074 4238 3
4362 4181 4118 3 4362 4118 4306 3 4402 4214
4181 3 4402 4181 4362 3 4886 4744 4692 3
4886 4692 4850 3 4744 4594 4532 3 4744 4532
4692 3 4850 4692 4632 3 4850 4632 4798 3
4692 4532 4454 3 4692 4454 4632 3 5101 4906
4886 3 5101 4886 5063 3 4906 4784 4744 3
4906 4744 4886 3 4784 4616 4594 3 4784 4594
4744 3 4616 4414 4402 3 4616 4402 4594 3
4594 4402 4362 3 4594 4362 4532 3 4532 4362
4306 3 4532 4306 4454 3 4454 4306 4238 3
4454 4238 4388 3 4632 4454 4388 3 4632 4388
4542 3 4798 4632 4542 3 4798 4542 4700 3
4943 4798 4700 3 4943 4700 4868 3 5017 4850
4798 3 5017 4798 4943 3 5063 4886 4850 3
5063 4850 5017 3 6511 6320 6239 3 6511 6239
6455 3 6320 6097 6045 3 6320 6045 6239 3
6455 6239 6155 3 6455 6155 6371 3 6239 6045
5963 3 6239 5963 6155 3 6768 6581 6511 3
6768 6511 6707 3 6581 6373 6320 3 6581 6320
6511 3 6373 6135 6097 3 6373 6097 6320 3
6135 5930 5881 3 6135 5881 6097 3 6097 5881
5809 3 6097 5809 6045 3 6045 5809 5767 3
6045 5767 5963 3 5963 5767 5688 3 5963 5688
5889 3 6155 5963 5889 3 6155 5889 6095 3
6371 6155 6095 3 6371 6095 6287 3 6535 6371
6287 3 6535 6287 6471 3 6621 6455 6371 3
6621 6371 6535 3 6707 6511 6455 3 6707 6455
6621 3 5673 5475 5424 3 5673 5424 5626 3
5475 5272 5207 3 5475 5207 5424 3 5626 5424
5356 3 5626 5356 5562 3 5424 5207 5151 3
5424 5151 5356 3 5930 5734 5673 3 5930 5673
5881 3 5734 5508 5475 3 5734 5475 5673 3
5508 5302 5272 3 5508 5272 5475 3 5302 5101
5063 3 5302 5063 5272 3 5272 5063 5017 3
5272 5017 5207 3 5207 5017 4943 3 5207 4943
5151 3 5151 4943 4868 3 5151 4868 5059 3
5356 5151 5059 3 5356 5059 5277 3 5562 5356
5277 3 5562 5277 5487 3 5767 5562 5487 3
5767 5487 5688 3 5809 5626 5562 3 5809 5562
5767 3 5881 5673 5626 3 5881 5626 5809 3
7113 6975 6895 3 7113 6895 7035 3 6975 6853
6766 3 6975 6766 6895 3 7035 6895 6793 3
7035 6793 6925 3 6895 6766 6687 3 6895 6687
6793 3 7320 7180 7113 3 7320 7113 7267 3
7180 7061 6975 3 7180 6975 7113 3 7061 6923
6853 3 7061 6853 6975 3 6923 6768 6707 3
6923 6707 6853 3 6853 6707 6621 3 6853 6621
6766 3 6766 6621 6535 3 6766 6535 6687 3
6687 6535 6471 3 6687 6471 6587 3 6793 6687
6587 3 6793 6587 6705 3 6925 6793 6705 3
6925 6705 6825 3 7103 6925 6825 3 7103 6825
6993 3 7194 7035 6925 3 7194 6925 7103 3
7267 7113 7035 3 7267 7035 7194 3 9701 9576
9459 3 9701 9459 9590 3 9576 9428 9329 3
9576 9329 9459 3 9590 9459 9321 3 9590 9321
9451 3 9459 9329 9229 3 9459 9229 9321 3
9950 9807 9701 3 9950 9701 9869 3 9807 9669
9576 3 9807 9576 9701 3 9669 9535 9428 3
9669 9428 9576 3 9535 9345 9283 3 9535 9283
9428 3 9428 9283 9179 3 9428 9179 9329 3
9329 9179 9061 3 9329 9061 9229 3 9229 9061
8930 3 9229 8930 9081 3 9321 9229 9081 3
9321 9081 9215 3 9451 9321 9215 3 9451 9215
9309 3 9627 9451 9309 3 9627 9309 9467 3
9763 9590 9451 3 9763 9451 9627 3 9869 9701
9590 3 9869 9590 9763 3 10477 10261 10183 3
10477 10183 10394 3 10261 10079 9972 3 10261 9972
10183 3 10394 10183 10087 3 10394 10087 10291 3
10183 9972 9837 3 10183 9837 10087 3 10746 10541
10477 3 10746 10477 10679 3 10541 10321 10261 3
10541 10261 10477 3 10321 10133 10079 3 10321 10079
10261 3 10133 9950 9869 3 10133 9869 10079 3
10079 9869 9763 3 10079 9763 9972 3 9972 9763
9627 3 9972 9627 9837 3 9837 9627 9467 3
9837 9467 9691 3 10087 9837 9691 3 10087 9691
9942 3 10291 10087 9942 3 10291 9942 10185 3
10523 10291 10185 3 10523 10185 10410 3 10615 10394
10291 3 10615 10291 10523 3 10679 10477 10394 3
10679 10394 10615 3 7915 7670 7612 3 7915 7612
7840 3 7670 7456 7380 3 7670 7380 7612 3
7840 7612 7514 3 7840 7514 7762 3 7612 7380
7296 3 7612 7296 7514 3 8272 7979 7915 3
8272 7915 8217 3 7979 7726 7670 3 7979 7670
7915 3 7726 7494 7456 3 7726 7456 7670 3
7494 7320 7267 3 7494 7267 7456 3 7456 7267
7194 3 7456 7194 7380 3 7380 7194 7103 3
7380 7103 7296 3 7296 7103 6993 3 7296 6993
7212 3 7514 7296 7212 3 7514 7212 7442 3
7762 7514 7442 3 7762 7442 7676 3 8015 7762
7676 3 8015 7676 7919 3 8134 7840 7762 3
8134 7762 8015 3 8217 7915 7840 3 8217 7840
8134 3 3369 3155 3139 3 3369 3139 3363 3
3155 2939 2933 3 3155 2933 3139 3 3363 3139
3121 3 3363 3121 3337 3 3139 2933 2909 3
3139 2909 3121 3 3600 3373 3369 3 3600 3369
3595 3 3373 3157 3155 3 3373 3155 3369 3
3157 2941 2939 3 3157 2939 3155 3 2941 2783
2781 3 2941 2781 2939 3 2939 2781 2773 3
2939 2773 2933 3 2933 2773 2733 3 2933 2733
2909 3 2909 2733 2685 3 2909 2685 2855 3
3121 2909 2855 3 3121 2855 3067 3 3337 3121
3067 3 3337 3067 3281 3 3546 3337 3281 3
3546 3281 3507 3 3578 3363 3337 3 3578 3337
3546 3 3595 3369 3363 3 3595 3363 3578 3
3198 3102 2882 3 3198 2882 2972 3 3102 2996
2798 3 3102 2798 2882 3 2972 2882 2680 3
2972 2680 2778 3 2882 2798 2564 3 2882 2564
2680 3 3506 3418 3198 3 3506 3198 3280 3
3418 3324 3102 3 3418 3102 3198 3 3324 3226
2996 3 3324 2996 3102 3 3226 3142 2910 3
3226 2910 2996 3 2996 2910 2694 3 2996 2694
2798 3 2798 2694 2492 3 2798 2492 2564 3
2564 2492 2394 3 2564 2394 2410 3 2680 2564
2410 3 2680 2410 2470 3 2778 2680 2470 3
2778 2470 2552 3 2854 2778 2552 3 2854 2552
2684 3 3066 2972 2778 3 3066 2778 2854 3
3280 3198 2972 3 3280 2972 3066 3 7603 7501
7274 3 7603 7274 7351 3 7501 7445 7201 3
7501 7201 7274 3 7351 7274 7038 3 7351 7038
7118 3 7274 7201 6950 3 7274 6950 7038 3
7918 7825 7603 3 7918 7603 7675 3 7825 7747
7501 3 7825 7501 7603 3 7747 7677 7445 3
7747 7445 7501 3 7677 7623 7383 3 7677 7383
7445 3 7445 7383 7146 3 7445 7146 7201 3
7201 7146 6890 3 7201 6890 6950 3 6950 6890
6694 3 6950 6694 6755 3 7038 6950 6755 3
7038 6755 6802 3 7118 7038 6802 3 7118 6802
6896 3 7211 7118 6896 3 7211 6896 6992 3
7441 7351 7118 3 7441 7118 7211 3 7675 7603
7351 3 7675 7351 7441 3 12138 12159 12256 3
12138 12256 12232 3 12159 12169 12274 3 12159 12274
12256 3 12232 12256 12340 3 12232 12340 12320 3
12256 12274 12360 3 12256 12360 12340 3 12002 12038
12138 3 12002 12138 12107 3 12038 12053 12159 3
12038 12159 12138 3 12053 12068 12169 3 12053 12169
12159 3 12068 12071 12178 3 12068 12178 12169 3
12169 12178 12279 3 12169 12279 12274 3 12274 12279
12365 3 12274 12365 12360 3 12360 12365 12436 3
12360 12436 12425 3 12340 12360 12425 3 12340 12425
12405 3 12320 12340 12405 3 12320 12405 12384 3
12288 12320 12384 3 12288 12384 12355 3 12201 12232
12320 3 12201 12320 12288 3 12107 12138 12232 3
12107 12232 12201 3 12084 12172 12131 3 12084 12131
12044 3 12172 12250 12207 3 12172 12207 12131 3
12044 12131 12093 3 12044 12093 11992 3 12131 12207
12170 3 12131 12170 12093 3 12002 12107 12084 3
12002 12084 11978 3 12107 12201 12172 3 12107 12172
12084 3 12201 12288 12250 3 12201 12250 12172 3
12288 12355 12316 3 12288 12316 12250 3 12250 12316
12280 3 12250 12280 12207 3 12207 12280 12230 3
12207 12230 12170 3 12170 12230 12191 3 12170 12191
12119 3 12093 12170 12119 3 12093 12119 12042 3
11992 12093 12042 3 11992 12042 11942 3 11896 11992
11942 3 11896 11942 11830 3 11934 12044 11992 3
11934 11992 11896 3 11978 12084 12044 3 11978 12044
11934 3 11884 11984 11920 3 11884 11920 11804 3
11984 12069 12006 3 11984 12006 11920 3 11804 11920
11868 3 11804 11868 11667 3 11920 12006 11957 3
11920 11957 11868 3 11830 11942 11884 3 11830 11884
11754 3 11942 12042 11984 3 11942 11984 11884 3
12042 12119 12069 3 12042 12069 11984 3 12119 12191
12127 3 12119 12127 12069 3 12069 12127 12082 3
12069 12082 12006 3 12006 12082 12026 3 12006 12026
11957 3 11957 12026 11974 3 11957 11974 11898 3
11868 11957 11898 3 11868 11898 11788 3 11667 11868
11788 3 11667 11788 11450 3 11249 11667 11450 3
11249 11450 11055 3 11479 11804 11667 3 11479 11667
11249 3 11754 11884 11804 3 11754 11804 11479 3
10826 11160 11097 3 10826 11097 10777 3 11160 11481
11405 3 11160 11405 11097 3 10777 11097 11040 3
10777 11040 10747 3 11097 11405 11358 3 11097 11358
11040 3 10556 10898 10826 3 10556 10826 10470 3
10898 11241 11160 3 10898 11160 10826 3 11241 11595
11481 3 11241 11481 11160 3 11595 11796 11764 3
11595 11764 11481 3 11481 11764 11665 3 11481 11665
11405 3 11405 11665 11601 3 11405 11601 11358 3
11358 11601 11557 3 11358 11557 11319 3 11040 11358
11319 3 11040 11319 11024 3 10747 11040 11024 3
10747 11024 10726 3 10391 10747 10726 3 10391 10726
10389 3 10431 10777 10747 3 10431 10747 10391 3
10470 10826 10777 3 10470 10777 10431 3 11264 11669
11490 3 11264 11490 11118 3 11669 11851 11792 3
11669 11792 11490 3 11118 11490 11368 3 11118 11368
10984 3 11490 11792 11738 3 11490 11738 11368 3
11055 11450 11264 3 11055 11264 10892 3 11450 11788
11669 3 11450 11669 11264 3 11788 11898 11851 3
11788 11851 11669 3 11898 11974 11922 3 11898 11922
11851 3 11851 11922 11886 3 11851 11886 11792 3
11792 11886 11839 3 11792 11839 11738 3 11738 11839
11796 3 11738 11796 11595 3 11368 11738 11595 3
11368 11595 11241 3 10984 11368 11241 3 10984 11241
10898 3 10634 10984 10898 3 10634 10898 10556 3
10763 11118 10984 3 10763 10984 10634 3 10892 11264
11118 3 10892 11118 10763 3 10744 11026 11036 3
10744 11036 10771 3 11026 11311 11323 3 11026 11323
11036 3 10771 11036 11077 3 10771 11077 10798 3
11036 11323 11342 3 11036 11342 11077 3 10389 10726
10744 3 10389 10744 10421 3 10726 11024 11026 3
10726 11026 10744 3 11024 11319 11311 3 11024 11311
11026 3 11319 11557 11534 3 11319 11534 11311 3
11311 11534 11539 3 11311 11539 11323 3 11323 11539
11559 3 11323 11559 11342 3 11342 11559 11568 3
11342 11568 11364 3 11077 11342 11364 3 11077 11364
11106 3 10798 11077 11106 3 10798 11106 10836 3
10502 10798 10836 3 10502 10836 10568 3 10452 10771
10798 3 10452 10798 10502 3 10421 10744 10771 3
10421 10771 10452 3 10874 11136 11165 3 10874 11165
10912 3 11136 11381 11393 3 11136 11393 11165 3
10912 11165 11196 3 10912 11196 10958 3 11165 11393
11411 3 11165 11411 11196 3 10568 10836 10874 3
10568 10874 10620 3 10836 11106 11136 3 10836 11136
10874 3 11106 11364 11381 3 11106 11381 11136 3
11364 11568 11572 3 11364 11572 11381 3 11381 11572
11574 3 11381 11574 11393 3 11393 11574 11586 3
11393 11586 11411 3 11411 11586 11593 3 11411 11593
11430 3 11196 11411 11430 3 11196 11430 11224 3
10958 11196 11224 3 10958 11224 11000 3 10749 10958
11000 3 10749 11000 10796 3 10672 10912 10958 3
10672 10958 10749 3 10620 10874 10912 3 10620 10912
10672 3 11038 11261 11287 3 11038 11287 11079 3
11261 11458 11467 3 11261 11467 11287 3 11079 11287
11298 3 11079 11298 11089 3 11287 11467 11475 3
11287 11475 11298 3 10796 11000 11038 3 10796 11038
10838 3 11000 11224 11261 3 11000 11261 11038 3
11224 11430 11458 3 11224 11458 11261 3 11430 11593
11607 3 11430 11607 11458 3 11458 11607 11621 3
11458 11621 11467 3 11467 11621 11623 3 11467 11623
11475 3 11475 11623 11619 3 11475 11619 11469 3
11298 11475 11469 3 11298 11469 11294 3 11089 11298
11294 3 11089 11294 11087 3 10880 11089 11087 3
10880 11087 10878 3 10868 11079 11089 3 10868 11089
10880 3 10838 11038 11079 3 10838 11079 10868 3
11075 11277 11259 3 11075 11259 11053 3 11277 11461
11446 3 11277 11446 11259 3 11053 11259 11232 3
11053 11232 11030 3 11259 11446 11418 3 11259 11418
11232 3 10878 11087 11075 3 10878 11075 10870 3
11087 11294 11277 3 11087 11277 11075 3 11294 11469
11461 3 11294 11461 11277 3 11469 11619 11603 3
11469 11603 11461 3 11461 11603 11588 3 11461 11588
11446 3 11446 11588 11564 3 11446 11564 11418 3
11418 11564 11541 3 11418 11541 11403 3 11232 11418
11403 3 11232 11403 11216 3 11030 11232 11216 3
11030 11216 11014 3 10834 11030 11014 3 10834 11014
10822 3 10850 11053 11030 3 10850 11030 10834 3
10870 11075 11053 3 10870 11053 10850 3 3452 3496
3873 3 3452 3873 3825 3 3496 3514 3898 3
3496 3898 3873 3 3825 3873 4241 3 3825 4241
4185 3 3873 3898 4265 3 3873 4265 4241 3
2960 3018 3452 3 2960 3452 3390 3 3018 3076
3496 3 3018 3496 3452 3 3076 3095 3514 3
3076 3514 3496 3 3095 3098 3521 3 3095 3521
3514 3 3514 3521 3911 3 3514 3911 3898 3
3898 3911 4277 3 3898 4277 4265 3 4265 4277
4641 3 4265 4641 4621 3 4241 4265 4621 3
4241 4621 4585 3 4185 4241 4585 3 4185 4585
4497 3 4097 4185 4497 3 4097 4497 4403 3
3761 3825 4185 3 3761 4185 4097 3 3390 3452
3825 3 3390 3825 3761 3 3304 3683 3559 3
3304 3559 3188 3 3683 4011 3893 3 3683 3893
3559 3 3188 3559 3422 3 3188 3422 3020 3
3559 3893 3737 3 3559 3737 3422 3 2960 3390
3304 3 2960 3304 2890 3 3390 3761 3683 3
3390 3683 3304 3 3761 4097 4011 3 3761 4011
3683 3 4097 4403 4289 3 4097 4289 4011 3
4011 4289 4145 3 4011 4145 3893 3 3893 4145
3987 3 3893 3987 3737 3 3737 3987 3801 3
3737 3801 3555 3 3422 3737 3555 3 3422 3555
3224 3 3020 3422 3224 3 3020 3224 2830 3
2558 3020 2830 3 2558 2830 2360 3 2760 3188
3020 3 2760 3020 2558 3 2890 3304 3188 3
2890 3188 2760 3 2538 2982 2716 3 2538 2716
2286 3 2982 3332 3078 3 2982 3078 2716 3
2286 2716 2374 3 2286 2374 2128 3 2716 3078
2784 3 2716 2784 2374 3 2360 2830 2538 3
2360 2538 2192 3 2830 3224 2982 3 2830 2982
2538 3 3224 3555 3332 3 3224 3332 2982 3
3555 3801 3591 3 3555 3591 3332 3 3332 3591
3338 3 3332 3338 3078 3 3078 3338 3058 3
3078 3058 2784 3 2784 3058 2758 3 2784 2758
2430 3 2374 2784 2430 3 2374 2430 2176 3
2128 2374 2176 3 2128 2176 1975 3 1911 2128
1975 3 1911 1975 1774 3 2044 2286 2128 3
2044 2128 1911 3 2192 2538 2286 3 2192 2286
2044 3 1608 1714 1716 3 1608 1716 1614 3
1714 1850 1842 3 1714 1842 1716 3 1614 1716
1732 3 1614 1732 1628 3 1716 1842 1877 3
1716 1877 1732 3 1518 1618 1608 3 1518 1608
1502 3 1618 1734 1714 3 1618 1714 1608 3
1734 1893 1850 3 1734 1850 1714 3 1893 2028
1988 3 1893 1988 1850 3 1850 1988 1982 3
1850 1982 1842 3 1842 1982 2004 3 1842 2004
1877 3 1877 2004 2040 3 1877 2040 1929 3
1732 1877 1929 3 1732 1929 1776 3 1628 1732
1776 3 1628 1776 1664 3 1526 1628 1664 3
1526 1664 1570 3 1508 1614 1628 3 1508 1628
1526 3 1502 1608 1614 3 1502 1614 1508 3
1824 2024 1899 3 1824 1899 1720 3 2024 2206
2062 3 2024 2062 1899 3 1720 1899 1792 3
1720 1792 1666 3 1899 2062 1970 3 1899 1970
1792 3 1774 1975 1824 3 1774 1824 1678 3
1975 2176 2024 3 1975 2024 1824 3 2176 2430
2206 3 2176 2206 2024 3 2430 2758 2412 3
2430 2412 2206 3 2206 2412 2212 3 2206 2212
2062 3 2062 2212 2112 3 2062 2112 1970 3
1970 2112 2028 3 1970 2028 1893 3 1792 1970
1893 3 1792 1893 1734 3 1666 1792 1734 3
1666 1734 1618 3 1560 1666 1618 3 1560 1618
1518 3 1610 1720 1666 3 1610 1666 1560 3
1678 1824 1720 3 1678 1720 1610 3 1712 1834
1949 3 1712 1949 1782 3 1834 1998 2102 3
1834 2102 1949 3 1782 1949 2074 3 1782 2074
1917 3 1949 2102 2230 3 1949 2230 2074 3
1570 1664 1712 3 1570 1712 1612 3 1664 1776
1834 3 1664 1834 1712 3 1776 1929 1998 3
1776 1998 1834 3 1929 2040 2134 3 1929 2134
1998 3 1998 2134 2224 3 1998 2224 2102 3
2102 2224 2408 3 2102 2408 2230 3 2230 2408
2768 3 2230 2768 2490 3 2074 2230 2490 3
2074 2490 2254 3 1917 2074 2254 3 1917 2254
2082 3 1758 1917 2082 3 1758 2082 1919 3
1670 1782 1917 3 1670 1917 1758 3 1612 1712
1782 3 1612 1782 1670 3 2309 2614 3036 3
2309 3036 2748 3 2614 2904 3288 3 2614 3288
3036 3 2748 3036 3414 3 2748 3414 3150 3
3036 3288 3635 3 3036 3635 3414 3 1919 2082
2309 3 1919 2309 2126 3 2082 2254 2614 3
2082 2614 2309 3 2254 2490 2904 3 2254 2904
2614 3 2490 2768 3118 3 2490 3118 2904 3
2904 3118 3476 3 2904 3476 3288 3 3288 3476
3793 3 3288 3793 3635 3 3635 3793 4085 3
3635 4085 3929 3 3414 3635 3929 3 3414 3929
3717 3 3150 3414 3717 3 3150 3717 3486 3
2856 3150 3486 3 2856 3486 3206 3 2388 2748
3150 3 2388 3150 2856 3 2126 2309 2748 3
2126 2748 2388 3 3701 3937 4075 3 3701 4075
3839 3 3937 4129 4279 3 3937 4279 4075 3
3839 4075 4123 3 3839 4123 3913 3 4075 4279
4355 3 4075 4355 4123 3 3206 3486 3701 3
3206 3701 3456 3 3486 3717 3937 3 3486 3937
3701 3 3717 3929 4129 3 3717 4129 3937 3
3929 4085 4313 3 3929 4313 4129 3 4129 4313
4441 3 4129 4441 4279 3 4279 4441 4525 3
4279 4525 4355 3 4355 4525 4549 3 4355 4549
4375 3 4123 4355 4375 3 4123 4375 4148 3
3913 4123 4148 3 3913 4148 3939 3 3673 3913
3939 3 3673 3939 3703 3 3597 3839 3913 3
3597 3913 3673 3 3456 3701 3839 3 3456 3839
3597 3 3933 4139 4119 3 3933 4119 3919 3
4139 4363 4341 3 4139 4341 4119 3 3919 4119
4099 3 3919 4099 3881 3 4119 4341 4325 3
4119 4325 4099 3 3703 3939 3933 3 3703 3933
3705 3 3939 4148 4139 3 3939 4139 3933 3
4148 4375 4363 3 4148 4363 4139 3 4375 4549
4527 3 4375 4527 4363 3 4363 4527 4501 3
4363 4501 4341 3 4341 4501 4489 3 4341 4489
4325 3 4325 4489 4515 3 4325 4515 4303 3
4099 4325 4303 3 4099 4303 4083 3 3881 4099
4083 3 3881 4083 3861 3 3661 3881 3861 3
3661 3861 3637 3 3687 3919 3881 3 3687 3881
3661 3 3705 3933 3919 3 3705 3919 3687 3
3046 3254 3232 3 3046 3232 3026 3 3254 3480
3460 3 3254 3460 3232 3 3026 3232 3212 3
3026 3212 3002 3 3232 3460 3436 3 3232 3436
3212 3 2870 3038 3046 3 2870 3046 2878 3
3038 3250 3254 3 3038 3254 3046 3 3250 3474
3480 3 3250 3480 3254 3 3474 3703 3705 3
3474 3705 3480 3 3480 3705 3687 3 3480 3687
3460 3 3460 3687 3661 3 3460 3661 3436 3
3436 3661 3637 3 3436 3637 3412 3 3212 3436
3412 3 3212 3412 3194 3 3002 3212 3194 3
3002 3194 2980 3 2838 3002 2980 3 2838 2980
2826 3 2860 3026 3002 3 2860 3002 2838 3
2878 3046 3026 3 2878 3026 2860 3 2726 2942
3124 3 2726 3124 2906 3 2942 3200 3348 3
2942 3348 3124 3 2906 3124 3204 3 2906 3204
2998 3 3124 3348 3440 3 3124 3440 3204 3
2272 2402 2726 3 2272 2726 2514 3 2402 2682
2942 3 2402 2942 2726 3 2682 2930 3200 3
2682 3200 2942 3 2930 3206 3456 3 2930 3456
3200 3 3200 3456 3597 3 3200 3597 3348 3
3348 3597 3673 3 3348 3673 3440 3 3440 3673
3703 3 3440 3703 3474 3 3204 3440 3474 3
3204 3474 3250 3 2998 3204 3250 3 2998 3250
3038 3 2832 2998 3038 3 2832 3038 2870 3
2734 2906 2998 3 2734 2998 2832 3 2514 2726
2906 3 2514 2906 2734 3 1722 1814 2034 3
1722 2034 1925 3 1814 1963 2182 3 1814 2182
2034 3 1925 2034 2282 3 1925 2282 2160 3
2034 2182 2524 3 2034 2524 2282 3 1564 1602
1722 3 1564 1722 1674 3 1602 1676 1814 3
1602 1814 1722 3 1676 1764 1963 3 1676 1963
1814 3 1764 1919 2126 3 1764 2126 1963 3
1963 2126 2388 3 1963 2388 2182 3 2182 2388
2856 3 2182 2856 2524 3 2524 2856 3206 3
2524 3206 2930 3 2282 2524 2930 3 2282 2930
2682 3 2160 2282 2682 3 2160 2682 2402 3
2052 2160 2402 3 2052 2402 2272 3 1832 1925
2160 3 1832 2160 2052 3 1674 1722 1925 3
1674 1925 1832 3 1390 1442 1494 3 1390 1494
1434 3 1442 1514 1584 3 1442 1584 1494 3
1434 1494 1582 3 1434 1582 1510 3 1494 1584
1662 3 1494 1662 1582 3 1320 1354 1390 3
1320 1390 1356 3 1354 1402 1442 3 1354 1442
1390 3 1402 1474 1514 3 1402 1514 1442 3
1474 1570 1612 3 1474 1612 1514 3 1514 1612
1670 3 1514 1670 1584 3 1584 1670 1758 3
1584 1758 1662 3 1662 1758 1919 3 1662 1919
1764 3 1582 1662 1764 3 1582 1764 1676 3
1510 1582 1676 3 1510 1676 1602 3 1468 1510
1602 3 1468 1602 1564 3 1400 1434 1510 3
1400 1510 1468 3 1356 1390 1434 3 1356 1434
1400 3 1410 1480 1416 3 1410 1416 1364 3
1480 1576 1504 3 1480 1504 1416 3 1364 1416
1386 3 1364 1386 1332 3 1416 1504 1460 3
1416 1460 1386 3 1422 1476 1410 3 1422 1410
1366 3 1476 1558 1480 3 1476 1480 1410 3
1558 1648 1576 3 1558 1576 1480 3 1648 1774
1678 3 1648 1678 1576 3 1576 1678 1610 3
1576 1610 1504 3 1504 1610 1560 3 1504 1560
1460 3 1460 1560 1518 3 1460 1518 1424 3
1386 1460 1424 3 1386 1424 1362 3 1332 1386
1362 3 1332 1362 1310 3 1294 1332 1310 3
1294 1310 1274 3 1324 1364 1332 3 1324 1332
1294 3 1366 1410 1364 3 1366 1364 1324 3
1302 1352 1360 3 1302 1360 1314 3 1352 1412
1418 3 1352 1418 1360 3 1314 1360 1374 3
1314 1374 1326 3 1360 1418 1438 3 1360 1438
1374 3 1274 1310 1302 3 1274 1302 1270 3
1310 1362 1352 3 1310 1352 1302 3 1362 1424
1412 3 1362 1412 1352 3 1424 1518 1502 3
1424 1502 1412 3 1412 1502 1508 3 1412 1508
1418 3 1418 1508 1526 3 1418 1526 1438 3
1438 1526 1570 3 1438 1570 1474 3 1374 1438
1474 3 1374 1474 1402 3 1326 1374 1402 3
1326 1402 1354 3 1296 1326 1354 3 1296 1354
1320 3 1280 1314 1326 3 1280 1326 1296 3
1270 1302 1314 3 1270 1314 1280 3 1692 1802
1710 3 1692 1710 1616 3 1802 1984 1846 3
1802 1846 1710 3 1616 1710 1622 3 1616 1622
1550 3 1710 1846 1728 3 1710 1728 1622 3
1686 1760 1692 3 1686 1692 1620 3 1760 1915
1802 3 1760 1802 1692 3 1915 2114 1984 3
1915 1984 1802 3 2114 2360 2192 3 2114 2192
1984 3 1984 2192 2044 3 1984 2044 1846 3
1846 2044 1911 3 1846 1911 1728 3 1728 1911
1774 3 1728 1774 1648 3 1622 1728 1648 3
1622 1648 1558 3 1550 1622 1558 3 1550 1558
1476 3 1486 1550 1476 3 1486 1476 1422 3
1562 1616 1550 3 1562 1550 1486 3 1620 1692
1616 3 1620 1616 1562 3 1978 2156 2088 3
1978 2088 1921 3 2156 2400 2312 3 2156 2312
2088 3 1921 2088 2012 3 1921 2012 1840 3
2088 2312 2204 3 2088 2204 2012 3 1897 2020
1978 3 1897 1978 1856 3 2020 2184 2156 3
2020 2156 1978 3 2184 2486 2400 3 2184 2400
2156 3 2486 2960 2890 3 2486 2890 2400 3
2400 2890 2760 3 2400 2760 2312 3 2312 2760
2558 3 2312 2558 2204 3 2204 2558 2360 3
2204 2360 2114 3 2012 2204 2114 3 2012 2114
1915 3 1840 2012 1915 3 1840 1915 1760 3
1746 1840 1760 3 1746 1760 1686 3 1804 1921
1840 3 1804 1840 1746 3 1856 1978 1921 3
1856 1921 1804 3 2036 2060 2247 3 2036 2247
2216 3 2060 2080 2259 3 2060 2259 2247 3
2216 2247 2616 3 2216 2616 2556 3 2247 2259
2649 3 2247 2649 2616 3 1897 1927 2036 3
1897 2036 2020 3 1927 1947 2060 3 1927 2060
2036 3 1947 1962 2080 3 1947 2080 2060 3
1962 1969 2090 3 1962 2090 2080 3 2080 2090
2266 3 2080 2266 2259 3 2259 2266 2662 3
2259 2662 2649 3 2649 2662 3098 3 2649 3098
3095 3 2616 2649 3095 3 2616 3095 3076 3
2556 2616 3076 3 2556 3076 3018 3 2486 2556
3018 3 2486 3018 2960 3 2184 2216 2556 3
2184 2556 2486 3 2020 2036 2216 3 2020 2216
2184 3 10308 10368 10724 3 10308 10724 10640 3
10368 10424 10776 3 10368 10776 10724 3 10640 10724
10996 3 10640 10996 10914 3 10724 10776 11081 3
10724 11081 10996 3 9808 9884 10308 3 9808 10308
10218 3 9884 9956 10368 3 9884 10368 10308 3
9956 9992 10424 3 9956 10424 10368 3 9992 10015
10437 3 9992 10437 10424 3 10424 10437 10785 3
10424 10785 10776 3 10776 10785 11103 3 10776 11103
11081 3 11081 11103 11376 3 11081 11376 11340 3
10996 11081 11340 3 10996 11340 11245 3 10914 10996
11245 3 10914 11245 11140 3 10818 10914 11140 3
10818 11140 11008 3 10570 10640 10914 3 10570 10914
10818 3 10218 10308 10640 3 10218 10640 10570 3
10118 10455 10314 3 10118 10314 9981 3 10455 10701
10582 3 10455 10582 10314 3 9981 10314 10142 3
9981 10142 9764 3 10314 10582 10417 3 10314 10417
10142 3 9808 10218 10118 3 9808 10118 9680 3
10218 10570 10455 3 10218 10455 10118 3 10570 10818
10701 3 10570 10701 10455 3 10818 11008 10890 3
10818 10890 10701 3 10701 10890 10765 3 10701 10765
10582 3 10582 10765 10604 3 10582 10604 10417 3
10417 10604 10388 3 10417 10388 10190 3 10142 10417
10190 3 10142 10190 9890 3 9764 10142 9890 3
9764 9890 9464 3 9298 9764 9464 3 9298 9464
9038 3 9496 9981 9764 3 9496 9764 9298 3
9680 10118 9981 3 9680 9981 9496 3 9140 9552
9168 3 9140 9168 8784 3 9552 9898 9506 3
9552 9506 9168 3 8784 9168 8812 3 8784 8812
8420 3 9168 9506 9132 3 9168 9132 8812 3
9038 9464 9140 3 9038 9140 8726 3 9464 9890
9552 3 9464 9552 9140 3 9890 10190 9898 3
9890 9898 9552 3 10190 10388 10128 3 10190 10128
9898 3 9898 10128 9782 3 9898 9782 9506 3
9506 9782 9375 3 9506 9375 9132 3 9132 9375
9044 3 9132 9044 8790 3 8812 9132 8790 3
8812 8790 8454 3 8420 8812 8454 3 8420 8454
8118 3 8044 8420 8118 3 8044 8118 7751 3
8388 8784 8420 3 8388 8420 8044 3 8726 9140
8784 3 8726 8784 8388 3 7207 7597 7552 3
7207 7552 7172 3 7597 7894 7858 3 7597 7858
7552 3 7172 7552 7560 3 7172 7560 7183 3
7552 7858 7866 3 7552 7866 7560 3 6812 7301
7207 3 6812 7207 6712 3 7301 7657 7597 3
7301 7597 7207 3 7657 7966 7894 3 7657 7894
7597 3 7966 8243 8167 3 7966 8167 7894 3
7894 8167 8130 3 7894 8130 7858 3 7858 8130
8135 3 7858 8135 7866 3 7866 8135 8173 3
7866 8173 7906 3 7560 7866 7906 3 7560 7906
7607 3 7183 7560 7607 3 7183 7607 7233 3
6678 7183 7233 3 6678 7233 6743 3 6668 7172
7183 3 6668 7183 6678 3 6712 7207 7172 3
6712 7172 6668 3 7827 8197 7940 3 7827 7940
7625 3 8197 8496 8275 3 8197 8275 7940 3
7625 7940 7783 3 7625 7783 7443 3 7940 8275
8102 3 7940 8102 7783 3 7751 8118 7827 3
7751 7827 7481 3 8118 8454 8197 3 8118 8197
7827 3 8454 8790 8496 3 8454 8496 8197 3
8790 9044 8750 3 8790 8750 8496 3 8496 8750
8523 3 8496 8523 8275 3 8275 8523 8350 3
8275 8350 8102 3 8102 8350 8243 3 8102 8243
7966 3 7783 8102 7966 3 7783 7966 7657 3
7443 7783 7657 3 7443 7657 7301 3 7012 7443
7301 3 7012 7301 6812 3 7248 7625 7443 3
7248 7443 7012 3 7481 7827 7625 3 7481 7625
7248 3 7313 7663 7769 3 7313 7769 7439 3
7663 7968 8075 3 7663 8075 7769 3 7439 7769
7902 3 7439 7902 7579 3 7769 8075 8220 3
7769 8220 7902 3 6743 7233 7313 3 6743 7313
6848 3 7233 7607 7663 3 7233 7663 7313 3
7607 7906 7968 3 7607 7968 7663 3 7906 8173
8241 3 7906 8241 7968 3 7968 8241 8330 3
7968 8330 8075 3 8075 8330 8442 3 8075 8442
8220 3 8220 8442 8614 3 8220 8614 8372 3
7902 8220 8372 3 7902 8372 8060 3 7579 7902
8060 3 7579 8060 7745 3 7205 7579 7745 3
7205 7745 7409 3 7010 7439 7579 3 7010 7579
7205 3 6848 7313 7439 3 6848 7439 7010 3
7938 8273 8484 3 7938 8484 8187 3 8273 8557
8776 3 8273 8776 8484 3 8187 8484 8716 3
8187 8716 8400 3 8484 8776 9006 3 8484 9006
8716 3 7409 7745 7938 3 7409 7938 7629 3
7745 8060 8273 3 7745 8273 7938 3 8060 8372
8557 3 8060 8557 8273 3 8372 8614 8798 3
8372 8798 8557 3 8557 8798 9012 3 8557 9012
8776 3 8776 9012 9216 3 8776 9216 9006 3
9006 9216 9369 3 9006 9369 9176 3 8716 9006
9176 3 8716 9176 8909 3 8400 8716 8909 3
8400 8909 8611 3 8079 8400 8611 3 8079 8611
8293 3 7842 8187 8400 3 7842 8400 8079 3
7629 7938 8187 3 7629 8187 7842 3 8748 9058
9152 3 8748 9152 8850 3 9058 9310 9389 3
9058 9389 9152 3 8850 9152 9198 3 8850 9198
8884 3 9152 9389 9435 3 9152 9435 9198 3
8293 8611 8748 3 8293 8748 8424 3 8611 8909
9058 3 8611 9058 8748 3 8909 9176 9310 3
8909 9310 9058 3 9176 9369 9520 3 9176 9520
9310 3 9310 9520 9605 3 9310 9605 9389 3
9389 9605 9650 3 9389 9650 9435 3 9435 9650
9648 3 9435 9648 9433 3 9198 9435 9433 3
9198 9433 9196 3 8884 9198 9196 3 8884 9196
8882 3 8555 8884 8882 3 8555 8882 8553 3
8521 8850 8884 3 8521 8884 8555 3 8424 8748
8850 3 8424 8850 8521 3 8868 9158 9110 3
8868 9110 8822 3 9158 9399 9356 3 9158 9356
9110 3 8822 9110 9062 3 8822 9062 8756 3
9110 9356 9316 3 9110 9316 9062 3 8553 8882
8868 3 8553 8868 8529 3 8882 9196 9158 3
8882 9158 8868 3 9196 9433 9399 3 9196 9399
9158 3 9433 9648 9613 3 9433 9613 9399 3
9399 9613 9565 3 9399 9565 9356 3 9356 9565
9530 3 9356 9530 9316 3 9316 9530 9538 3
9316 9538 9292 3 9062 9316 9292 3 9062 9292
9024 3 8756 9062 9024 3 8756 9024 8712 3
8432 8756 8712 3 8432 8712 8398 3 8480 8822
8756 3 8480 8756 8432 3 8529 8868 8822 3
8529 8822 8480 3 7110 7185 7520 3 7110 7520
7463 3 7185 7217 7562 3 7185 7562 7520 3
7463 7520 7807 3 7463 7807 7749 3 7520 7562
7829 3 7520 7829 7807 3 6554 6644 7110 3
6554 7110 7002 3 6644 6723 7185 3 6644 7185
7110 3 6723 6764 7217 3 6723 7217 7185 3
6764 6777 7235 3 6764 7235 7217 3 7217 7235
7578 3 7217 7578 7562 3 7562 7578 7841 3
7562 7841 7829 3 7829 7841 8066 3 7829 8066
8057 3 7807 7829 8057 3 7807 8057 8018 3
7749 7807 8018 3 7749 8018 7960 3 7661 7749
7960 3 7661 7960 7880 3 7384 7463 7749 3
7384 7749 7661 3 7002 7110 7463 3 7002 7463
7384 3 6851 7262 7088 3 6851 7088 6666 3
7262 7548 7397 3 7262 7397 7088 3 6666 7088
6840 3 6666 6840 6462 3 7088 7397 7195 3
7088 7195 6840 3 6554 7002 6851 3 6554 6851
6434 3 7002 7384 7262 3 7002 7262 6851 3
7384 7661 7548 3 7384 7548 7262 3 7661 7880
7757 3 7661 7757 7548 3 7548 7757 7617 3
7548 7617 7397 3 7397 7617 7415 3 7397 7415
7195 3 7195 7415 7174 3 7195 7174 6900 3
6840 7195 6900 3 6840 6900 6562 3 6462 6840
6562 3 6462 6562 6202 3 6092 6462 6202 3
6092 6202 5872 3 6266 6666 6462 3 6266 6462
6092 3 6434 6851 6666 3 6434 6666 6266 3
5972 6282 6013 3 5972 6013 5699 3 6282 6582
6264 3 6282 6264 6013 3 5699 6013 5715 3
5699 5715 5365 3 6013 6264 5975 3 6013 5975
5715 3 5872 6202 5972 3 5872 5972 5633 3
6202 6562 6282 3 6202 6282 5972 3 6562 6900
6582 3 6562 6582 6282 3 6900 7174 6834 3
6900 6834 6582 3 6582 6834 6494 3 6582 6494
6264 3 6264 6494 6158 3 6264 6158 5975 3
5975 6158 5862 3 5975 5862 5664 3 5715 5975
5664 3 5715 5664 5371 3 5365 5715 5371 3
5365 5371 4978 3 4927 5365 4978 3 4927 4978
4519 3 5327 5699 5365 3 5327 5365 4927 3
5633 5972 5699 3 5633 5699 5327 3 3691 3977
3945 3 3691 3945 3655 3 3977 4261 4215 3
3977 4215 3945 3 3655 3945 3961 3 3655 3961
3669 3 3945 4215 4235 3 3945 4235 3961 3
3502 3789 3691 3 3502 3691 3386 3 3789 4093
3977 3 3789 3977 3691 3 4093 4393 4261 3
4093 4261 3977 3 4393 4683 4513 3 4393 4513
4261 3 4261 4513 4445 3 4261 4445 4215 3
4215 4445 4473 3 4215 4473 4235 3 4235 4473
4591 3 4235 4591 4319 3 3961 4235 4319 3
3961 4319 4035 3 3669 3961 4035 3 3669 4035
3739 3 3366 3669 3739 3 3366 3739 3450 3
3342 3655 3669 3 3342 3669 3366 3 3386 3691
3655 3 3386 3655 3342 3 4569 4988 4609 3
4569 4609 4223 3 4988 5341 4962 3 4988 4962
4609 3 4223 4609 4293 3 4223 4293 3969 3
4609 4962 4655 3 4609 4655 4293 3 4519 4978
4569 3 4519 4569 4167 3 4978 5371 4988 3
4978 4988 4569 3 5371 5664 5341 3 5371 5341
4988 3 5664 5862 5573 3 5664 5573 5341 3
5341 5573 5251 3 5341 5251 4962 3 4962 5251
4911 3 4962 4911 4655 3 4655 4911 4683 3
4655 4683 4393 3 4293 4655 4393 3 4293 4393
4093 3 3969 4293 4093 3 3969 4093 3789 3
3665 3969 3789 3 3665 3789 3502 3 3885 4223
3969 3 3885 3969 3665 3 4167 4569 4223 3
4167 4223 3885 3 3875 4161 4381 3 3875 4381
4063 3 4161 4461 4717 3 4161 4717 4381 3
4063 4381 4693 3 4063 4693 4331 3 4381 4717
5024 3 4381 5024 4693 3 3450 3739 3875 3
3450 3875 3579 3 3739 4035 4161 3 3739 4161
3875 3 4035 4319 4461 3 4035 4461 4161 3
4319 4591 4757 3 4319 4757 4461 3 4461 4757
4980 3 4461 4980 4717 3 4717 4980 5283 3
4717 5283 5024 3 5024 5283 5575 3 5024 5575
5363 3 4693 5024 5363 3 4693 5363 5076 3
4331 4693 5076 3 4331 5076 4701 3 4005 4331
4701 3 4005 4701 4321 3 3763 4063 4331 3
3763 4331 4005 3 3579 3875 4063 3 3579 4063
3763 3 5126 5454 5782 3 5126 5782 5509 3
5454 5697 6003 3 5454 6003 5782 3 5509 5782
6064 3 5509 6064 5802 3 5782 6003 6276 3
5782 6276 6064 3 4321 4701 5126 3 4321 5126
4747 3 4701 5076 5454 3 4701 5454 5126 3
5076 5363 5697 3 5076 5697 5454 3 5363 5575
5850 3 5363 5850 5697 3 5697 5850 6148 3
5697 6148 6003 3 6003 6148 6466 3 6003 6466
6276 3 6276 6466 6725 3 6276 6725 6528 3
6064 6276 6528 3 6064 6528 6317 3 5802 6064
6317 3 5802 6317 6056 3 5543 5802 6056 3
5543 6056 5794 3 5182 5509 5802 3 5182 5802
5543 3 4747 5126 5509 3 4747 5509 5182 3
6220 6488 6588 3 6220 6588 6337 3 6488 6731
6836 3 6488 6836 6588 3 6337 6588 6634 3
6337 6634 6384 3 6588 6836 6874 3 6588 6874
6634 3 5794 6056 6220 3 5794 6220 5979 3
6056 6317 6488 3 6056 6488 6220 3 6317 6528
6731 3 6317 6731 6488 3 6528 6725 6912 3
6528 6912 6731 3 6731 6912 7028 3 6731 7028
6836 3 6836 7028 7066 3 6836 7066 6874 3
6874 7066 7046 3 6874 7046 6862 3 6634 6874
6862 3 6634 6862 6626 3 6384 6634 6626 3
6384 6626 6386 3 6120 6384 6386 3 6120 6386
6126 3 6078 6337 6384 3 6078 6384 6120 3
5979 6220 6337 3 5979 6337 6078 3 6359 6600
6558 3 6359 6558 6329 3 6600 6820 6780 3
6600 6780 6558 3 6329 6558 6508 3 6329 6508
6280 3 6558 6780 6747 3 6558 6747 6508 3
6126 6386 6359 3 6126 6359 6110 3 6386 6626
6600 3 6386 6600 6359 3 6626 6862 6820 3
6626 6820 6600 3 6862 7046 6998 3 6862 6998
6820 3 6820 6998 6940 3 6820 6940 6780 3
6780 6940 6904 3 6780 6904 6747 3 6747 6904
6906 3 6747 6906 6710 3 6508 6747 6710 3
6508 6710 6486 3 6280 6508 6486 3 6280 6486
6240 3 6054 6280 6240 3 6054 6240 6032 3
6082 6329 6280 3 6082 6280 6054 3 6110 6359
6329 3 6110 6329 6082 3 5441 5653 5637 3
5441 5637 5419 3 5653 5874 5838 3 5653 5838
5637 3 5419 5637 5601 3 5419 5601 5379 3
5637 5838 5812 3 5637 5812 5601 3 5247 5448
5441 3 5247 5441 5242 3 5448 5660 5653 3
5448 5653 5441 3 5660 5890 5874 3 5660 5874
5653 3 5890 6126 6110 3 5890 6110 5874 3
5874 6110 6082 3 5874 6082 5838 3 5838 6082
6054 3 5838 6054 5812 3 5812 6054 6032 3
5812 6032 5796 3 5601 5812 5796 3 5601 5796
5579 3 5379 5601 5579 3 5379 5579 5351 3
5170 5379 5351 3 5170 5351 5096 3 5210 5419
5379 3 5210 5379 5170 3 5242 5441 5419 3
5242 5419 5210 3 5196 5470 5587 3 5196 5587
5353 3 5470 5735 5814 3 5470 5814 5587 3
5353 5587 5647 3 5353 5647 5427 3 5587 5814
5870 3 5587 5870 5647 3 4711 4925 5196 3
4711 5196 4956 3 4925 5232 5470 3 4925 5470
5196 3 5232 5525 5735 3 5232 5735 5470 3
5525 5794 5979 3 5525 5979 5735 3 5735 5979
6078 3 5735 6078 5814 3 5814 6078 6120 3
5814 6120 5870 3 5870 6120 6126 3 5870 6126
5890 3 5647 5870 5890 3 5647 5890 5660 3
5427 5647 5660 3 5427 5660 5448 3 5208 5427
5448 3 5208 5448 5247 3 5130 5353 5427 3
5130 5427 5208 3 4956 5196 5353 3 4956 5353
5130 3 3841 4067 4425 3 3841 4425 4180 3
4067 4357 4811 3 4067 4811 4425 3 4180 4425
4879 3 4180 4879 4579 3 4425 4811 5216 3
4425 5216 4879 3 3354 3529 3841 3 3354 3841
3679 3 3529 3743 4067 3 3529 4067 3841 3
3743 4003 4357 3 3743 4357 4067 3 4003 4321
4747 3 4003 4747 4357 3 4357 4747 5182 3
4357 5182 4811 3 4811 5182 5543 3 4811 5543
5216 3 5216 5543 5794 3 5216 5794 5525 3
4879 5216 5525 3 4879 5525 5232 3 4579 4879
5232 3 4579 5232 4925 3 4347 4579 4925 3
4347 4925 4711 3 3993 4180 4579 3 3993 4579
4347 3 3679 3841 4180 3 3679 4180 3993 3
2788 3004 3214 3 2788 3214 2976 3 3004 3296
3492 3 3004 3492 3214 3 2976 3214 3468 3
2976 3468 3233 3 3214 3492 3723 3 3214 3723
3468 3 2404 2598 2788 3 2404 2788 2562 3
2598 2868 3004 3 2598 3004 2788 3 2868 3148
3296 3 2868 3296 3004 3 3148 3450 3579 3
3148 3579 3296 3 3296 3579 3763 3 3296 3763
3492 3 3492 3763 4005 3 3492 4005 3723 3
3723 4005 4321 3 3723 4321 4003 3 3468 3723
4003 3 3468 4003 3743 3 3233 3468 3743 3
3233 3743 3529 3 3070 3233 3529 3 3070 3529
3354 3 2822 2976 3233 3 2822 3233 3070 3
2562 2788 2976 3 2562 2976 2822 3 3310 3547
3298 3 3310 3298 3034 3 3547 3847 3581 3
3547 3581 3298 3 3034 3298 3062 3 3034 3062
2820 3 3298 3581 3350 3 3298 3350 3062 3
3394 3585 3310 3 3394 3310 3116 3 3585 3829
3547 3 3585 3547 3310 3 3829 4125 3847 3
3829 3847 3547 3 4125 4519 4167 3 4125 4167
3847 3 3847 4167 3885 3 3847 3885 3581 3
3581 3885 3665 3 3581 3665 3350 3 3350 3665
3502 3 3350 3502 3184 3 3062 3350 3184 3
3062 3184 2892 3 2820 3062 2892 3 2820 2892
2606 3 2574 2820 2606 3 2574 2606 2392 3
2844 3034 2820 3 2844 2820 2574 3 3116 3310
3034 3 3116 3034 2844 3 2480 2792 2740 3
2480 2740 2454 3 2792 3086 3032 3 2792 3032
2740 3 2454 2740 2786 3 2454 2786 2484 3
2740 3032 3068 3 2740 3068 2786 3 2392 2606
2480 3 2392 2480 2318 3 2606 2892 2792 3
2606 2792 2480 3 2892 3184 3086 3 2892 3086
2792 3 3184 3502 3386 3 3184 3386 3086 3
3086 3386 3342 3 3086 3342 3032 3 3032 3342
3366 3 3032 3366 3068 3 3068 3366 3450 3
3068 3450 3148 3 2786 3068 3148 3 2786 3148
2868 3 2484 2786 2868 3 2484 2868 2598 3
2328 2484 2598 3 2328 2598 2404 3 2304 2454
2484 3 2304 2484 2328 3 2318 2480 2454 3
2318 2454 2304 3 4421 4829 4433 3 4421 4433
4131 3 4829 5253 4883 3 4829 4883 4433 3
4131 4433 4111 3 4131 4111 3859 3 4433 4883
4477 3 4433 4477 4111 3 4457 4779 4421 3
4457 4421 4199 3 4779 5144 4829 3 4779 4829
4421 3 5144 5529 5253 3 5144 5253 4829 3
5529 5872 5633 3 5529 5633 5253 3 5253 5633
5327 3 5253 5327 4883 3 4883 5327 4927 3
4883 4927 4477 3 4477 4927 4519 3 4477 4519
4125 3 4111 4477 4125 3 4111 4125 3829 3
3859 4111 3829 3 3859 3829 3585 3 3671 3859
3585 3 3671 3585 3394 3 3941 4131 3859 3
3941 3859 3671 3 4199 4421 4131 3 4199 4131
3941 3 5425 5746 5593 3 5425 5593 5269 3
5746 6058 5916 3 5746 5916 5593 3 5269 5593
5397 3 5269 5397 5036 3 5593 5916 5760 3
5593 5760 5397 3 5281 5537 5425 3 5281 5425
5135 3 5537 5818 5746 3 5537 5746 5425 3
5818 6157 6058 3 5818 6058 5746 3 6157 6554
6434 3 6157 6434 6058 3 6058 6434 6266 3
6058 6266 5916 3 5916 6266 6092 3 5916 6092
5760 3 5760 6092 5872 3 5760 5872 5529 3
5397 5760 5529 3 5397 5529 5144 3 5036 5397
5144 3 5036 5144 4779 3 4739 5036 4779 3
4739 4779 4457 3 4946 5269 5036 3 4946 5036
4739 3 5135 5425 5269 3 5135 5269 4946 3
5623 5676 5977 3 5623 5977 5906 3 5676 5727
6021 3 5676 6021 5977 3 5906 5977 6324 3
5906 6324 6246 3 5977 6021 6354 3 5977 6354
6324 3 5281 5359 5623 3 5281 5623 5537 3
5359 5435 5676 3 5359 5676 5623 3 5435 5476
5727 3 5435 5727 5676 3 5476 5490 5741 3
5476 5741 5727 3 5727 5741 6025 3 5727 6025
6021 3 6021 6025 6367 3 6021 6367 6354 3
6354 6367 6777 3 6354 6777 6764 3 6324 6354
6764 3 6324 6764 6723 3 6246 6324 6723 3
6246 6723 6644 3 6157 6246 6644 3 6157 6644
6554 3 5818 5906 6246 3 5818 6246 6157 3
5537 5623 5906 3 5537 5906 5818 3 10070 9896
9618 3 10070 9618 9786 3 9896 9744 9454 3
9896 9454 9618 3 9786 9618 9350 3 9786 9350
9524 3 9618 9454 9238 3 9618 9238 9350 3
10409 10278 10070 3 10409 10070 10184 3 10278 10146
9896 3 10278 9896 10070 3 10146 10040 9744 3
10146 9744 9896 3 10040 9888 9601 3 10040 9601
9744 3 9744 9601 9324 3 9744 9324 9454 3
9454 9324 9112 3 9454 9112 9238 3 9238 9112
8935 3 9238 8935 9046 3 9350 9238 9046 3
9350 9046 9172 3 9524 9350 9172 3 9524 9172
9306 3 9690 9524 9306 3 9690 9306 9466 3
9941 9786 9524 3 9941 9524 9690 3 10184 10070
9786 3 10184 9786 9941 3 9170 9034 8919 3
9170 8919 9056 3 9034 8899 8806 3 9034 8806
8919 3 9056 8919 8820 3 9056 8820 8943 3
8919 8806 8680 3 8919 8680 8820 3 9466 9306
9170 3 9466 9170 9308 3 9306 9172 9034 3
9306 9034 9170 3 9172 9046 8899 3 9172 8899
9034 3 9046 8935 8810 3 9046 8810 8899 3
8899 8810 8688 3 8899 8688 8806 3 8806 8688
8604 3 8806 8604 8680 3 8680 8604 8448 3
8680 8448 8545 3 8820 8680 8545 3 8820 8545
8658 3 8943 8820 8658 3 8943 8658 8794 3
9080 8943 8794 3 9080 8794 8929 3 9214 9056
8943 3 9214 8943 9080 3 9308 9170 9056 3
9308 9056 9214 3 6745 6656 6543 3 6745 6543
6614 3 6656 6602 6496 3 6656 6496 6543 3
6614 6543 6448 3 6614 6448 6504 3 6543 6496
6402 3 6543 6402 6448 3 6992 6896 6745 3
6992 6745 6824 3 6896 6802 6656 3 6896 6656
6745 3 6802 6755 6602 3 6802 6602 6656 3
6755 6694 6552 3 6755 6552 6602 3 6602 6552
6456 3 6602 6456 6496 3 6496 6456 6351 3
6496 6351 6402 3 6402 6351 6208 3 6402 6208
6258 3 6448 6402 6258 3 6448 6258 6327 3
6504 6448 6327 3 6504 6327 6388 3 6586 6504
6388 3 6586 6388 6470 3 6704 6614 6504 3
6704 6504 6586 3 6824 6745 6614 3 6824 6614
6704 3 5395 5317 5072 3 5395 5072 5172 3
5317 5240 4972 3 5317 4972 5072 3 5172 5072
4843 3 5172 4843 4934 3 5072 4972 4745 3
5072 4745 4843 3 5687 5613 5395 3 5687 5395
5486 3 5613 5545 5317 3 5613 5317 5395 3
5545 5493 5240 3 5545 5240 5317 3 5493 5439
5176 3 5493 5176 5240 3 5240 5176 4891 3
5240 4891 4972 3 4972 4891 4659 3 4972 4659
4745 3 4745 4659 4417 3 4745 4417 4521 3
4843 4745 4521 3 4843 4521 4645 3 4934 4843
4645 3 4934 4645 4763 3 5058 4934 4763 3
5058 4763 4867 3 5275 5172 4934 3 5275 4934
5058 3 5486 5395 5172 3 5486 5172 5275 3
6198 6142 5964 3 6198 5964 6034 3 6142 6102
5912 3 6142 5912 5964 3 6034 5964 5770 3
6034 5770 5806 3 5964 5912 5725 3 5964 5725
5770 3 6470 6388 6198 3 6470 6198 6286 3
6388 6327 6142 3 6388 6142 6198 3 6327 6258
6102 3 6327 6102 6142 3 6258 6208 6066 3
6258 6066 6102 3 6102 6066 5876 3 6102 5876
5912 3 5912 5876 5668 3 5912 5668 5725 3
5725 5668 5439 3 5725 5439 5493 3 5770 5725
5493 3 5770 5493 5545 3 5806 5770 5545 3
5806 5545 5613 3 5888 5806 5613 3 5888 5613
5687 3 6094 6034 5806 3 6094 5806 5888 3
6286 6198 6034 3 6286 6034 6094 3 4595 4455
4335 3 4595 4335 4411 3 4455 4369 4247 3
4455 4247 4335 3 4411 4335 4203 3 4411 4203
4285 3 4335 4247 4107 3 4335 4107 4203 3
4867 4763 4595 3 4867 4595 4699 3 4763 4645
4455 3 4763 4455 4595 3 4645 4521 4369 3
4645 4369 4455 3 4521 4417 4283 3 4521 4283
4369 3 4369 4283 4163 3 4369 4163 4247 3
4247 4163 4051 3 4247 4051 4107 3 4107 4051
3927 3 4107 3927 3981 3 4203 4107 3981 3
4203 3981 4059 3 4285 4203 4059 3 4285 4059
4133 3 4387 4285 4133 3 4387 4133 4236 3
4541 4411 4285 3 4541 4285 4387 3 4699 4595
4411 3 4699 4411 4541 3 3979 3907 3727 3
3979 3727 3805 3 3907 3823 3651 3 3907 3651
3727 3 3805 3727 3539 3 3805 3539 3625 3
3727 3651 3448 3 3727 3448 3539 3 4236 4133
3979 3 4236 3979 4073 3 4133 4059 3907 3
4133 3907 3979 3 4059 3981 3823 3 4059 3823
3907 3 3981 3927 3759 3 3981 3759 3823 3
3823 3759 3569 3 3823 3569 3651 3 3651 3569
3370 3 3651 3370 3448 3 3448 3370 3142 3
3448 3142 3226 3 3539 3448 3226 3 3539 3226
3324 3 3625 3539 3324 3 3625 3324 3418 3
3709 3625 3418 3 3709 3418 3506 3 3887 3805
3625 3 3887 3625 3709 3 4073 3979 3805 3
4073 3805 3887 3 2966 2752 2652 3 2966 2652
2884 3 2752 2526 2442 3 2752 2442 2652 3
2884 2652 2550 3 2884 2550 2818 3 2652 2442
2382 3 2652 2382 2550 3 3278 3060 2966 3
3278 2966 3196 3 3060 2840 2752 3 3060 2752
2966 3 2840 2644 2526 3 2840 2526 2752 3
2644 2476 2390 3 2644 2390 2526 3 2526 2390
2330 3 2526 2330 2442 3 2442 2330 2306 3
2442 2306 2382 3 2382 2306 2308 3 2382 2308
2370 3 2550 2382 2370 3 2550 2370 2506 3
2818 2550 2506 3 2818 2506 2766 3 3028 2818
2766 3 3028 2766 2986 3 3110 2884 2818 3
3110 2818 3028 3 3196 2966 2884 3 3196 2884
3110 3 7389 7130 7056 3 7389 7056 7311 3
7130 6854 6775 3 7130 6775 7056 3 7311 7056
6982 3 7311 6982 7264 3 7056 6775 6735 3
7056 6735 6982 3 7727 7469 7389 3 7727 7389
7637 3 7469 7231 7130 3 7469 7130 7389 3
7231 6948 6854 3 7231 6854 7130 3 6948 6737
6640 3 6948 6640 6854 3 6854 6640 6574 3
6854 6574 6775 3 6775 6574 6524 3 6775 6524
6735 3 6735 6524 6522 3 6735 6522 6719 3
6982 6735 6719 3 6982 6719 6962 3 7264 6982
6962 3 7264 6962 7246 3 7497 7264 7246 3
7497 7246 7475 3 7565 7311 7264 3 7565 7264
7497 3 7637 7389 7311 3 7637 7311 7565 3
12117 12214 12238 3 12117 12238 12141 3 12214 12301
12330 3 12214 12330 12238 3 12141 12238 12252 3
12141 12252 12154 3 12238 12330 12345 3 12238 12345
12252 3 11990 12097 12117 3 11990 12117 12018 3
12097 12193 12214 3 12097 12214 12117 3 12193 12277
12301 3 12193 12301 12214 3 12277 12336 12370 3
12277 12370 12301 3 12301 12370 12397 3 12301 12397
12330 3 12330 12397 12414 3 12330 12414 12345 3
12345 12414 12419 3 12345 12419 12354 3 12252 12345
12354 3 12252 12354 12260 3 12154 12252 12260 3
12154 12260 12163 3 12048 12154 12163 3 12048 12163
12052 3 12040 12141 12154 3 12040 12154 12048 3
12018 12117 12141 3 12018 12141 12040 3 12059 12028
12113 3 12059 12113 12157 3 12028 11980 12078 3
12028 12078 12113 3 12157 12113 12197 3 12157 12197
12236 3 12113 12078 12161 3 12113 12161 12197 3
11990 11962 12059 3 11990 12059 12097 3 11962 11918
12028 3 11962 12028 12059 3 11918 11880 11980 3
11918 11980 12028 3 11880 11810 11926 3 11880 11926
11980 3 11980 11926 12030 3 11980 12030 12078 3
12078 12030 12105 3 12078 12105 12161 3 12161 12105
12179 3 12161 12179 12221 3 12197 12161 12221 3
12197 12221 12267 3 12236 12197 12267 3 12236 12267
12305 3 12277 12236 12305 3 12277 12305 12336 3
12193 12157 12236 3 12193 12236 12277 3 12097 12059
12157 3 12097 12157 12193 3 11872 11786 11906 3
11872 11906 11970 3 11786 11615 11847 3 11786 11847
11906 3 11970 11906 11998 3 11970 11998 12055 3
11906 11847 11944 3 11906 11944 11998 3 11810 11685
11872 3 11810 11872 11926 3 11685 11436 11786 3
11685 11786 11872 3 11436 11206 11615 3 11436 11615
11786 3 11206 11004 11399 3 11206 11399 11615 3
11615 11399 11776 3 11615 11776 11847 3 11847 11776
11892 3 11847 11892 11944 3 11944 11892 11964 3
11944 11964 12012 3 11998 11944 12012 3 11998 12012
12072 3 12055 11998 12072 3 12055 12072 12121 3
12105 12055 12121 3 12105 12121 12179 3 12030 11970
12055 3 12030 12055 12105 3 11926 11872 11970 3
11926 11970 12030 3 10786 10736 11045 3 10786 11045
11122 3 10736 10692 10994 3 10736 10994 11045 3
11122 11045 11374 3 11122 11374 11448 3 11045 10994
11315 3 11045 11315 11374 3 10510 10440 10786 3
10510 10786 10858 3 10440 10375 10736 3 10440 10736
10786 3 10375 10342 10692 3 10375 10692 10736 3
10342 10336 10682 3 10342 10682 10692 3 10692 10682
10976 3 10692 10976 10994 3 10994 10976 11269 3
10994 11269 11315 3 11315 11269 11516 3 11315 11516
11566 3 11374 11315 11566 3 11374 11566 11635 3
11448 11374 11635 3 11448 11635 11748 3 11555 11448
11748 3 11555 11748 11784 3 11204 11122 11448 3
11204 11448 11555 3 10858 10786 11122 3 10858 11122
11204 3 11214 11085 11456 3 11214 11456 11617 3
11085 10946 11327 3 11085 11327 11456 3 11617 11456
11780 3 11617 11780 11836 3 11456 11327 11681 3
11456 11681 11780 3 11004 10852 11214 3 11004 11214
11399 3 10852 10719 11085 3 10852 11085 11214 3
10719 10610 10946 3 10719 10946 11085 3 10610 10510
10858 3 10610 10858 10946 3 10946 10858 11204 3
10946 11204 11327 3 11327 11204 11555 3 11327 11555
11681 3 11681 11555 11784 3 11681 11784 11824 3
11780 11681 11824 3 11780 11824 11876 3 11836 11780
11876 3 11836 11876 11910 3 11892 11836 11910 3
11892 11910 11964 3 11776 11617 11836 3 11776 11836
11892 3 11399 11214 11617 3 11399 11617 11776 3
10690 10718 10988 3 10690 10988 10974 3 10718 10755
11022 3 10718 11022 10988 3 10974 10988 11267 3
10974 11267 11263 3 10988 11022 11296 3 10988 11296
11267 3 10336 10358 10690 3 10336 10690 10682 3
10358 10403 10718 3 10358 10718 10690 3 10403 10450
10755 3 10403 10755 10718 3 10450 10508 10788 3
10450 10788 10755 3 10755 10788 11043 3 10755 11043
11022 3 11022 11043 11313 3 11022 11313 11296 3
11296 11313 11522 3 11296 11522 11506 3 11267 11296
11506 3 11267 11506 11497 3 11263 11267 11497 3
11263 11497 11495 3 11269 11263 11495 3 11269 11495
11516 3 10976 10974 11263 3 10976 11263 11269 3
10682 10690 10974 3 10682 10974 10976 3 10824 10854
11099 3 10824 11099 11083 3 10854 10888 11120 3
10854 11120 11099 3 11083 11099 11336 3 11083 11336
11325 3 11099 11120 11338 3 11099 11338 11336 3
10508 10566 10824 3 10508 10824 10788 3 10566 10616
10854 3 10566 10854 10824 3 10616 10654 10888 3
10616 10888 10854 3 10654 10702 10918 3 10654 10918
10888 3 10888 10918 11138 3 10888 11138 11120 3
11120 11138 11352 3 11120 11352 11338 3 11338 11352
11514 3 11338 11514 11508 3 11336 11338 11508 3
11336 11508 11511 3 11325 11336 11511 3 11325 11511
11520 3 11313 11325 11520 3 11313 11520 11522 3
11043 11083 11325 3 11043 11325 11313 3 10788 10824
11083 3 10788 11083 11043 3 10938 10952 11164 3
10938 11164 11152 3 10952 10950 11158 3 10952 11158
11164 3 11152 11164 11366 3 11152 11366 11362 3
11164 11158 11360 3 11164 11360 11366 3 10702 10751
10938 3 10702 10938 10918 3 10751 10759 10952 3
10751 10952 10938 3 10759 10761 10950 3 10759 10950
10952 3 10761 10753 10936 3 10761 10936 10950 3
10950 10936 11148 3 10950 11148 11158 3 11158 11148
11350 3 11158 11350 11360 3 11360 11350 11501 3
11360 11501 11518 3 11366 11360 11518 3 11366 11518
11528 3 11362 11366 11528 3 11362 11528 11524 3
11352 11362 11524 3 11352 11524 11514 3 11138 11152
11362 3 11138 11362 11352 3 10918 10938 11152 3
10918 11152 11138 3 10924 10906 11110 3 10924 11110
11134 3 10906 10886 11093 3 10906 11093 11110 3
11134 11110 11304 3 11134 11304 11333 3 11110 11093
11279 3 11110 11279 11304 3 10753 10730 10924 3
10753 10924 10936 3 10730 10706 10906 3 10730 10906
10924 3 10706 10688 10886 3 10706 10886 10906 3
10688 10668 10872 3 10688 10872 10886 3 10886 10872
11071 3 10886 11071 11093 3 11093 11071 11255 3
11093 11255 11279 3 11279 11255 11420 3 11279 11420
11444 3 11304 11279 11444 3 11304 11444 11463 3
11333 11304 11463 3 11333 11463 11483 3 11350 11333
11483 3 11350 11483 11501 3 11148 11134 11333 3
11148 11333 11350 3 10936 10924 11134 3 10936 11134
11148 3 3458 3835 3880 3 3458 3880 3500 3
3835 4191 4246 3 3835 4246 3880 3 3500 3880
3902 3 3500 3902 3516 3 3880 4246 4267 3
3880 4267 3902 3 2974 3398 3458 3 2974 3458
3030 3 3398 3769 3835 3 3398 3835 3458 3
3769 4103 4191 3 3769 4191 3835 3 4103 4407
4499 3 4103 4499 4191 3 4191 4499 4589 3
4191 4589 4246 3 4246 4589 4624 3 4246 4624
4267 3 4267 4624 4642 3 4267 4642 4278 3
3902 4267 4278 3 3902 4278 3912 3 3516 3902
3912 3 3516 3912 3522 3 3097 3516 3522 3
3097 3522 3101 3 3082 3500 3516 3 3082 3516
3097 3 3030 3458 3500 3 3030 3500 3082 3
3318 3202 3583 3 3318 3583 3693 3 3202 3054
3442 3 3202 3442 3583 3 3693 3583 3909 3
3693 3909 4023 3 3583 3442 3755 3 3583 3755
3909 3 2974 2896 3318 3 2974 3318 3398 3
2896 2794 3202 3 2896 3202 3318 3 2794 2600
3054 3 2794 3054 3202 3 2600 2386 2858 3
2600 2858 3054 3 3054 2858 3260 3 3054 3260
3442 3 3442 3260 3571 3 3442 3571 3755 3
3755 3571 3817 3 3755 3817 4009 3 3909 3755
4009 3 3909 4009 4159 3 4023 3909 4159 3
4023 4159 4297 3 4103 4023 4297 3 4103 4297
4407 3 3769 3693 4023 3 3769 4023 4103 3
3398 3318 3693 3 3398 3693 3769 3 2592 2322
2754 3 2592 2754 3014 3 2322 2162 2418 3
2322 2418 2754 3 3014 2754 3108 3 3014 3108
3358 3 2754 2418 2828 3 2754 2828 3108 3
2386 2214 2592 3 2386 2592 2858 3 2214 2078
2322 3 2214 2322 2592 3 2078 1943 2162 3
2078 2162 2322 3 1943 1806 2000 3 1943 2000
2162 3 2162 2000 2200 3 2162 2200 2418 3
2418 2200 2474 3 2418 2474 2828 3 2828 2474
2806 3 2828 2806 3092 3 3108 2828 3092 3
3108 3092 3360 3 3358 3108 3360 3 3358 3360
3611 3 3571 3358 3611 3 3571 3611 3817 3
3260 3014 3358 3 3260 3358 3571 3 2858 2592
3014 3 2858 3014 3260 3 1632 1638 1744 3
1632 1744 1738 3 1638 1660 1766 3 1638 1766
1744 3 1738 1744 1883 3 1738 1883 1889 3
1744 1766 1913 3 1744 1913 1883 3 1552 1536
1632 3 1552 1632 1654 3 1536 1544 1638 3
1536 1638 1632 3 1544 1566 1660 3 1544 1660
1638 3 1566 1594 1690 3 1566 1690 1660 3
1660 1690 1812 3 1660 1812 1766 3 1766 1812
1967 3 1766 1967 1913 3 1913 1967 2072 3
1913 2072 2030 3 1883 1913 2030 3 1883 2030
2010 3 1889 1883 2010 3 1889 2010 2016 3
1923 1889 2016 3 1923 2016 2038 3 1770 1738
1889 3 1770 1889 1923 3 1654 1632 1738 3
1654 1738 1770 3 1864 1750 1935 3 1864 1935
2050 3 1750 1688 1830 3 1750 1830 1935 3
2050 1935 2108 3 2050 2108 2238 3 1935 1830
1996 3 1935 1996 2108 3 1806 1702 1864 3
1806 1864 2000 3 1702 1630 1750 3 1702 1750
1864 3 1630 1588 1688 3 1630 1688 1750 3
1588 1552 1654 3 1588 1654 1688 3 1688 1654
1770 3 1688 1770 1830 3 1830 1770 1923 3
1830 1923 1996 3 1996 1923 2038 3 1996 2038
2138 3 2108 1996 2138 3 2108 2138 2244 3
2238 2108 2244 3 2238 2244 2458 3 2474 2238
2458 3 2474 2458 2806 3 2200 2050 2238 3
2200 2238 2474 3 2000 1864 2050 3 2000 2050
2200 3 1736 1826 1994 3 1736 1994 1891 3
1826 1959 2124 3 1826 2124 1994 3 1891 1994
2142 3 1891 2142 2032 3 1994 2124 2278 3
1994 2278 2142 3 1594 1642 1736 3 1594 1736
1690 3 1642 1700 1826 3 1642 1826 1736 3
1700 1796 1959 3 1700 1959 1826 3 1796 1957
2122 3 1796 2122 1959 3 1959 2122 2296 3
1959 2296 2124 3 2124 2296 2546 3 2124 2546
2278 3 2278 2546 2810 3 2278 2810 2456 3
2142 2278 2456 3 2142 2456 2256 3 2032 2142
2256 3 2032 2256 2170 3 1967 2032 2170 3
1967 2170 2072 3 1812 1891 2032 3 1812 2032
1967 3 1690 1736 1891 3 1690 1891 1812 3
2338 2762 3048 3 2338 3048 2672 3 2762 3128
3388 3 2762 3388 3048 3 2672 3048 3294 3
2672 3294 2928 3 3048 3388 3617 3 3048 3617
3294 3 1957 2154 2338 3 1957 2338 2122 3
2154 2406 2762 3 2154 2762 2338 3 2406 2836
3128 3 2406 3128 2762 3 2836 3144 3416 3
2836 3416 3128 3 3128 3416 3659 3 3128 3659
3388 3 3388 3659 3869 3 3388 3869 3617 3
3617 3869 4043 3 3617 4043 3777 3 3294 3617
3777 3 3294 3777 3482 3 2928 3294 3482 3
2928 3482 3132 3 2546 2928 3132 3 2546 3132
2810 3 2296 2672 2928 3 2296 2928 2546 3
2122 2338 2672 3 2122 2672 2296 3 3603 3713
3943 3 3603 3943 3837 3 3713 3735 3967 3
3713 3967 3943 3 3837 3943 4135 3 3837 4135
4047 3 3943 3967 4195 3 3943 4195 4135 3
3144 3344 3603 3 3144 3603 3416 3 3344 3470
3713 3 3344 3713 3603 3 3470 3511 3735 3
3470 3735 3713 3 3511 3517 3741 3 3511 3741
3735 3 3735 3741 3965 3 3735 3965 3967 3
3967 3965 4187 3 3967 4187 4195 3 4195 4187
4379 3 4195 4379 4383 3 4135 4195 4383 3
4135 4383 4343 3 4047 4135 4343 3 4047 4343
4231 3 3869 4047 4231 3 3869 4231 4043 3
3659 3837 4047 3 3659 4047 3869 3 3416 3603
3837 3 3416 3837 3659 3 3729 3707 3923 3
3729 3923 3951 3 3707 3677 3895 3 3707 3895
3923 3 3951 3923 4115 3 3951 4115 4147 3
3923 3895 4095 3 3923 4095 4115 3 3517 3504
3729 3 3517 3729 3741 3 3504 3484 3707 3
3504 3707 3729 3 3484 3446 3677 3 3484 3677
3707 3 3446 3424 3653 3 3446 3653 3677 3
3677 3653 3867 3 3677 3867 3895 3 3895 3867
4081 3 3895 4081 4095 3 4095 4081 4315 3
4095 4315 4299 3 4115 4095 4299 3 4115 4299
4329 3 4147 4115 4329 3 4147 4329 4353 3
4187 4147 4353 3 4187 4353 4379 3 3965 3951
4147 3 3965 4147 4187 3 3741 3729 3951 3
3741 3951 3965 3 2852 2834 3012 3 2852 3012
3042 3 2834 2824 2984 3 2834 2984 3012 3
3042 3012 3244 3 3042 3244 3270 3 3012 2984
3210 3 3012 3210 3244 3 2722 2720 2852 3
2722 2852 2864 3 2720 2700 2834 3 2720 2834
2852 3 2700 2686 2824 3 2700 2824 2834 3
2686 2646 2800 3 2686 2800 2824 3 2824 2800
2964 3 2824 2964 2984 3 2984 2964 3192 3
2984 3192 3210 3 3210 3192 3424 3 3210 3424
3446 3 3244 3210 3446 3 3244 3446 3484 3
3270 3244 3484 3 3270 3484 3504 3 3276 3270
3504 3 3276 3504 3517 3 3052 3042 3270 3
3052 3270 3276 3 2864 2852 3042 3 2864 3042
3052 3 2628 2796 2978 3 2628 2978 2850 3
2796 2848 3040 3 2796 3040 2978 3 2850 2978
3216 3 2850 3216 3099 3 2978 3040 3272 3
2978 3272 3216 3 2242 2444 2628 3 2242 2628
2366 3 2444 2620 2796 3 2444 2796 2628 3
2620 2706 2848 3 2620 2848 2796 3 2706 2722
2864 3 2706 2864 2848 3 2848 2864 3052 3
2848 3052 3040 3 3040 3052 3276 3 3040 3276
3272 3 3272 3276 3517 3 3272 3517 3511 3
3216 3272 3511 3 3216 3511 3470 3 3099 3216
3470 3 3099 3470 3344 3 2880 3099 3344 3
2880 3344 3144 3 2588 2850 3099 3 2588 3099
2880 3 2366 2628 2850 3 2366 2850 2588 3
1740 1941 2046 3 1740 2046 1836 3 1941 2152
2274 3 1941 2274 2046 3 1836 2046 2194 3
1836 2194 1992 3 2046 2274 2496 3 2046 2496
2194 3 1580 1682 1740 3 1580 1740 1624 3
1682 1838 1941 3 1682 1941 1740 3 1838 2048
2152 3 1838 2152 1941 3 2048 2242 2366 3
2048 2366 2152 3 2152 2366 2588 3 2152 2588
2274 3 2274 2588 2880 3 2274 2880 2496 3
2496 2880 3144 3 2496 3144 2836 3 2194 2496
2836 3 2194 2836 2406 3 1992 2194 2406 3
1992 2406 2154 3 1800 1992 2154 3 1800 2154
1957 3 1696 1836 1992 3 1696 1992 1800 3
1624 1740 1836 3 1624 1836 1696 3 1408 1464
1524 3 1408 1524 1472 3 1464 1540 1600 3
1464 1600 1524 3 1472 1524 1606 3 1472 1606
1556 3 1524 1600 1680 3 1524 1680 1606 3
1336 1368 1408 3 1336 1408 1372 3 1368 1414
1464 3 1368 1464 1408 3 1414 1484 1540 3
1414 1540 1464 3 1484 1580 1624 3 1484 1624
1540 3 1540 1624 1696 3 1540 1696 1600 3
1600 1696 1800 3 1600 1800 1680 3 1680 1800
1957 3 1680 1957 1796 3 1606 1680 1796 3
1606 1796 1700 3 1556 1606 1700 3 1556 1700
1642 3 1496 1556 1642 3 1496 1642 1594 3
1426 1472 1556 3 1426 1556 1496 3 1372 1408
1472 3 1372 1472 1426 3 1430 1384 1446 3
1430 1446 1500 3 1384 1348 1404 3 1384 1404
1446 3 1500 1446 1532 3 1500 1532 1596 3
1446 1404 1482 3 1446 1482 1532 3 1432 1388
1430 3 1432 1430 1492 3 1388 1340 1384 3
1388 1384 1430 3 1340 1308 1348 3 1340 1348
1384 3 1308 1290 1328 3 1308 1328 1348 3
1348 1328 1380 3 1348 1380 1404 3 1404 1380
1454 3 1404 1454 1482 3 1482 1454 1552 3
1482 1552 1588 3 1532 1482 1588 3 1532 1588
1630 3 1596 1532 1630 3 1596 1630 1702 3
1668 1596 1702 3 1668 1702 1806 3 1578 1500
1596 3 1578 1596 1668 3 1492 1430 1500 3
1492 1500 1578 3 1322 1330 1378 3 1322 1378
1370 3 1330 1346 1398 3 1330 1398 1378 3
1370 1378 1450 3 1370 1450 1440 3 1378 1398
1470 3 1378 1470 1450 3 1290 1286 1322 3
1290 1322 1328 3 1286 1292 1330 3 1286 1330
1322 3 1292 1312 1346 3 1292 1346 1330 3
1312 1336 1372 3 1312 1372 1346 3 1346 1372
1426 3 1346 1426 1398 3 1398 1426 1496 3
1398 1496 1470 3 1470 1496 1594 3 1470 1594
1566 3 1450 1470 1566 3 1450 1566 1544 3
1440 1450 1544 3 1440 1544 1536 3 1454 1440
1536 3 1454 1536 1552 3 1380 1370 1440 3
1380 1440 1454 3 1328 1322 1370 3 1328 1370
1380 3 1708 1634 1724 3 1708 1724 1822 3
1634 1572 1650 3 1634 1650 1724 3 1822 1724
1879 3 1822 1879 2014 3 1724 1650 1754 3
1724 1754 1879 3 1694 1636 1708 3 1694 1708
1780 3 1636 1574 1634 3 1636 1634 1708 3
1574 1498 1572 3 1574 1572 1634 3 1498 1432
1492 3 1498 1492 1572 3 1572 1492 1578 3
1572 1578 1650 3 1650 1578 1668 3 1650 1668
1754 3 1754 1668 1806 3 1754 1806 1943 3
1879 1754 1943 3 1879 1943 2078 3 2014 1879
2078 3 2014 2078 2214 3 2136 2014 2214 3
2136 2214 2386 3 1939 1822 2014 3 1939 2014
2136 3 1780 1708 1822 3 1780 1822 1939 3
1986 1937 2100 3 1986 2100 2172 3 1937 1866
2026 3 1937 2026 2100 3 2172 2100 2324 3
2172 2324 2424 3 2100 2026 2220 3 2100 2220
2324 3 1901 1860 1986 3 1901 1986 2022 3
1860 1810 1937 3 1860 1937 1986 3 1810 1752
1866 3 1810 1866 1937 3 1752 1694 1780 3
1752 1780 1866 3 1866 1780 1939 3 1866 1939
2026 3 2026 1939 2136 3 2026 2136 2220 3
2220 2136 2386 3 2220 2386 2600 3 2324 2220
2600 3 2324 2600 2794 3 2424 2324 2794 3
2424 2794 2896 3 2498 2424 2896 3 2498 2896
2974 3 2190 2172 2424 3 2190 2424 2498 3
2022 1986 2172 3 2022 2172 2190 3 2043 2227
2248 3 2043 2248 2064 3 2227 2566 2625 3
2227 2625 2248 3 2064 2248 2265 3 2064 2265
2084 3 2248 2625 2657 3 2248 2657 2265 3
1901 2022 2043 3 1901 2043 1933 3 2022 2190
2227 3 2022 2227 2043 3 2190 2498 2566 3
2190 2566 2227 3 2498 2974 3030 3 2498 3030
2566 3 2566 3030 3082 3 2566 3082 2625 3
2625 3082 3097 3 2625 3097 2657 3 2657 3097
3101 3 2657 3101 2665 3 2265 2657 2665 3
2265 2665 2271 3 2084 2265 2271 3 2084 2271
2095 3 1966 2084 2095 3 1966 2095 1974 3
1953 2064 2084 3 1953 2084 1966 3 1933 2043
2064 3 1933 2064 1953 3 10252 10608 10658 3
10252 10658 10312 3 10608 10882 10956 3 10608 10956
10658 3 10312 10658 10716 3 10312 10716 10346 3
10658 10956 11020 3 10658 11020 10716 3 9730 10174
10252 3 9730 10252 9812 3 10174 10516 10608 3
10174 10608 10252 3 10516 10783 10882 3 10516 10882
10608 3 10783 10972 11108 3 10783 11108 10882 3
10882 11108 11208 3 10882 11208 10956 3 10956 11208
11300 3 10956 11300 11020 3 11020 11300 11335 3
11020 11335 11042 3 10716 11020 11042 3 10716 11042
10740 3 10346 10716 10740 3 10346 10740 10360 3
9902 10346 10360 3 9902 10360 9908 3 9872 10312
10346 3 9872 10346 9902 3 9812 10252 10312 3
9812 10312 9872 3 10084 9911 10274 3 10084 10274
10413 3 9911 9698 10106 3 9911 10106 10274 3
10413 10274 10548 3 10413 10548 10664 3 10274 10106
10377 3 10274 10377 10548 3 9730 9600 10084 3
9730 10084 10174 3 9600 9429 9911 3 9600 9911
10084 3 9429 9260 9698 3 9429 9698 9911 3
9260 9008 9413 3 9260 9413 9698 3 9698 9413
9854 3 9698 9854 10106 3 10106 9854 10164 3
10106 10164 10377 3 10377 10164 10365 3 10377 10365
10580 3 10548 10377 10580 3 10548 10580 10738 3
10664 10548 10738 3 10664 10738 10866 3 10783 10664
10866 3 10783 10866 10972 3 10516 10413 10664 3
10516 10664 10783 3 10174 10084 10413 3 10174 10413
10516 3 9100 8754 9142 3 9100 9142 9500 3
8754 8406 8780 3 8754 8780 9142 3 9500 9142
9480 3 9500 9480 9870 3 9142 8780 9108 3
9142 9108 9480 3 9008 8678 9100 3 9008 9100
9413 3 8678 8356 8754 3 8678 8754 9100 3
8356 8024 8406 3 8356 8406 8754 3 8024 7733
8093 3 8024 8093 8406 3 8406 8093 8436 3
8406 8436 8780 3 8780 8436 8772 3 8780 8772
9108 3 9108 8772 9030 3 9108 9030 9352 3
9480 9108 9352 3 9480 9352 9768 3 9870 9480
9768 3 9870 9768 10110 3 10164 9870 10110 3
10164 10110 10365 3 9854 9500 9870 3 9854 9870
10164 3 9413 9100 9500 3 9413 9500 9854 3
7197 7158 7538 3 7197 7538 7581 3 7158 7168
7544 3 7158 7544 7538 3 7581 7538 7848 3
7581 7848 7886 3 7538 7544 7852 3 7538 7852
7848 3 6800 6696 7197 3 6800 7197 7285 3
6696 6648 7158 3 6696 7158 7197 3 6648 6660
7168 3 6648 7168 7158 3 6660 6727 7215 3
6660 7215 7168 3 7168 7215 7601 3 7168 7601
7544 3 7544 7601 7896 3 7544 7896 7852 3
7852 7896 8165 3 7852 8165 8126 3 7848 7852
8126 3 7848 8126 8122 3 7886 7848 8122 3
7886 8122 8157 3 7954 7886 8157 3 7954 8157
8229 3 7647 7581 7886 3 7647 7886 7954 3
7285 7197 7581 3 7285 7581 7647 3 7817 7615
7934 3 7817 7934 8183 3 7615 7431 7773 3
7615 7773 7934 3 8183 7934 8267 3 8183 8267
8474 3 7934 7773 8087 3 7934 8087 8267 3
7733 7467 7817 3 7733 7817 8093 3 7467 7242
7615 3 7467 7615 7817 3 7242 7000 7431 3
7242 7431 7615 3 7000 6800 7285 3 7000 7285
7431 3 7431 7285 7647 3 7431 7647 7773 3
7773 7647 7954 3 7773 7954 8087 3 8087 7954
8229 3 8087 8229 8344 3 8267 8087 8344 3
8267 8344 8512 3 8474 8267 8512 3 8474 8512
8740 3 8772 8474 8740 3 8772 8740 9030 3
8436 8183 8474 3 8436 8474 8772 3 8093 7817
8183 3 8093 8183 8436 3 7297 7413 7753 3
7297 7753 7653 3 7413 7550 7878 3 7413 7878
7753 3 7653 7753 8054 3 7653 8054 7952 3
7753 7878 8199 3 7753 8199 8054 3 6727 6828
7297 3 6727 7297 7215 3 6828 6984 7413 3
6828 7413 7297 3 6984 7189 7550 3 6984 7550
7413 3 7189 7375 7711 3 7189 7711 7550 3
7550 7711 8033 3 7550 8033 7878 3 7878 8033
8340 3 7878 8340 8199 3 8199 8340 8583 3
8199 8583 8422 3 8054 8199 8422 3 8054 8422
8312 3 7952 8054 8312 3 7952 8312 8227 3
7896 7952 8227 3 7896 8227 8165 3 7601 7653
7952 3 7601 7952 7896 3 7215 7297 7653 3
7215 7653 7601 3 7900 8116 8416 3 7900 8416
8237 3 8116 8316 8632 3 8116 8632 8416 3
8237 8416 8718 3 8237 8718 8519 3 8416 8632
8913 3 8416 8913 8718 3 7375 7585 7900 3
7375 7900 7711 3 7585 7789 8116 3 7585 8116
7900 3 7789 7986 8316 3 7789 8316 8116 3
7986 8185 8482 3 7986 8482 8316 3 8316 8482
8808 3 8316 8808 8632 3 8632 8808 9082 3
8632 9082 8913 3 8913 9082 9304 3 8913 9304
9144 3 8718 8913 9144 3 8718 9144 8961 3
8519 8718 8961 3 8519 8961 8762 3 8340 8519
8762 3 8340 8762 8583 3 8033 8237 8519 3
8033 8519 8340 3 7711 7900 8237 3 7711 8237
8033 3 8618 8670 8996 3 8618 8996 8921 3
8670 8684 9020 3 8670 9020 8996 3 8921 8996
9272 3 8921 9272 9212 3 8996 9020 9284 3
8996 9284 9272 3 8185 8303 8618 3 8185 8618
8482 3 8303 8360 8670 3 8303 8670 8618 3
8360 8378 8684 3 8360 8684 8670 3 8378 8358
8672 3 8378 8672 8684 3 8684 8672 8998 3
8684 8998 9020 3 9020 8998 9276 3 9020 9276
9284 3 9284 9276 9492 3 9284 9492 9510 3
9272 9284 9510 3 9272 9510 9486 3 9212 9272
9486 3 9212 9486 9410 3 9082 9212 9410 3
9082 9410 9304 3 8808 8921 9212 3 8808 9212
9082 3 8482 8618 8921 3 8482 8921 8808 3
8638 8589 8892 3 8638 8892 8953 3 8589 8531
8844 3 8589 8844 8892 3 8953 8892 9174 3
8953 9174 9236 3 8892 8844 9124 3 8892 9124
9174 3 8358 8328 8638 3 8358 8638 8672 3
8328 8277 8589 3 8328 8589 8638 3 8277 8233
8531 3 8277 8531 8589 3 8233 8191 8478 3
8233 8478 8531 3 8531 8478 8800 3 8531 8800
8844 3 8844 8800 9084 3 8844 9084 9124 3
9124 9084 9340 3 9124 9340 9348 3 9174 9124
9348 3 9174 9348 9387 3 9236 9174 9387 3
9236 9387 9447 3 9276 9236 9447 3 9276 9447
9492 3 8998 8953 9236 3 8998 9236 9276 3
8672 8638 8953 3 8672 8953 8998 3 7064 7428
7474 3 7064 7474 7126 3 7428 7709 7765 3
7428 7765 7474 3 7126 7474 7503 3 7126 7503
7164 3 7474 7765 7795 3 7474 7795 7503 3
6502 6938 7064 3 6502 7064 6594 3 6938 7337
7428 3 6938 7428 7064 3 7337 7633 7709 3
7337 7709 7428 3 7633 7846 7932 3 7633 7932
7709 3 7709 7932 7993 3 7709 7993 7765 3
7765 7993 8017 3 7765 8017 7795 3 7795 8017
8030 3 7795 8030 7806 3 7503 7795 7806 3
7503 7806 7515 3 7164 7503 7515 3 7164 7515
7178 3 6698 7164 7178 3 6698 7178 6716 3
6664 7126 7164 3 6664 7164 6698 3 6594 7064
7126 3 6594 7126 6664 3 6796 6622 7058 3
6796 7058 7224 3 6622 6432 6798 3 6622 6798
7058 3 7224 7058 7365 3 7224 7365 7509 3
7058 6798 7170 3 7058 7170 7365 3 6502 6398
6796 3 6502 6796 6938 3 6398 6236 6622 3
6398 6622 6796 3 6236 6071 6432 3 6236 6432
6622 3 6071 5852 6186 3 6071 6186 6432 3
6432 6186 6538 3 6432 6538 6798 3 6798 6538
6878 3 6798 6878 7170 3 7170 6878 7156 3
7170 7156 7401 3 7365 7170 7401 3 7365 7401
7599 3 7509 7365 7599 3 7509 7599 7737 3
7633 7509 7737 3 7633 7737 7846 3 7337 7224
7509 3 7337 7509 7633 3 6938 6796 7224 3
6938 7224 7337 3 5958 5705 6011 3 5958 6011
6268 3 5705 5389 5729 3 5705 5729 6011 3
6268 6011 6260 3 6268 6260 6570 3 6011 5729
5983 3 6011 5983 6260 3 5852 5629 5958 3
5852 5958 6186 3 5629 5345 5705 3 5629 5705
5958 3 5345 4954 5389 3 5345 5389 5705 3
4954 4583 5014 3 4954 5014 5389 3 5389 5014
5401 3 5389 5401 5729 3 5729 5401 5683 3
5729 5683 5983 3 5983 5683 5868 3 5983 5868
6160 3 6260 5983 6160 3 6260 6160 6491 3
6570 6260 6491 3 6570 6491 6808 3 6878 6570
6808 3 6878 6808 7156 3 6538 6268 6570 3
6538 6570 6878 3 6186 5958 6268 3 6186 6268
6538 3 3751 3719 3995 3 3751 3995 4045 3
3719 3733 4021 3 3719 4021 3995 3 4045 3995
4271 3 4045 4271 4323 3 3995 4021 4287 3
3995 4287 4271 3 3557 3462 3751 3 3557 3751
3857 3 3462 3430 3719 3 3462 3719 3751 3
3430 3454 3733 3 3430 3733 3719 3 3454 3535
3807 3 3454 3807 3733 3 3733 3807 4091 3
3733 4091 4021 3 4021 4091 4377 3 4021 4377
4287 3 4287 4377 4637 3 4287 4637 4533 3
4271 4287 4533 3 4271 4533 4505 3 4323 4271
4505 3 4323 4505 4573 3 4430 4323 4573 3
4430 4573 4721 3 4141 4045 4323 3 4141 4323
4430 3 3857 3751 4045 3 3857 4045 4141 3
4617 4273 4669 3 4617 4669 5030 3 4273 4031
4351 3 4273 4351 4669 3 5030 4669 5010 3
5030 5010 5357 3 4669 4351 4694 3 4669 4694
5010 3 4583 4219 4617 3 4583 4617 5014 3
4219 3949 4273 3 4219 4273 4617 3 3949 3725
4031 3 3949 4031 4273 3 3725 3557 3857 3
3725 3857 4031 3 4031 3857 4141 3 4031 4141
4351 3 4351 4141 4430 3 4351 4430 4694 3
4694 4430 4721 3 4694 4721 4948 3 5010 4694
4948 3 5010 4948 5279 3 5357 5010 5279 3
5357 5279 5583 3 5683 5357 5583 3 5683 5583
5868 3 5401 5030 5357 3 5401 5357 5683 3
5014 4617 5030 3 5014 5030 5401 3 3947 4109
4423 3 3947 4423 4239 3 4109 4385 4761 3
4109 4761 4423 3 4239 4423 4791 3 4239 4791
4535 3 4423 4761 5074 3 4423 5074 4791 3
3535 3657 3947 3 3535 3947 3807 3 3657 3831
4109 3 3657 4109 3947 3 3831 4071 4385 3
3831 4385 4109 3 4071 4367 4755 3 4071 4755
4385 3 4385 4755 5110 3 4385 5110 4761 3
4761 5110 5391 3 4761 5391 5074 3 5074 5391
5585 3 5074 5585 5308 3 4791 5074 5308 3
4791 5308 5020 3 4535 4791 5020 3 4535 5020
4805 3 4377 4535 4805 3 4377 4805 4637 3
4091 4239 4535 3 4091 4535 4377 3 3807 3947
4239 3 3807 4239 4091 3 5138 5501 5768 3
5138 5768 5462 3 5501 5778 6030 3 5501 6030
5768 3 5462 5768 5985 3 5462 5985 5701 3
5768 6030 6234 3 5768 6234 5985 3 4367 4775
5138 3 4367 5138 4755 3 4775 5166 5501 3
4775 5501 5138 3 5166 5503 5778 3 5166 5778
5501 3 5503 5744 5995 3 5503 5995 5778 3
5778 5995 6224 3 5778 6224 6030 3 6030 6224
6476 3 6030 6476 6234 3 6234 6476 6650 3
6234 6650 6424 3 5985 6234 6424 3 5985 6424
6130 3 5701 5985 6130 3 5701 6130 5848 3
5391 5701 5848 3 5391 5848 5585 3 5110 5462
5701 3 5110 5701 5391 3 4755 5138 5462 3
4755 5462 5110 3 6122 6180 6452 3 6122 6452
6382 3 6180 6192 6472 3 6180 6472 6452 3
6382 6452 6692 3 6382 6692 6608 3 6452 6472
6702 3 6452 6702 6692 3 5744 5854 6122 3
5744 6122 5995 3 5854 5938 6180 3 5854 6180
6122 3 5938 5956 6192 3 5938 6192 6180 3
5956 5940 6178 3 5956 6178 6192 3 6192 6178
6444 3 6192 6444 6472 3 6472 6444 6676 3
6472 6676 6702 3 6702 6676 6884 3 6702 6884
6918 3 6692 6702 6918 3 6692 6918 6902 3
6608 6692 6902 3 6608 6902 6814 3 6476 6608
6814 3 6476 6814 6650 3 6224 6382 6608 3
6224 6608 6476 3 5995 6122 6382 3 5995 6382
6224 3 6144 6114 6349 3 6144 6349 6406 3
6114 6076 6310 3 6114 6310 6349 3 6406 6349
6572 3 6406 6572 6618 3 6349 6310 6516 3
6349 6516 6572 3 5940 5914 6144 3 5940 6144
6178 3 5914 5878 6114 3 5914 6114 6144 3
5878 5828 6076 3 5878 6076 6114 3 5828 5800
6050 3 5828 6050 6076 3 6076 6050 6256 3
6076 6256 6310 3 6310 6256 6490 3 6310 6490
6516 3 6516 6490 6714 3 6516 6714 6733 3
6572 6516 6733 3 6572 6733 6771 3 6618 6572
6771 3 6618 6771 6830 3 6676 6618 6830 3
6676 6830 6884 3 6444 6406 6618 3 6444 6618
6676 3 6178 6144 6406 3 6178 6406 6444 3
5226 5188 5421 3 5226 5421 5456 3 5188 5148
5373 3 5188 5373 5421 3 5456 5421 5651 3
5456 5651 5685 3 5421 5373 5619 3 5421 5619
5651 3 5086 5064 5226 3 5086 5226 5259 3
5064 5028 5188 3 5064 5188 5226 3 5028 4950
5148 3 5028 5148 5188 3 4950 4865 5104 3
4950 5104 5148 3 5148 5104 5349 3 5148 5349
5373 3 5373 5349 5589 3 5373 5589 5619 3
5619 5589 5800 3 5619 5800 5828 3 5651 5619
5828 3 5651 5828 5878 3 5685 5651 5878 3
5685 5878 5914 3 5719 5685 5914 3 5719 5914
5940 3 5482 5456 5685 3 5482 5685 5719 3
5259 5226 5456 3 5259 5456 5482 3 5088 5192
5443 3 5088 5443 5347 3 5192 5255 5484 3
5192 5484 5443 3 5347 5443 5693 3 5347 5693
5607 3 5443 5484 5731 3 5443 5731 5693 3
4649 4871 5088 3 4649 5088 4863 3 4871 5002
5192 3 4871 5192 5088 3 5002 5068 5255 3
5002 5255 5192 3 5068 5086 5259 3 5068 5259
5255 3 5255 5259 5482 3 5255 5482 5484 3
5484 5482 5719 3 5484 5719 5731 3 5731 5719
5940 3 5731 5940 5956 3 5693 5731 5956 3
5693 5956 5938 3 5607 5693 5938 3 5607 5938
5854 3 5450 5607 5854 3 5450 5854 5744 3
5146 5347 5607 3 5146 5607 5450 3 4863 5088
5347 3 4863 5347 5146 3 3865 4183 4419 3
3865 4419 4087 3 4183 4523 4835 3 4183 4835
4419 3 4087 4419 4807 3 4087 4807 4389 3
4419 4835 5174 3 4419 5174 4807 3 3402 3697
3865 3 3402 3865 3563 3 3697 3997 4183 3
3697 4183 3865 3 3997 4327 4523 3 3997 4523
4183 3 4327 4649 4863 3 4327 4863 4523 3
4523 4863 5146 3 4523 5146 4835 3 4835 5146
5450 3 4835 5450 5174 3 5174 5450 5744 3
5174 5744 5503 3 4807 5174 5503 3 4807 5503
5166 3 4389 4807 5166 3 4389 5166 4775 3
4055 4389 4775 3 4055 4775 4367 3 3785 4087
4389 3 3785 4389 4055 3 3563 3865 4087 3
3563 4087 3785 3 2866 3064 3300 3 2866 3300
3112 3 3064 3302 3537 3 3064 3537 3300 3
3112 3300 3553 3 3112 3553 3374 3 3300 3537
3779 3 3300 3779 3553 3 2478 2674 2866 3
2478 2866 2718 3 2674 2874 3064 3 2674 3064
2866 3 2874 3122 3302 3 2874 3302 3064 3
3122 3402 3563 3 3122 3563 3302 3 3302 3563
3785 3 3302 3785 3537 3 3537 3785 4055 3
3537 4055 3779 3 3779 4055 4367 3 3779 4367
4071 3 3553 3779 4071 3 3553 4071 3831 3
3374 3553 3831 3 3374 3831 3657 3 3238 3374
3657 3 3238 3657 3535 3 2956 3112 3374 3
2956 3374 3238 3 2718 2866 3112 3 2718 3112
2956 3 3356 3106 3352 3 3356 3352 3609 3
3106 2886 3134 3 3106 3134 3352 3 3609 3352
3645 3 3609 3645 3891 3 3352 3134 3428 3
3352 3428 3645 3 3432 3166 3356 3 3432 3356
3629 3 3166 2900 3106 3 3166 3106 3356 3
2900 2670 2886 3 2900 2886 3106 3 2670 2464
2712 3 2670 2712 2886 3 2886 2712 2962 3
2886 2962 3134 3 3134 2962 3264 3 3134 3264
3428 3 3428 3264 3557 3 3428 3557 3725 3
3645 3428 3725 3 3645 3725 3949 3 3891 3645
3949 3 3891 3949 4219 3 4177 3891 4219 3
4177 4219 4583 3 3877 3609 3891 3 3877 3891
4177 3 3629 3356 3609 3 3629 3609 3877 3
2582 2548 2842 3 2582 2842 2872 3 2548 2596
2876 3 2548 2876 2842 3 2872 2842 3130 3
2872 3130 3168 3 2842 2876 3162 3 2842 3162
3130 3 2464 2378 2582 3 2464 2582 2712 3
2378 2356 2548 3 2378 2548 2582 3 2356 2384
2596 3 2356 2596 2548 3 2384 2478 2718 3
2384 2718 2596 3 2596 2718 2956 3 2596 2956
2876 3 2876 2956 3238 3 2876 3238 3162 3
3162 3238 3535 3 3162 3535 3454 3 3130 3162
3454 3 3130 3454 3430 3 3168 3130 3430 3
3168 3430 3462 3 3264 3168 3462 3 3264 3462
3557 3 2962 2872 3168 3 2962 3168 3264 3
2712 2582 2872 3 2712 2872 2962 3 4435 4157
4469 3 4435 4469 4833 3 4157 3889 4151 3
4157 4151 4469 3 4833 4469 4893 3 4833 4893
5257 3 4469 4151 4517 3 4469 4517 4893 3
4459 4207 4435 3 4459 4435 4769 3 4207 3955
4157 3 4207 4157 4435 3 3955 3695 3889 3
3955 3889 4157 3 3695 3432 3629 3 3695 3629
3889 3 3889 3629 3877 3 3889 3877 4151 3
4151 3877 4177 3 4151 4177 4517 3 4517 4177
4583 3 4517 4583 4954 3 4893 4517 4954 3
4893 4954 5345 3 5257 4893 5345 3 5257 5345
5629 3 5517 5257 5629 3 5517 5629 5852 3
5132 4833 5257 3 5132 5257 5517 3 4769 4435
4833 3 4769 4833 5132 3 5383 5222 5565 3
5383 5565 5703 3 5222 5018 5381 3 5222 5381
5565 3 5703 5565 5892 3 5703 5892 6036 3
5565 5381 5748 3 5565 5748 5892 3 5234 5112
5383 3 5234 5383 5505 3 5112 4919 5222 3
5112 5222 5383 3 4919 4729 5018 3 4919 5018
5222 3 4729 4459 4769 3 4729 4769 5018 3
5018 4769 5132 3 5018 5132 5381 3 5381 5132
5517 3 5381 5517 5748 3 5748 5517 5852 3
5748 5852 6071 3 5892 5748 6071 3 5892 6071
6236 3 6036 5892 6236 3 6036 6236 6398 3
6124 6036 6398 3 6124 6398 6502 3 5792 5703
6036 3 5792 6036 6124 3 5505 5383 5703 3
5505 5703 5792 3 5581 5865 5920 3 5581 5920
5640 3 5865 6190 6255 3 5865 6255 5920 3
5640 5920 5951 3 5640 5951 5662 3 5920 6255
6296 3 5920 6296 5951 3 5234 5505 5581 3
5234 5581 5331 3 5505 5792 5865 3 5505 5865
5581 3 5792 6124 6190 3 5792 6190 5865 3
6124 6502 6594 3 6124 6594 6190 3 6190 6594
6664 3 6190 6664 6255 3 6255 6664 6698 3
6255 6698 6296 3 6296 6698 6716 3 6296 6716
6316 3 5951 6296 6316 3 5951 6316 5970 3
5662 5951 5970 3 5662 5970 5678 3 5434 5662
5678 3 5434 5678 5447 3 5393 5640 5662 3
5393 5662 5434 3 5331 5581 5640 3 5331 5640
5393 3 9834 9548 9373 3 9834 9373 9678 3
9548 9288 9148 3 9548 9148 9373 3 9678 9373
9270 3 9678 9270 9536 3 9373 9148 9032 3
9373 9032 9270 3 10238 10005 9834 3 10238 9834
10108 3 10005 9704 9548 3 10005 9548 9834 3
9704 9421 9288 3 9704 9288 9548 3 9421 9254
9086 3 9421 9086 9288 3 9288 9086 8955 3
9288 8955 9148 3 9148 8955 8848 3 9148 8848
9032 3 9032 8848 8778 3 9032 8778 8969 3
9270 9032 8969 3 9270 8969 9186 3 9536 9270
9186 3 9536 9186 9423 3 9828 9536 9423 3
9828 9423 9738 3 9969 9678 9536 3 9969 9536
9828 3 10108 9834 9678 3 10108 9678 9969 3
8947 8832 8694 3 8947 8694 8826 3 8832 8710
8595 3 8832 8595 8694 3 8826 8694 8610 3
8826 8610 8708 3 8694 8595 8490 3 8694 8490
8610 3 9254 9088 8947 3 9254 8947 9086 3
9088 8979 8832 3 9088 8832 8947 3 8979 8862
8710 3 8979 8710 8832 3 8862 8690 8563 3
8862 8563 8710 3 8710 8563 8440 3 8710 8440
8595 3 8595 8440 8362 3 8595 8362 8490 3
8490 8362 8322 3 8490 8322 8434 3 8610 8490
8434 3 8610 8434 8539 3 8708 8610 8539 3
8708 8539 8646 3 8848 8708 8646 3 8848 8646
8778 3 8955 8826 8708 3 8955 8708 8848 3
9086 8947 8826 3 9086 8826 8955 3 6498 6396
6333 3 6498 6333 6442 3 6396 6284 6222 3
6396 6222 6333 3 6442 6333 6306 3 6442 6306
6416 3 6333 6222 6184 3 6333 6184 6306 3
6737 6576 6498 3 6737 6498 6640 3 6576 6478
6396 3 6576 6396 6498 3 6478 6361 6284 3
6478 6284 6396 3 6361 6228 6152 3 6361 6152
6284 3 6284 6152 6108 3 6284 6108 6222 3
6222 6108 6084 3 6222 6084 6184 3 6184 6084
6086 3 6184 6086 6182 3 6306 6184 6182 3
6306 6182 6302 3 6416 6306 6302 3 6416 6302
6412 3 6524 6416 6412 3 6524 6412 6522 3
6574 6442 6416 3 6574 6416 6524 3 6640 6498
6442 3 6640 6442 6574 3 5128 4877 4799 3
5128 4799 5038 3 4877 4661 4551 3 4877 4551
4799 3 5038 4799 4727 3 5038 4727 4990 3
4799 4551 4471 3 4799 4471 4727 3 5464 5214
5128 3 5464 5128 5369 3 5214 4982 4877 3
5214 4877 5128 3 4982 4773 4661 3 4982 4661
4877 3 4773 4565 4439 3 4773 4439 4661 3
4661 4439 4359 3 4661 4359 4551 3 4551 4359
4291 3 4551 4291 4471 3 4471 4291 4263 3
4471 4263 4427 3 4727 4471 4427 3 4727 4427
4705 3 4990 4727 4705 3 4990 4705 4976 3
5276 4990 4976 3 5276 4976 5273 3 5312 5038
4990 3 5312 4990 5276 3 5369 5128 5038 3
5369 5038 5312 3 6023 5804 5776 3 6023 5776
5948 3 5804 5603 5559 3 5804 5559 5776 3
5948 5776 5752 3 5948 5752 5926 3 5776 5559
5513 3 5776 5513 5752 3 6228 6074 6023 3
6228 6023 6152 3 6074 5882 5804 3 6074 5804
6023 3 5882 5681 5603 3 5882 5603 5804 3
5681 5464 5369 3 5681 5369 5603 3 5603 5369
5312 3 5603 5312 5559 3 5559 5312 5276 3
5559 5276 5513 3 5513 5276 5273 3 5513 5273
5515 3 5752 5513 5515 3 5752 5515 5754 3
5926 5752 5754 3 5926 5754 5929 3 6084 5926
5929 3 6084 5929 6086 3 6108 5948 5926 3
6108 5926 6084 3 6152 6023 5948 3 6152 5948
6108 3 4301 4171 4089 3 4301 4089 4217 3
4171 4053 3973 3 4171 3973 4089 3 4217 4089
4039 3 4217 4039 4143 3 4089 3973 3931 3
4089 3931 4039 3 4565 4395 4301 3 4565 4301
4439 3 4395 4259 4171 3 4395 4171 4301 3
4259 4121 4053 3 4259 4053 4171 3 4121 3991
3925 3 4121 3925 4053 3 4053 3925 3855 3
4053 3855 3973 3 3973 3855 3795 3 3973 3795
3931 3 3931 3795 3775 3 3931 3775 3915 3
4039 3931 3915 3 4039 3915 4015 3 4143 4039
4015 3 4143 4015 4113 3 4291 4143 4113 3
4291 4113 4263 3 4359 4217 4143 3 4359 4143
4291 3 4439 4301 4217 3 4439 4217 4359 3
3765 3601 3525 3 3765 3525 3699 3 3601 3410
3326 3 3601 3326 3525 3 3699 3525 3472 3
3699 3472 3649 3 3525 3326 3262 3 3525 3262
3472 3 3991 3851 3765 3 3991 3765 3925 3
3851 3681 3601 3 3851 3601 3765 3 3681 3498
3410 3 3681 3410 3601 3 3498 3278 3196 3
3498 3196 3410 3 3410 3196 3110 3 3410 3110
3326 3 3326 3110 3028 3 3326 3028 3262 3
3262 3028 2986 3 3262 2986 3220 3 3472 3262
3220 3 3472 3220 3438 3 3649 3472 3438 3
3649 3438 3627 3 3795 3649 3627 3 3795 3627
3775 3 3855 3699 3649 3 3855 3649 3795 3
3925 3765 3699 3 3925 3699 3855 3 2630 2710
2398 3 2630 2398 2342 3 2710 2660 2362 3
2710 2362 2398 3 2342 2398 2232 3 2342 2232
2196 3 2398 2362 2208 3 2398 2208 2232 3
2758 2926 2630 3 2758 2630 2412 3 2926 2994
2710 3 2926 2710 2630 3 2994 2948 2660 3
2994 2660 2710 3 2948 2806 2458 3 2948 2458
2660 3 2660 2458 2244 3 2660 2244 2362 3
2362 2244 2138 3 2362 2138 2208 3 2208 2138
2038 3 2208 2038 2140 3 2232 2208 2140 3
2232 2140 2168 3 2196 2232 2168 3 2196 2168
2120 3 2112 2196 2120 3 2112 2120 2028 3
2212 2342 2196 3 2212 2196 2112 3 2412 2630
2342 3 2412 2342 2212 3 11968 11982 11936 3
11968 11936 11924 3 11982 11966 11916 3 11982 11916
11936 3 11924 11936 11902 3 11924 11902 11890 3
11936 11916 11888 3 11936 11888 11902 3 11974 12010
11968 3 11974 11968 11922 3 12010 12032 11982 3
12010 11982 11968 3 12032 12004 11966 3 12032 11966
11982 3 12004 11964 11910 3 12004 11910 11966 3
11966 11910 11876 3 11966 11876 11916 3 11916 11876
11824 3 11916 11824 11888 3 11888 11824 11784 3
11888 11784 11845 3 11902 11888 11845 3 11902 11845
11870 3 11890 11902 11870 3 11890 11870 11853 3
11839 11890 11853 3 11839 11853 11796 3 11886 11924
11890 3 11886 11890 11839 3 11922 11968 11924 3
11922 11924 11886 3 5717 5655 5437 3 5717 5437
5495 3 5655 5709 5491 3 5655 5491 5437 3
5495 5437 5224 3 5495 5224 5304 3 5437 5491
5296 3 5437 5296 5224 3 6088 5944 5717 3
6088 5717 5834 3 5944 5902 5655 3 5944 5655
5717 3 5902 5936 5709 3 5902 5709 5655 3
5936 6062 5816 3 5936 5816 5709 3 5709 5816
5631 3 5709 5631 5491 3 5491 5631 5466 3
5491 5466 5296 3 5296 5466 5325 3 5296 5325
5136 3 5224 5296 5136 3 5224 5136 5082 3
5304 5224 5082 3 5304 5082 5142 3 5480 5304
5142 3 5480 5142 5337 3 5645 5495 5304 3
5645 5304 5480 3 5834 5717 5495 3 5834 5495
5645 3 1278 1272 1300 3 1278 1300 1306 3
1272 1284 1318 3 1272 1318 1300 3 1306 1300
1342 3 1306 1342 1350 3 1300 1318 1358 3
1300 1358 1342 3 1274 1258 1278 3 1274 1278
1294 3 1258 1256 1272 3 1258 1272 1278 3
1256 1266 1284 3 1256 1284 1272 3 1266 1290
1308 3 1266 1308 1284 3 1284 1308 1340 3
1284 1340 1318 3 1318 1340 1388 3 1318 1388
1358 3 1358 1388 1432 3 1358 1432 1406 3
1342 1358 1406 3 1342 1406 1394 3 1350 1342
1394 3 1350 1394 1396 3 1366 1350 1396 3
1366 1396 1422 3 1324 1306 1350 3 1324 1350
1366 3 1294 1278 1306 3 1294 1306 1324 3
8792 8714 8890 3 8792 8890 8983 3 8714 8768
8958 3 8714 8958 8890 3 8983 8890 9122 3
8983 9122 9220 3 8890 8958 9184 3 8890 9184
9122 3 8878 8654 8792 3 8878 8792 9018 3
8654 8587 8714 3 8654 8714 8792 3 8587 8640
8768 3 8587 8768 8714 3 8640 8836 8973 3
8640 8973 8768 3 8768 8973 9150 3 8768 9150
8958 3 8958 9150 9363 3 8958 9363 9184 3
9184 9363 9676 3 9184 9676 9460 3 9122 9184
9460 3 9122 9460 9395 3 9220 9122 9395 3
9220 9395 9488 3 9405 9220 9488 3 9405 9488
9718 3 9194 8983 9220 3 9194 9220 9405 3
9018 8792 8983 3 9018 8983 9194 3 4903 4986
5200 3 4903 5200 5152 3 4986 4929 5168 3
4986 5168 5200 3 5152 5200 5472 3 5152 5472
5413 3 5200 5168 5431 3 5200 5431 5472 3
4591 4765 4903 3 4591 4903 4757 3 4765 4831
4986 3 4765 4986 4903 3 4831 4795 4929 3
4831 4929 4986 3 4795 4637 4805 3 4795 4805
4929 3 4929 4805 5020 3 4929 5020 5168 3
5168 5020 5308 3 5168 5308 5431 3 5431 5308
5585 3 5431 5585 5695 3 5472 5431 5695 3
5472 5695 5742 3 5413 5472 5742 3 5413 5742
5691 3 5283 5413 5691 3 5283 5691 5575 3
4980 5152 5413 3 4980 5413 5283 3 4757 4903
5152 3 4757 5152 4980 3 2958 2936 2692 3
2958 2692 2708 3 2936 2988 2744 3 2936 2744
2692 3 2708 2692 2446 3 2708 2446 2462 3
2692 2744 2494 3 2692 2494 2446 3 3354 3266
2958 3 3354 2958 3070 3 3266 3236 2936 3
3266 2936 2958 3 3236 3284 2988 3 3236 2988
2936 3 3284 3402 3122 3 3284 3122 2988 3
2988 3122 2874 3 2988 2874 2744 3 2744 2874
2674 3 2744 2674 2494 3 2494 2674 2478 3
2494 2478 2364 3 2446 2494 2364 3 2446 2364
2316 3 2462 2446 2316 3 2462 2316 2326 3
2562 2462 2326 3 2562 2326 2404 3 2822 2708
2462 3 2822 2462 2562 3 3070 2958 2708 3
3070 2708 2822 3 7433 7359 7327 3 7433 7327
7403 3 7359 7363 7335 3 7359 7335 7327 3
7403 7327 7256 3 7403 7256 7315 3 7327 7335
7268 3 7327 7268 7256 3 7554 7417 7433 3
7554 7433 7556 3 7417 7347 7359 3 7417 7359
7433 3 7347 7349 7363 3 7347 7363 7359 3
7349 7437 7449 3 7349 7449 7363 3 7363 7449
7423 3 7363 7423 7335 3 7335 7423 7353 3
7335 7353 7268 3 7268 7353 7209 3 7268 7209
7106 3 7256 7268 7106 3 7256 7106 7086 3
7315 7256 7086 3 7315 7086 7150 3 7447 7315
7150 3 7447 7150 7283 3 7518 7403 7315 3
7518 7315 7447 3 7556 7433 7403 3 7556 7403
7518 3 2066 2118 2106 3 2066 2106 2054 3
2118 2091 2076 3 2118 2076 2106 3 2054 2106
2130 3 2054 2130 2093 3 2106 2076 2110 3
2106 2110 2130 3 2028 2120 2066 3 2028 2066
1988 3 2120 2168 2118 3 2120 2118 2066 3
2168 2140 2091 3 2168 2091 2118 3 2140 2038
2016 3 2140 2016 2091 3 2091 2016 2010 3
2091 2010 2076 3 2076 2010 2030 3 2076 2030
2110 3 2110 2030 2072 3 2110 2072 2166 3
2130 2110 2166 3 2130 2166 2174 3 2093 2130
2174 3 2093 2174 2146 3 2004 2093 2146 3
2004 2146 2040 3 1982 2054 2093 3 1982 2093
2004 3 1988 2066 2054 3 1988 2054 1982 3
11812 11828 11797 3 11812 11797 11782 3 11828 11802
11774 3 11828 11774 11797 3 11782 11797 11772 3
11782 11772 11760 3 11797 11774 11752 3 11797 11752
11772 3 11796 11853 11812 3 11796 11812 11764 3
11853 11870 11828 3 11853 11828 11812 3 11870 11845
11802 3 11870 11802 11828 3 11845 11784 11748 3
11845 11748 11802 3 11802 11748 11635 3 11802 11635
11774 3 11774 11635 11566 3 11774 11566 11752 3
11752 11566 11516 3 11752 11516 11695 3 11772 11752
11695 3 11772 11695 11758 3 11760 11772 11758 3
11760 11758 11721 3 11601 11760 11721 3 11601 11721
11557 3 11665 11782 11760 3 11665 11760 11601 3
11764 11812 11782 3 11764 11782 11665 3 1282 1276
1260 3 1282 1260 1262 3 1276 1288 1268 3
1276 1268 1260 3 1262 1260 1252 3 1262 1252
1254 3 1260 1268 1264 3 1260 1264 1252 3
1320 1304 1282 3 1320 1282 1296 3 1304 1298
1276 3 1304 1276 1282 3 1298 1316 1288 3
1298 1288 1276 3 1316 1336 1312 3 1316 1312
1288 3 1288 1312 1292 3 1288 1292 1268 3
1268 1292 1286 3 1268 1286 1264 3 1264 1286
1290 3 1264 1290 1266 3 1252 1264 1266 3
1252 1266 1256 3 1254 1252 1256 3 1254 1256
1258 3 1270 1254 1258 3 1270 1258 1274 3
1280 1262 1254 3 1280 1254 1270 3 1296 1282
1262 3 1296 1262 1280 3 8571 8494 8472 3
8571 8472 8549 3 8494 8541 8533 3 8494 8533
8472 3 8549 8472 8506 3 8549 8506 8591 3
8472 8533 8561 3 8472 8561 8506 3 8828 8626
8571 3 8828 8571 8770 3 8626 8542 8494 3
8626 8494 8571 3 8542 8606 8541 3 8542 8541
8494 3 8606 8774 8728 3 8606 8728 8541 3
8541 8728 8720 3 8541 8720 8533 3 8533 8720
8746 3 8533 8746 8561 3 8561 8746 8836 3
8561 8836 8640 3 8506 8561 8640 3 8506 8640
8587 3 8591 8506 8587 3 8591 8587 8654 3
8796 8591 8654 3 8796 8654 8878 3 8764 8549
8591 3 8764 8591 8796 3 8770 8571 8549 3
8770 8549 8764 3 5054 4964 4889 3 5054 4889
4970 3 4964 4966 4895 3 4964 4895 4889 3
4970 4889 4751 3 4970 4751 4823 3 4889 4895
4771 3 4889 4771 4751 3 5247 5094 5054 3
5247 5054 5208 3 5094 4996 4964 3 5094 4964
5054 3 4996 4992 4966 3 4996 4966 4964 3
4992 5086 5068 3 4992 5068 4966 3 4966 5068
5002 3 4966 5002 4895 3 4895 5002 4871 3
4895 4871 4771 3 4771 4871 4649 3 4771 4649
4511 3 4751 4771 4511 3 4751 4511 4481 3
4823 4751 4481 3 4823 4481 4557 3 4956 4823
4557 3 4956 4557 4711 3 5130 4970 4823 3
5130 4823 4956 3 5208 5054 4970 3 5208 4970
5130 3 9642 9654 9732 3 9642 9732 9716 3
9654 9577 9658 3 9654 9658 9732 3 9716 9732
9772 3 9716 9772 9754 3 9732 9658 9686 3
9732 9686 9772 3 9369 9490 9642 3 9369 9642
9520 3 9490 9522 9654 3 9490 9654 9642 3
9522 9441 9577 3 9522 9577 9654 3 9441 9304
9410 3 9441 9410 9577 3 9577 9410 9486 3
9577 9486 9658 3 9658 9486 9510 3 9658 9510
9686 3 9686 9510 9492 3 9686 9492 9672 3
9772 9686 9672 3 9772 9672 9752 3 9754 9772
9752 3 9754 9752 9748 3 9650 9754 9748 3
9650 9748 9648 3 9605 9716 9754 3 9605 9754
9650 3 9520 9642 9716 3 9520 9716 9605 3
8722 8656 8559 3 8722 8559 8620 3 8656 8636
8535 3 8656 8535 8559 3 8620 8559 8450 3
8620 8450 8517 3 8559 8535 8428 3 8559 8428
8450 3 8935 8856 8722 3 8935 8722 8810 3
8856 8788 8656 3 8856 8656 8722 3 8788 8766
8636 3 8788 8636 8656 3 8766 8778 8646 3
8766 8646 8636 3 8636 8646 8539 3 8636 8539
8535 3 8535 8539 8434 3 8535 8434 8428 3
8428 8434 8322 3 8428 8322 8308 3 8450 8428
8308 3 8450 8308 8338 3 8517 8450 8338 3
8517 8338 8392 3 8604 8517 8392 3 8604 8392
8448 3 8688 8620 8517 3 8688 8517 8604 3
8810 8722 8620 3 8810 8620 8688 3 2202 2240
2380 3 2202 2380 2332 3 2240 2218 2348 3
2240 2348 2380 3 2332 2380 2658 3 2332 2658
2568 3 2380 2348 2604 3 2380 2604 2658 3
2040 2146 2202 3 2040 2202 2134 3 2146 2174
2240 3 2146 2240 2202 3 2174 2166 2218 3
2174 2218 2240 3 2166 2072 2170 3 2166 2170
2218 3 2218 2170 2256 3 2218 2256 2348 3
2348 2256 2456 3 2348 2456 2604 3 2604 2456
2810 3 2604 2810 2912 3 2658 2604 2912 3
2658 2912 2950 3 2568 2658 2950 3 2568 2950
2902 3 2408 2568 2902 3 2408 2902 2768 3
2224 2332 2568 3 2224 2568 2408 3 2134 2202
2332 3 2134 2332 2224 3 11673 11679 11654 3
11673 11654 11652 3 11679 11613 11591 3 11679 11591
11654 3 11652 11654 11629 3 11652 11629 11633 3
11654 11591 11570 3 11654 11570 11629 3 11619 11705
11673 3 11619 11673 11603 3 11705 11709 11679 3
11705 11679 11673 3 11709 11631 11613 3 11709 11613
11679 3 11631 11501 11483 3 11631 11483 11613 3
11613 11483 11463 3 11613 11463 11591 3 11591 11463
11444 3 11591 11444 11570 3 11570 11444 11420 3
11570 11420 11543 3 11629 11570 11543 3 11629 11543
11609 3 11633 11629 11609 3 11633 11609 11611 3
11564 11633 11611 3 11564 11611 11541 3 11588 11652
11633 3 11588 11633 11564 3 11603 11673 11652 3
11603 11652 11588 3 11693 11742 11736 3 11693 11736
11687 3 11742 11661 11656 3 11742 11656 11736 3
11687 11736 11744 3 11687 11744 11699 3 11736 11656
11663 3 11736 11663 11744 3 11557 11721 11693 3
11557 11693 11534 3 11721 11758 11742 3 11721 11742
11693 3 11758 11695 11661 3 11758 11661 11742 3
11695 11516 11495 3 11695 11495 11661 3 11661 11495
11497 3 11661 11497 11656 3 11656 11497 11506 3
11656 11506 11663 3 11663 11506 11522 3 11663 11522
11671 3 11744 11663 11671 3 11744 11671 11746 3
11699 11744 11746 3 11699 11746 11703 3 11559 11699
11703 3 11559 11703 11568 3 11539 11687 11699 3
11539 11699 11559 3 11534 11693 11687 3 11534 11687
11539 3 7030 7050 7134 3 7030 7134 7122 3
7050 6968 7068 3 7050 7068 7134 3 7122 7134
7148 3 7122 7148 7142 3 7134 7068 7078 3
7134 7078 7148 3 6725 6832 7030 3 6725 7030
6912 3 6832 6856 7050 3 6832 7050 7030 3
6856 6788 6968 3 6856 6968 7050 3 6788 6650
6814 3 6788 6814 6968 3 6968 6814 6902 3
6968 6902 7068 3 7068 6902 6918 3 7068 6918
7078 3 7078 6918 6884 3 7078 6884 7053 3
7148 7078 7053 3 7148 7053 7124 3 7142 7148
7124 3 7142 7124 7128 3 7066 7142 7128 3
7066 7128 7046 3 7028 7122 7142 3 7028 7142
7066 3 6912 7030 7122 3 6912 7122 7028 3
6500 6474 6365 3 6500 6365 6418 3 6474 6428
6331 3 6474 6331 6365 3 6418 6365 6252 3
6418 6252 6312 3 6365 6331 6210 3 6365 6210
6252 3 6694 6642 6500 3 6694 6500 6552 3
6642 6590 6474 3 6642 6474 6500 3 6590 6550
6428 3 6590 6428 6474 3 6550 6522 6412 3
6550 6412 6428 3 6428 6412 6302 3 6428 6302
6331 3 6331 6302 6182 3 6331 6182 6210 3
6210 6182 6086 3 6210 6086 6104 3 6252 6210
6104 3 6252 6104 6132 3 6312 6252 6132 3
6312 6132 6174 3 6351 6312 6174 3 6351 6174
6208 3 6456 6418 6312 3 6456 6312 6351 3
6552 6500 6418 3 6552 6418 6456 3 1444 1436
1376 3 1444 1376 1382 3 1436 1458 1392 3
1436 1392 1376 3 1382 1376 1334 3 1382 1334
1338 3 1376 1392 1344 3 1376 1344 1334 3
1564 1534 1444 3 1564 1444 1468 3 1534 1522
1436 3 1534 1436 1444 3 1522 1546 1458 3
1522 1458 1436 3 1546 1580 1484 3 1546 1484
1458 3 1458 1484 1414 3 1458 1414 1392 3
1392 1414 1368 3 1392 1368 1344 3 1344 1368
1336 3 1344 1336 1316 3 1334 1344 1316 3
1334 1316 1298 3 1338 1334 1298 3 1338 1298
1304 3 1356 1338 1304 3 1356 1304 1320 3
1400 1382 1338 3 1400 1338 1356 3 1468 1444
1382 3 1468 1382 1400 3 8939 8872 8736 3
8939 8736 8818 3 8872 8903 8782 3 8872 8782
8736 3 8818 8736 8634 3 8818 8634 8696 3
8736 8782 8668 3 8736 8668 8634 3 9274 9096
8939 3 9274 8939 9114 3 9096 9028 8872 3
9096 8872 8939 3 9028 9064 8903 3 9028 8903
8872 3 9064 9222 9070 3 9064 9070 8903 3
8903 9070 8951 3 8903 8951 8782 3 8782 8951
8852 3 8782 8852 8668 3 8668 8852 8774 3
8668 8774 8606 3 8634 8668 8606 3 8634 8606
8542 3 8696 8634 8542 3 8696 8542 8626 3
8888 8696 8626 3 8888 8626 8828 3 9004 8818
8696 3 9004 8696 8888 3 9114 8939 8818 3
9114 8818 9004 3 9706 9712 9662 3 9706 9662
9664 3 9712 9634 9571 3 9712 9571 9662 3
9664 9662 9620 3 9664 9620 9630 3 9662 9571
9532 3 9662 9532 9620 3 9648 9748 9706 3
9648 9706 9613 3 9748 9752 9712 3 9748 9712
9706 3 9752 9672 9634 3 9752 9634 9712 3
9672 9492 9447 3 9672 9447 9634 3 9634 9447
9387 3 9634 9387 9571 3 9571 9387 9348 3
9571 9348 9532 3 9532 9348 9340 3 9532 9340
9514 3 9620 9532 9514 3 9620 9514 9597 3
9630 9620 9597 3 9630 9597 9615 3 9530 9630
9615 3 9530 9615 9538 3 9565 9664 9630 3
9565 9630 9530 3 9613 9706 9664 3 9613 9664
9565 3 9917 9850 9892 3 9917 9892 9979 3
9850 9838 9886 3 9850 9886 9892 3 9979 9892
9919 3 9979 9919 10016 3 9892 9886 9915 3
9892 9915 9919 3 10001 9862 9917 3 10001 9917
10076 3 9862 9804 9850 3 9862 9850 9917 3
9804 9778 9838 3 9804 9838 9850 3 9778 9826
9906 3 9778 9906 9838 3 9838 9906 9973 3
9838 9973 9886 3 9886 9973 10018 3 9886 10018
9915 3 9915 10018 10050 3 9915 10050 9943 3
9919 9915 9943 3 9919 9943 9944 3 10016 9919
9944 3 10016 9944 10028 3 10124 10016 10028 3
10124 10028 10138 3 10100 9979 10016 3 10100 10016
10124 3 10076 9917 9979 3 10076 9979 10100 3
9494 9417 9182 3 9494 9182 9258 3 9417 9397
9160 3 9417 9160 9182 3 9258 9182 8971 3
9258 8971 9026 3 9182 9160 8941 3 9182 8941
8971 3 9888 9792 9494 3 9888 9494 9601 3
9792 9724 9417 3 9792 9417 9494 3 9724 9696
9397 3 9724 9397 9417 3 9696 9738 9423 3
9696 9423 9397 3 9397 9423 9186 3 9397 9186
9160 3 9160 9186 8969 3 9160 8969 8941 3
8941 8969 8778 3 8941 8778 8766 3 8971 8941
8766 3 8971 8766 8788 3 9026 8971 8788 3
9026 8788 8856 3 9112 9026 8856 3 9112 8856
8935 3 9324 9258 9026 3 9324 9026 9112 3
9601 9494 9258 3 9601 9258 9324 3 5006 4899
4952 3 5006 4952 5056 3 4899 4887 4938 3
4899 4938 4952 3 5056 4952 4994 3 5056 4994
5092 3 4952 4938 4983 3 4952 4983 4994 3
5096 4917 5006 3 5096 5006 5170 3 4917 4851
4899 3 4917 4899 5006 3 4851 4827 4887 3
4851 4887 4899 3 4827 4865 4950 3 4827 4950
4887 3 4887 4950 5028 3 4887 5028 4938 3
4938 5028 5064 3 4938 5064 4983 3 4983 5064
5086 3 4983 5086 4992 3 4994 4983 4992 3
4994 4992 4996 3 5092 4994 4996 3 5092 4996
5094 3 5242 5092 5094 3 5242 5094 5247 3
5210 5056 5092 3 5210 5092 5242 3 5170 5006
5056 3 5170 5056 5210 3 6865 6790 6484 3
6865 6484 6526 3 6790 6810 6506 3 6790 6506
6484 3 6526 6484 6166 3 6526 6166 6218 3
6484 6506 6194 3 6484 6194 6166 3 7283 7150
6865 3 7283 6865 7036 3 7150 7086 6790 3
7150 6790 6865 3 7086 7106 6810 3 7086 6810
6790 3 7106 7209 6946 3 7106 6946 6810 3
6810 6946 6630 3 6810 6630 6506 3 6506 6630
6335 3 6506 6335 6194 3 6194 6335 6062 3
6194 6062 5936 3 6166 6194 5936 3 6166 5936
5902 3 6218 6166 5902 3 6218 5902 5944 3
6368 6218 5944 3 6368 5944 6088 3 6690 6526
6218 3 6690 6218 6368 3 7036 6865 6526 3
7036 6526 6690 3 8071 8002 8027 3 8071 8027
8111 3 8002 8039 8074 3 8002 8074 8027 3
8111 8027 8038 3 8111 8038 8128 3 8027 8074
8089 3 8027 8089 8038 3 8210 8019 8071 3
8210 8071 8259 3 8019 7957 8002 3 8019 8002
8071 3 7957 7996 8039 3 7957 8039 8002 3
7996 8171 8213 3 7996 8213 8039 3 8039 8213
8245 3 8039 8245 8074 3 8074 8245 8254 3
8074 8254 8089 3 8089 8254 8257 3 8089 8257
8097 3 8038 8089 8097 3 8038 8097 8043 3
8128 8038 8043 3 8128 8043 8132 3 8302 8128
8132 3 8302 8132 8305 3 8288 8111 8128 3
8288 8128 8302 3 8259 8071 8111 3 8259 8111
8288 3 2702 2632 2512 3 2702 2512 2586 3
2632 2626 2520 3 2632 2520 2512 3 2586 2512
2350 3 2586 2350 2396 3 2512 2520 2372 3
2512 2372 2350 3 2870 2736 2702 3 2870 2702
2832 3 2736 2676 2632 3 2736 2632 2702 3
2676 2666 2626 3 2676 2626 2632 3 2666 2722
2706 3 2666 2706 2626 3 2626 2706 2620 3
2626 2620 2520 3 2520 2620 2444 3 2520 2444
2372 3 2372 2444 2242 3 2372 2242 2186 3
2350 2372 2186 3 2350 2186 2180 3 2396 2350
2180 3 2396 2180 2198 3 2514 2396 2198 3
2514 2198 2272 3 2734 2586 2396 3 2734 2396
2514 3 2832 2702 2586 3 2832 2586 2734 3
10038 9953 9921 3 10038 9921 10009 3 9953 9957
9931 3 9953 9931 9921 3 10009 9921 9866 3
10009 9866 9933 3 9921 9931 9880 3 9921 9880
9866 3 10138 10028 10038 3 10138 10038 10140 3
10028 9944 9953 3 10028 9953 10038 3 9944 9943
9957 3 9944 9957 9953 3 9943 10050 10054 3
9943 10054 9957 3 9957 10054 10030 3 9957 10030
9931 3 9931 10030 9977 3 9931 9977 9880 3
9880 9977 9878 3 9880 9878 9776 3 9866 9880
9776 3 9866 9776 9756 3 9933 9866 9756 3
9933 9756 9824 3 10080 9933 9824 3 10080 9824
9975 3 10116 10009 9933 3 10116 9933 10080 3
10140 10038 10009 3 10140 10009 10116 3 7082 7076
7018 3 7082 7018 7032 3 7076 6980 6926 3
7076 6926 7018 3 7032 7018 6958 3 7032 6958
6976 3 7018 6926 6876 3 7018 6876 6958 3
7046 7128 7082 3 7046 7082 6998 3 7128 7124
7076 3 7128 7076 7082 3 7124 7053 6980 3
7124 6980 7076 3 7053 6884 6830 3 7053 6830
6980 3 6980 6830 6771 3 6980 6771 6926 3
6926 6771 6733 3 6926 6733 6876 3 6876 6733
6714 3 6876 6714 6868 3 6958 6876 6868 3
6958 6868 6942 3 6976 6958 6942 3 6976 6942
6964 3 6904 6976 6964 3 6904 6964 6906 3
6940 7032 6976 3 6940 6976 6904 3 6998 7082
7032 3 6998 7032 6940 3 8931 8981 9162 3
8931 9162 9120 3 8981 8911 9098 3 8981 9098
9162 3 9120 9162 9336 3 9120 9336 9312 3
9162 9098 9290 3 9162 9290 9336 3 8614 8744
8931 3 8614 8931 8798 3 8744 8802 8981 3
8744 8981 8931 3 8802 8738 8911 3 8802 8911
8981 3 8738 8583 8762 3 8738 8762 8911 3
8911 8762 8961 3 8911 8961 9098 3 9098 8961
9144 3 9098 9144 9290 3 9290 9144 9304 3
9290 9304 9441 3 9336 9290 9441 3 9336 9441
9522 3 9312 9336 9522 3 9312 9522 9490 3
9216 9312 9490 3 9216 9490 9369 3 9012 9120
9312 3 9012 9312 9216 3 8798 8931 9120 3
8798 9120 9012 3 9652 9622 9670 3 9652 9670
9708 3 9622 9563 9624 3 9622 9624 9670 3
9708 9670 9734 3 9708 9734 9788 3 9670 9624
9694 3 9670 9694 9734 3 9538 9615 9652 3
9538 9652 9656 3 9615 9597 9622 3 9615 9622
9652 3 9597 9514 9563 3 9597 9563 9622 3
9514 9340 9474 3 9514 9474 9563 3 9563 9474
9573 3 9563 9573 9624 3 9624 9573 9682 3
9624 9682 9694 3 9694 9682 9826 3 9694 9826
9778 3 9734 9694 9778 3 9734 9778 9804 3
9788 9734 9804 3 9788 9804 9862 3 9844 9788
9862 3 9844 9862 10001 3 9746 9708 9788 3
9746 9788 9844 3 9656 9652 9708 3 9656 9708
9746 3 4225 4175 3863 3 4225 3863 3899 3
4175 4211 3903 3 4175 3903 3863 3 3899 3863
3543 3 3899 3543 3567 3 3863 3903 3589 3
3863 3589 3543 3 4711 4557 4225 3 4711 4225
4347 3 4557 4481 4175 3 4557 4175 4225 3
4481 4511 4211 3 4481 4211 4175 3 4511 4649
4327 3 4511 4327 4211 3 4211 4327 3997 3
4211 3997 3903 3 3903 3997 3697 3 3903 3697
3589 3 3589 3697 3402 3 3589 3402 3284 3
3543 3589 3284 3 3543 3284 3236 3 3567 3543
3236 3 3567 3236 3266 3 3679 3567 3266 3
3679 3266 3354 3 3993 3899 3567 3 3993 3567
3679 3 4347 4225 3899 3 4347 3899 3993 3
10970 10968 10841 3 10970 10841 10848 3 10968 10922
10808 3 10968 10808 10841 3 10848 10841 10704 3
10848 10704 10722 3 10841 10808 10666 3 10841 10666
10704 3 11049 11116 10970 3 11049 10970 10926 3
11116 11112 10968 3 11116 10968 10970 3 11112 11051
10922 3 11112 10922 10968 3 11051 10944 10832 3
11051 10832 10922 3 10922 10832 10710 3 10922 10710
10808 3 10808 10710 10606 3 10808 10606 10666 3
10666 10606 10518 3 10666 10518 10546 3 10704 10666
10546 3 10704 10546 10574 3 10722 10704 10574 3
10722 10574 10586 3 10680 10722 10586 3 10680 10586
10598 3 10811 10848 10722 3 10811 10722 10680 3
10926 10970 10848 3 10926 10848 10811 3 5186 5118
5184 3 5186 5184 5267 3 5118 5160 5228 3
5118 5228 5184 3 5267 5184 5221 3 5267 5221
5307 3 5184 5228 5285 3 5184 5285 5221 3
5281 5090 5186 3 5281 5186 5359 3 5090 5008
5118 3 5090 5118 5186 3 5008 5066 5160 3
5008 5160 5118 3 5066 5234 5331 3 5066 5331
5160 3 5160 5331 5393 3 5160 5393 5228 3
5228 5393 5434 3 5228 5434 5285 3 5285 5434
5447 3 5285 5447 5295 3 5221 5285 5295 3
5221 5295 5244 3 5307 5221 5244 3 5307 5244
5316 3 5476 5307 5316 3 5476 5316 5490 3
5435 5267 5307 3 5435 5307 5476 3 5359 5186
5267 3 5359 5267 5435 3 11494 11552 11452 3
11494 11452 11407 3 11552 11471 11385 3 11552 11385
11452 3 11407 11452 11331 3 11407 11331 11284 3
11452 11385 11258 3 11452 11258 11331 3 11376 11536
11494 3 11376 11494 11340 3 11536 11590 11552 3
11536 11552 11494 3 11590 11505 11471 3 11590 11471
11552 3 11505 11335 11300 3 11505 11300 11471 3
11471 11300 11208 3 11471 11208 11385 3 11385 11208
11108 3 11385 11108 11258 3 11258 11108 10972 3
11258 10972 11128 3 11331 11258 11128 3 11331 11128
11180 3 11284 11331 11180 3 11284 11180 11144 3
11140 11284 11144 3 11140 11144 11008 3 11245 11407
11284 3 11245 11284 11140 3 11340 11494 11407 3
11340 11407 11245 3 4405 4409 4571 3 4405 4571
4563 3 4409 4365 4483 3 4409 4483 4571 3
4563 4571 4633 3 4563 4633 4629 3 4571 4483
4543 3 4571 4543 4633 3 4085 4193 4405 3
4085 4405 4313 3 4193 4209 4409 3 4193 4409
4405 3 4209 4153 4365 3 4209 4365 4409 3
4153 4043 4231 3 4153 4231 4365 3 4365 4231
4343 3 4365 4343 4483 3 4483 4343 4383 3
4483 4383 4543 3 4543 4383 4379 3 4543 4379
4539 3 4633 4543 4539 3 4633 4539 4639 3
4629 4633 4639 3 4629 4639 4643 3 4525 4629
4643 3 4525 4643 4549 3 4441 4563 4629 3
4441 4629 4525 3 4313 4405 4563 3 4313 4563
4441 3 11701 11719 11727 3 11701 11727 11715 3
11719 11644 11646 3 11719 11646 11727 3 11715 11727
11723 3 11715 11723 11717 3 11727 11646 11642 3
11727 11642 11723 3 11593 11689 11701 3 11593 11701
11607 3 11689 11711 11719 3 11689 11719 11701 3
11711 11638 11644 3 11711 11644 11719 3 11638 11514
11524 3 11638 11524 11644 3 11644 11524 11528 3
11644 11528 11646 3 11646 11528 11518 3 11646 11518
11642 3 11642 11518 11501 3 11642 11501 11631 3
11723 11642 11631 3 11723 11631 11709 3 11717 11723
11709 3 11717 11709 11705 3 11623 11717 11705 3
11623 11705 11619 3 11621 11715 11717 3 11621 11717
11623 3 11607 11701 11715 3 11607 11715 11621 3
5971 6017 6290 3 5971 6290 6250 3 6017 5968
6244 3 6017 6244 6290 3 6250 6290 6584 3
6250 6584 6560 3 6290 6244 6530 3 6290 6530
6584 3 5575 5691 5971 3 5575 5971 5850 3
5691 5742 6017 3 5691 6017 5971 3 5742 5695
5968 3 5742 5968 6017 3 5695 5585 5848 3
5695 5848 5968 3 5968 5848 6130 3 5968 6130
6244 3 6244 6130 6424 3 6244 6424 6530 3
6530 6424 6650 3 6530 6650 6788 3 6584 6530
6788 3 6584 6788 6856 3 6560 6584 6856 3
6560 6856 6832 3 6466 6560 6832 3 6466 6832
6725 3 6148 6250 6560 3 6148 6560 6466 3
5850 5971 6250 3 5850 6250 6148 3 2846 2808
2540 3 2846 2540 2612 3 2808 2770 2504 3
2808 2504 2540 3 2612 2540 2376 3 2612 2376
2428 3 2540 2504 2358 3 2540 2358 2376 3
3142 3088 2846 3 3142 2846 2910 3 3088 3022
2808 3 3088 2808 2846 3 3022 2990 2770 3
3022 2770 2808 3 2990 2986 2766 3 2990 2766
2770 3 2770 2766 2506 3 2770 2506 2504 3
2504 2506 2370 3 2504 2370 2358 3 2358 2370
2308 3 2358 2308 2284 3 2376 2358 2284 3
2376 2284 2294 3 2428 2376 2294 3 2428 2294
2336 3 2492 2428 2336 3 2492 2336 2394 3
2694 2612 2428 3 2694 2428 2492 3 2910 2846
2612 3 2910 2612 2694 3 7287 7219 7276 3
7287 7276 7345 3 7219 7203 7272 3 7219 7272
7276 3 7345 7276 7323 3 7345 7323 7391 3
7276 7272 7321 3 7276 7321 7323 3 7339 7223
7287 3 7339 7287 7427 3 7223 7152 7219 3
7223 7219 7287 3 7152 7132 7203 3 7152 7203
7219 3 7132 7187 7278 3 7132 7278 7203 3
7203 7278 7341 3 7203 7341 7272 3 7272 7341
7399 3 7272 7399 7321 3 7321 7399 7437 3
7321 7437 7349 3 7323 7321 7349 3 7323 7349
7347 3 7391 7323 7347 3 7391 7347 7417 3
7516 7391 7417 3 7516 7417 7554 3 7477 7345
7391 3 7477 7391 7516 3 7427 7287 7345 3
7427 7345 7477 3 2642 2534 2544 3 2642 2544
2650 3 2534 2522 2530 3 2534 2530 2544 3
2650 2544 2554 3 2650 2554 2668 3 2544 2530
2542 3 2544 2542 2554 3 2782 2638 2642 3
2782 2642 2790 3 2638 2532 2534 3 2638 2534
2642 3 2532 2518 2522 3 2532 2522 2534 3
2518 2584 2590 3 2518 2590 2522 3 2522 2590
2602 3 2522 2602 2530 3 2530 2602 2622 3
2530 2622 2542 3 2542 2622 2646 3 2542 2646
2560 3 2554 2542 2560 3 2554 2560 2578 3
2668 2554 2578 3 2668 2578 2688 3 2812 2668
2688 3 2812 2688 2826 3 2802 2650 2668 3
2802 2668 2812 3 2790 2642 2650 3 2790 2650
2802 3 8209 8251 8218 3 8209 8218 8182 3
8251 8189 8159 3 8251 8159 8218 3 8182 8218
8155 3 8182 8155 8112 3 8218 8159 8086 3
8218 8086 8155 3 8066 8222 8209 3 8066 8209
8057 3 8222 8258 8251 3 8222 8251 8209 3
8258 8201 8189 3 8258 8189 8251 3 8201 8030
8017 3 8201 8017 8189 3 8189 8017 7993 3
8189 7993 8159 3 8159 7993 7932 3 8159 7932
8086 3 8086 7932 7846 3 8086 7846 7994 3
8155 8086 7994 3 8155 7994 8046 3 8112 8155
8046 3 8112 8046 8004 3 7960 8112 8004 3
7960 8004 7880 3 8018 8182 8112 3 8018 8112
7960 3 8057 8209 8182 3 8057 8182 8018 3
4613 4607 4581 3 4613 4581 4597 3 4607 4503
4465 3 4607 4465 4581 3 4597 4581 4553 3
4597 4553 4575 3 4581 4465 4437 3 4581 4437
4553 3 4549 4643 4613 3 4549 4613 4527 3
4643 4639 4607 3 4643 4607 4613 3 4639 4539
4503 3 4639 4503 4607 3 4539 4379 4353 3
4539 4353 4503 3 4503 4353 4329 3 4503 4329
4465 3 4465 4329 4299 3 4465 4299 4437 3
4437 4299 4315 3 4437 4315 4449 3 4553 4437
4449 3 4553 4449 4561 3 4575 4553 4561 3
4575 4561 4599 3 4489 4575 4599 3 4489 4599
4515 3 4501 4597 4575 3 4501 4575 4489 3
4527 4613 4597 3 4527 4597 4501 3 5115 5050
4785 3 5115 4785 4837 3 5050 5000 4725 3
5050 4725 4785 3 4837 4785 4509 3 4837 4509
4587 3 4785 4725 4447 3 4785 4447 4509 3
5439 5385 5115 3 5439 5115 5176 3 5385 5343
5050 3 5385 5050 5115 3 5343 5301 5000 3
5343 5000 5050 3 5301 5273 4976 3 5301 4976
5000 3 5000 4976 4705 3 5000 4705 4725 3
4725 4705 4427 3 4725 4427 4447 3 4447 4427
4263 3 4447 4263 4275 3 4509 4447 4275 3
4509 4275 4317 3 4587 4509 4317 3 4587 4317
4371 3 4659 4587 4371 3 4659 4371 4417 3
4891 4837 4587 3 4891 4587 4659 3 5176 5115
4837 3 5176 4837 4891 3 9660 9579 9379 3
9660 9379 9452 3 9579 9607 9403 3 9579 9403
9379 3 9452 9379 9218 3 9452 9218 9278 3
9379 9403 9252 3 9379 9252 9218 3 9975 9824
9660 3 9975 9660 9818 3 9824 9756 9579 3
9824 9579 9660 3 9756 9776 9607 3 9756 9607
9579 3 9776 9878 9736 3 9776 9736 9607 3
9607 9736 9561 3 9607 9561 9403 3 9403 9561
9361 3 9403 9361 9252 3 9252 9361 9222 3
9252 9222 9064 3 9218 9252 9064 3 9218 9064
9028 3 9278 9218 9028 3 9278 9028 9096 3
9419 9278 9096 3 9419 9096 9274 3 9640 9452
9278 3 9640 9278 9419 3 9818 9660 9452 3
9818 9452 9640 3 7325 7281 7040 3 7325 7040
7094 3 7281 7258 6990 3 7281 6990 7040 3
7094 7040 6784 3 7094 6784 6838 3 7040 6990
6751 3 7040 6751 6784 3 7623 7568 7325 3
7623 7325 7383 3 7568 7511 7281 3 7568 7281
7325 3 7511 7485 7258 3 7511 7258 7281 3
7485 7475 7246 3 7485 7246 7258 3 7258 7246
6962 3 7258 6962 6990 3 6990 6962 6719 3
6990 6719 6751 3 6751 6719 6522 3 6751 6522
6550 3 6784 6751 6550 3 6784 6550 6590 3
6838 6784 6590 3 6838 6590 6642 3 6890 6838
6642 3 6890 6642 6694 3 7146 7094 6838 3
7146 6838 6890 3 7383 7325 7094 3 7383 7094
7146 3 10990 11032 10895 3 10990 10895 10862 3
11032 10980 10846 3 11032 10846 10895 3 10862 10895
10734 3 10862 10734 10694 3 10895 10846 10686 3
10895 10686 10734 3 11008 11144 10990 3 11008 10990
10890 3 11144 11180 11032 3 11144 11032 10990 3
11180 11128 10980 3 11180 10980 11032 3 11128 10972
10866 3 11128 10866 10980 3 10980 10866 10738 3
10980 10738 10846 3 10846 10738 10580 3 10846 10580
10686 3 10686 10580 10365 3 10686 10365 10494 3
10734 10686 10494 3 10734 10494 10542 3 10694 10734
10542 3 10694 10542 10506 3 10604 10694 10506 3
10604 10506 10388 3 10765 10862 10694 3 10765 10694
10604 3 10890 10990 10862 3 10890 10862 10765 3
2008 1990 1778 3 2008 1778 1788 3 1990 2006
1794 3 1990 1794 1778 3 1788 1778 1644 3
1788 1644 1646 3 1778 1794 1656 3 1778 1656
1644 3 2272 2198 2008 3 2272 2008 2052 3
2198 2180 1990 3 2198 1990 2008 3 2180 2186
2006 3 2180 2006 1990 3 2186 2242 2048 3
2186 2048 2006 3 2006 2048 1838 3 2006 1838
1794 3 1794 1838 1682 3 1794 1682 1656 3
1656 1682 1580 3 1656 1580 1546 3 1644 1656
1546 3 1644 1546 1522 3 1646 1644 1522 3
1646 1522 1534 3 1674 1646 1534 3 1674 1534
1564 3 1832 1788 1646 3 1832 1646 1674 3
2052 2008 1788 3 2052 1788 1832 3 7004 6956
7014 3 7004 7014 7072 3 6956 6898 6954 3
6956 6954 7014 3 7072 7014 7084 3 7072 7084
7140 3 7014 6954 7048 3 7014 7048 7084 3
6906 6964 7004 3 6906 7004 7016 3 6964 6942
6956 3 6964 6956 7004 3 6942 6868 6898 3
6942 6898 6956 3 6868 6714 6816 3 6868 6816
6898 3 6898 6816 6913 3 6898 6913 6954 3
6954 6913 7024 3 6954 7024 7048 3 7048 7024
7187 3 7048 7187 7132 3 7084 7048 7132 3
7084 7132 7152 3 7140 7084 7152 3 7140 7152
7223 3 7199 7140 7223 3 7199 7223 7339 3
7104 7072 7140 3 7104 7140 7199 3 7016 7004
7072 3 7016 7072 7104 3 11697 11733 11725 3
11697 11725 11683 3 11733 11659 11648 3 11733 11648
11725 3 11683 11725 11713 3 11683 11713 11675 3
11725 11648 11640 3 11725 11640 11713 3 11568 11703
11697 3 11568 11697 11572 3 11703 11746 11733 3
11703 11733 11697 3 11746 11671 11659 3 11746 11659
11733 3 11671 11522 11520 3 11671 11520 11659 3
11659 11520 11511 3 11659 11511 11648 3 11648 11511
11508 3 11648 11508 11640 3 11640 11508 11514 3
11640 11514 11638 3 11713 11640 11638 3 11713 11638
11711 3 11675 11713 11711 3 11675 11711 11689 3
11586 11675 11689 3 11586 11689 11593 3 11574 11683
11675 3 11574 11675 11586 3 11572 11697 11683 3
11572 11683 11574 3 7723 7665 7802 3 7723 7802
7850 3 7665 7695 7833 3 7665 7833 7802 3
7850 7802 7898 3 7850 7898 7946 3 7802 7833
7930 3 7802 7930 7898 3 7681 7536 7723 3
7681 7723 7864 3 7536 7487 7665 3 7536 7665
7723 3 7487 7526 7695 3 7487 7695 7665 3
7526 7655 7831 3 7526 7831 7695 3 7695 7831
7980 3 7695 7980 7833 3 7833 7980 8083 3
7833 8083 7930 3 7930 8083 8171 3 7930 8171
7996 3 7898 7930 7996 3 7898 7996 7957 3
7946 7898 7957 3 7946 7957 8019 3 8137 7946
8019 3 8137 8019 8210 3 8006 7850 7946 3
8006 7946 8137 3 7864 7723 7850 3 7864 7850
8006 3 3242 3286 3619 3 3242 3619 3573 3
3286 3252 3575 3 3286 3575 3619 3 3573 3619
3935 3 3573 3935 3905 3 3619 3575 3883 3
3619 3883 3935 3 2768 2902 3242 3 2768 3242
3118 3 2902 2950 3286 3 2902 3286 3242 3
2950 2912 3252 3 2950 3252 3286 3 2912 2810
3132 3 2912 3132 3252 3 3252 3132 3482 3
3252 3482 3575 3 3575 3482 3777 3 3575 3777
3883 3 3883 3777 4043 3 3883 4043 4153 3
3935 3883 4153 3 3935 4153 4209 3 3905 3935
4209 3 3905 4209 4193 3 3793 3905 4193 3
3793 4193 4085 3 3476 3573 3905 3 3476 3905
3793 3 3118 3242 3573 3 3118 3573 3476 3
6038 5999 5798 3 6038 5798 5820 3 5999 5946
5774 3 5999 5774 5798 3 5820 5798 5591 3
5820 5591 5627 3 5798 5774 5553 3 5798 5553
5591 3 6208 6174 6038 3 6208 6038 6066 3
6174 6132 5999 3 6174 5999 6038 3 6132 6104
5946 3 6132 5946 5999 3 6104 6086 5929 3
6104 5929 5946 3 5946 5929 5754 3 5946 5754
5774 3 5774 5754 5515 3 5774 5515 5553 3
5553 5515 5273 3 5553 5273 5301 3 5591 5553
5301 3 5591 5301 5343 3 5627 5591 5343 3
5627 5343 5385 3 5668 5627 5385 3 5668 5385
5439 3 5876 5820 5627 3 5876 5627 5668 3
6066 6038 5820 3 6066 5820 5876 3 1848 1828
1844 3 1848 1844 1873 3 1828 1854 1875 3
1828 1875 1844 3 1873 1844 1863 3 1873 1863
1885 3 1844 1875 1888 3 1844 1888 1863 3
1897 1816 1848 3 1897 1848 1927 3 1816 1798
1828 3 1816 1828 1848 3 1798 1821 1854 3
1798 1854 1828 3 1821 1901 1933 3 1821 1933
1854 3 1854 1933 1953 3 1854 1953 1875 3
1875 1953 1966 3 1875 1966 1888 3 1888 1966
1974 3 1888 1974 1896 3 1863 1888 1896 3
1863 1896 1868 3 1885 1863 1868 3 1885 1868
1895 3 1962 1885 1895 3 1962 1895 1969 3
1947 1873 1885 3 1947 1885 1962 3 1927 1848
1873 3 1927 1873 1947 3 11235 11190 11218 3
11235 11218 11285 3 11190 11213 11253 3 11190 11253
11218 3 11285 11218 11236 3 11285 11236 11303 3
11218 11253 11276 3 11218 11276 11236 3 11321 11178
11235 3 11321 11235 11387 3 11178 11130 11190 3
11178 11190 11235 3 11130 11156 11213 3 11130 11213
11190 3 11156 11273 11356 3 11156 11356 11213 3
11213 11356 11390 3 11213 11390 11253 3 11253 11390
11413 3 11253 11413 11276 3 11276 11413 11415 3
11276 11415 11289 3 11236 11276 11289 3 11236 11289
11240 3 11303 11236 11240 3 11303 11240 11310 3
11455 11303 11310 3 11455 11310 11460 3 11424 11285
11303 3 11424 11303 11455 3 11387 11235 11285 3
11387 11285 11424 3 7884 7916 7767 3 7884 7767
7731 3 7916 7872 7719 3 7916 7719 7767 3
7731 7767 7583 3 7731 7583 7534 3 7767 7719
7528 3 7767 7528 7583 3 7880 8004 7884 3
7880 7884 7757 3 8004 8046 7916 3 8004 7916
7884 3 8046 7994 7872 3 8046 7872 7916 3
7994 7846 7737 3 7994 7737 7872 3 7872 7737
7599 3 7872 7599 7719 3 7719 7599 7401 3
7719 7401 7528 3 7528 7401 7156 3 7528 7156
7299 3 7583 7528 7299 3 7583 7299 7343 3
7534 7583 7343 3 7534 7343 7307 3 7415 7534
7307 3 7415 7307 7174 3 7617 7731 7534 3
7617 7534 7415 3 7757 7884 7731 3 7757 7731
7617 3 4555 4479 4707 3 4555 4707 4787 3
4479 4547 4767 3 4479 4767 4707 3 4787 4707
4873 3 4787 4873 4932 3 4707 4767 4915 3
4707 4915 4873 3 4457 4309 4555 3 4457 4555
4739 3 4309 4253 4479 3 4309 4479 4555 3
4253 4311 4547 3 4253 4547 4479 3 4311 4459
4729 3 4311 4729 4547 3 4547 4729 4919 3
4547 4919 4767 3 4767 4919 5112 3 4767 5112
4915 3 4915 5112 5234 3 4915 5234 5066 3
4873 4915 5066 3 4873 5066 5008 3 4932 4873
5008 3 4932 5008 5090 3 5135 4932 5090 3
5135 5090 5281 3 4946 4787 4932 3 4946 4932
5135 3 4739 4555 4787 3 4739 4787 4946 3
10244 10280 9985 3 10244 9985 9929 3 10280 10234
9913 3 10280 9913 9985 3 9929 9985 9583 3
9929 9583 9551 3 9985 9913 9539 3 9985 9539
9583 3 10388 10506 10244 3 10388 10244 10128 3
10506 10542 10280 3 10506 10280 10244 3 10542 10494
10234 3 10542 10234 10280 3 10494 10365 10110 3
10494 10110 10234 3 10234 10110 9768 3 10234 9768
9913 3 9913 9768 9352 3 9913 9352 9539 3
9539 9352 9030 3 9539 9030 9188 3 9583 9539
9188 3 9583 9188 9256 3 9551 9583 9256 3
9551 9256 9208 3 9375 9551 9208 3 9375 9208
9044 3 9782 9929 9551 3 9782 9551 9375 3
10128 10244 9929 3 10128 9929 9782 3 4854 4914
4882 3 4854 4882 4816 3 4914 4858 4820 3
4914 4820 4882 3 4816 4882 4817 3 4816 4817
4733 3 4882 4820 4735 3 4882 4735 4817 3
4641 4869 4854 3 4641 4854 4621 3 4869 4931
4914 3 4869 4914 4854 3 4931 4870 4858 3
4931 4858 4914 3 4870 4642 4624 3 4870 4624
4858 3 4858 4624 4589 3 4858 4589 4820 3
4820 4589 4499 3 4820 4499 4735 3 4735 4499
4407 3 4735 4407 4635 3 4817 4735 4635 3
4817 4635 4703 3 4733 4817 4703 3 4733 4703
4627 3 4497 4733 4627 3 4497 4627 4403 3
4585 4816 4733 3 4585 4733 4497 3 4621 4854
4816 3 4621 4816 4585 3 12458 12473 12452 3
12458 12452 12444 3 12473 12454 12437 3 12473 12437
12452 3 12444 12452 12434 3 12444 12434 12417 3
12452 12437 12411 3 12452 12411 12434 3 12436 12469
12458 3 12436 12458 12425 3 12469 12474 12473 3
12469 12473 12458 3 12474 12460 12454 3 12474 12454
12473 3 12460 12419 12414 3 12460 12414 12454 3
12454 12414 12397 3 12454 12397 12437 3 12437 12397
12370 3 12437 12370 12411 3 12411 12370 12336 3
12411 12336 12382 3 12434 12411 12382 3 12434 12382
12399 3 12417 12434 12399 3 12417 12399 12391 3
12384 12417 12391 3 12384 12391 12355 3 12405 12444
12417 3 12405 12417 12384 3 12425 12458 12444 3
12425 12444 12405 3 6606 6556 6920 3 6606 6920
6978 3 6556 6604 6966 3 6556 6966 6920 3
6978 6920 7254 3 6978 7254 7303 3 6920 6966
7289 3 6920 7289 7254 3 6430 6274 6606 3
6430 6606 6778 3 6274 6226 6556 3 6274 6556
6606 3 6226 6270 6604 3 6226 6604 6556 3
6270 6422 6761 3 6270 6761 6604 3 6604 6761
7138 3 6604 7138 6966 3 6966 7138 7435 3
6966 7435 7289 3 7289 7435 7655 3 7289 7655
7526 3 7254 7289 7526 3 7254 7526 7487 3
7303 7254 7487 3 7303 7487 7536 3 7453 7303
7536 3 7453 7536 7681 3 7160 6978 7303 3
7160 7303 7453 3 6778 6606 6978 3 6778 6978
7160 3 2714 2618 2654 3 2714 2654 2728 3
2618 2594 2640 3 2618 2640 2654 3 2728 2654
2678 3 2728 2678 2746 3 2654 2640 2663 3
2654 2663 2678 3 2826 2688 2714 3 2826 2714
2838 3 2688 2578 2618 3 2688 2618 2714 3
2578 2560 2594 3 2578 2594 2618 3 2560 2646
2686 3 2560 2686 2594 3 2594 2686 2700 3
2594 2700 2640 3 2640 2700 2720 3 2640 2720
2663 3 2663 2720 2722 3 2663 2722 2666 3
2678 2663 2666 3 2678 2666 2676 3 2746 2678
2676 3 2746 2676 2736 3 2878 2746 2736 3
2878 2736 2870 3 2860 2728 2746 3 2860 2746
2878 3 2838 2714 2728 3 2838 2728 2860 3
6996 7062 6688 3 6996 6688 6632 3 7062 6988
6624 3 7062 6624 6688 3 6632 6688 6347 3
6632 6347 6304 3 6688 6624 6308 3 6688 6308
6347 3 7174 7307 6996 3 7174 6996 6834 3
7307 7343 7062 3 7307 7062 6996 3 7343 7299
6988 3 7343 6988 7062 3 7299 7156 6808 3
7299 6808 6988 3 6988 6808 6491 3 6988 6491
6624 3 6624 6491 6160 3 6624 6160 6308 3
6308 6160 5868 3 6308 5868 6005 3 6347 6308
6005 3 6347 6005 6048 3 6304 6347 6048 3
6304 6048 6001 3 6158 6304 6001 3 6158 6001
5862 3 6494 6632 6304 3 6494 6304 6158 3
6834 6996 6632 3 6834 6632 6494 3 4229 4169
4061 3 4229 4061 4101 3 4169 4127 4029 3
4169 4029 4061 3 4101 4061 3959 3 4101 3959
3989 3 4061 4029 3921 3 4061 3921 3959 3
4417 4371 4229 3 4417 4229 4283 3 4371 4317
4169 3 4371 4169 4229 3 4317 4275 4127 3
4317 4127 4169 3 4275 4263 4113 3 4275 4113
4127 3 4127 4113 4015 3 4127 4015 4029 3
4029 4015 3915 3 4029 3915 3921 3 3921 3915
3775 3 3921 3775 3783 3 3959 3921 3783 3
3959 3783 3819 3 3989 3959 3819 3 3989 3819
3871 3 4051 3989 3871 3 4051 3871 3927 3
4163 4101 3989 3 4163 3989 4051 3 4283 4229
4101 3 4283 4101 4163 3 3549 3531 3773 3
3549 3773 3809 3 3531 3561 3821 3 3531 3821
3773 3 3809 3773 4025 3 3809 4025 4065 3
3773 3821 4079 3 3773 4079 4025 3 3394 3282
3549 3 3394 3549 3671 3 3282 3258 3531 3
3282 3531 3549 3 3258 3308 3561 3 3258 3561
3531 3 3308 3432 3695 3 3308 3695 3561 3
3561 3695 3955 3 3561 3955 3821 3 3821 3955
4207 3 3821 4207 4079 3 4079 4207 4459 3
4079 4459 4311 3 4025 4079 4311 3 4025 4311
4253 3 4065 4025 4253 3 4065 4253 4309 3
4199 4065 4309 3 4199 4309 4457 3 3941 3809
4065 3 3941 4065 4199 3 3671 3549 3809 3
3671 3809 3941 3 8901 8967 8732 3 8901 8732
8676 3 8967 8897 8666 3 8967 8666 8732 3
8676 8732 8551 3 8676 8551 8504 3 8732 8666
8502 3 8732 8502 8551 3 9044 9208 8901 3
9044 8901 8750 3 9208 9256 8967 3 9208 8967
8901 3 9256 9188 8897 3 9256 8897 8967 3
9188 9030 8740 3 9188 8740 8897 3 8897 8740
8512 3 8897 8512 8666 3 8666 8512 8344 3
8666 8344 8502 3 8502 8344 8229 3 8502 8229
8384 3 8551 8502 8384 3 8551 8384 8430 3
8504 8551 8430 3 8504 8430 8390 3 8350 8504
8390 3 8350 8390 8243 3 8523 8676 8504 3
8523 8504 8350 3 8750 8901 8676 3 8750 8676
8523 3 4487 4567 4399 3 4487 4399 4337 3
4567 4493 4345 3 4567 4345 4399 3 4337 4399
4227 3 4337 4227 4155 3 4399 4345 4165 3
4399 4165 4227 3 4403 4627 4487 3 4403 4487
4289 3 4627 4703 4567 3 4627 4567 4487 3
4703 4635 4493 3 4703 4493 4567 3 4635 4407
4297 3 4635 4297 4493 3 4493 4297 4159 3
4493 4159 4345 3 4345 4159 4009 3 4345 4009
4165 3 4165 4009 3817 3 4165 3817 3971 3
4227 4165 3971 3 4227 3971 4027 3 4155 4227
4027 3 4155 4027 3963 3 3987 4155 3963 3
3987 3963 3801 3 4145 4337 4155 3 4145 4155
3987 3 4289 4487 4337 3 4289 4337 4145 3
12357 12361 12322 3 12357 12322 12315 3 12361 12346
12307 3 12361 12307 12322 3 12315 12322 12282 3
12315 12282 12271 3 12322 12307 12265 3 12322 12265
12282 3 12355 12391 12357 3 12355 12357 12316 3
12391 12399 12361 3 12391 12361 12357 3 12399 12382
12346 3 12399 12346 12361 3 12382 12336 12305 3
12382 12305 12346 3 12346 12305 12267 3 12346 12267
12307 3 12307 12267 12221 3 12307 12221 12265 3
12265 12221 12179 3 12265 12179 12209 3 12282 12265
12209 3 12282 12209 12228 3 12271 12282 12228 3
12271 12228 12219 3 12230 12271 12219 3 12230 12219
12191 3 12280 12315 12271 3 12280 12271 12230 3
12316 12357 12315 3 12316 12315 12280 3 5468 5405
5657 3 5468 5657 5723 3 5405 5460 5713 3
5405 5713 5657 3 5723 5657 5932 3 5723 5932
5991 3 5657 5713 5987 3 5657 5987 5932 3
5429 5245 5468 3 5429 5468 5621 3 5245 5178
5405 3 5245 5405 5468 3 5178 5238 5460 3
5178 5460 5405 3 5238 5417 5615 3 5238 5615
5460 3 5460 5615 5826 3 5460 5826 5713 3
5713 5826 6106 3 5713 6106 5987 3 5987 6106
6422 3 5987 6422 6270 3 5932 5987 6270 3
5932 6270 6226 3 5991 5932 6226 3 5991 6226
6274 3 6118 5991 6274 3 6118 6274 6430 3
5836 5723 5991 3 5836 5991 6118 3 5621 5468
5723 3 5621 5723 5836 3 1698 1684 1726 3
1698 1726 1742 3 1684 1704 1748 3 1684 1748
1726 3 1742 1726 1768 3 1742 1768 1784 3
1726 1748 1786 3 1726 1786 1768 3 1686 1652
1698 3 1686 1698 1746 3 1652 1640 1684 3
1652 1684 1698 3 1640 1658 1704 3 1640 1704
1684 3 1658 1694 1752 3 1658 1752 1704 3
1704 1752 1810 3 1704 1810 1748 3 1748 1810
1860 3 1748 1860 1786 3 1786 1860 1901 3
1786 1901 1821 3 1768 1786 1821 3 1768 1821
1798 3 1784 1768 1798 3 1784 1798 1816 3
1856 1784 1816 3 1856 1816 1897 3 1804 1742
1784 3 1804 1784 1856 3 1746 1698 1742 3
1746 1742 1804 3 10817 10781 10910 3 10817 10910
10954 3 10781 10806 10940 3 10781 10940 10910 3
10954 10910 11028 3 10954 11028 11091 3 10910 10940
11063 3 10910 11063 11028 3 10773 10632 10817 3
10773 10817 10932 3 10632 10600 10781 3 10632 10781
10817 3 10600 10624 10806 3 10600 10806 10781 3
10624 10732 10902 3 10624 10902 10806 3 10806 10902
11059 3 10806 11059 10940 3 10940 11059 11187 3
10940 11187 11063 3 11063 11187 11273 3 11063 11273
11156 3 11028 11063 11156 3 11028 11156 11130 3
11091 11028 11130 3 11091 11130 11178 3 11211 11091
11178 3 11211 11178 11321 3 11095 10954 11091 3
11095 11091 11211 3 10932 10817 10954 3 10932 10954
11095 3 5707 5756 5458 3 5707 5458 5402 3
5756 5711 5411 3 5756 5411 5458 3 5402 5458
5162 3 5402 5162 5108 3 5458 5411 5122 3
5458 5122 5162 3 5862 6001 5707 3 5862 5707
5573 3 6001 6048 5756 3 6001 5756 5707 3
6048 6005 5711 3 6048 5711 5756 3 6005 5868
5583 3 6005 5583 5711 3 5711 5583 5279 3
5711 5279 5411 3 5411 5279 4948 3 5411 4948
5122 3 5122 4948 4721 3 5122 4721 4875 3
5162 5122 4875 3 5162 4875 4909 3 5108 5162
4909 3 5108 4909 4859 3 4911 5108 4859 3
4911 4859 4683 3 5251 5402 5108 3 5251 5108
4911 3 5573 5707 5402 3 5573 5402 5251 3
4657 4611 4685 3 4657 4685 4741 3 4611 4529
4625 3 4611 4625 4685 3 4741 4685 4781 3
4741 4781 4841 3 4685 4625 4723 3 4685 4723
4781 3 4515 4599 4657 3 4515 4657 4675 3
4599 4561 4611 3 4599 4611 4657 3 4561 4449
4529 3 4561 4529 4611 3 4449 4315 4428 3
4449 4428 4529 3 4529 4428 4577 3 4529 4577
4625 3 4625 4577 4697 3 4625 4697 4723 3
4723 4697 4865 3 4723 4865 4827 3 4781 4723
4827 3 4781 4827 4851 3 4841 4781 4851 3
4841 4851 4917 3 4897 4841 4917 3 4897 4917
5096 3 4793 4741 4841 3 4793 4841 4897 3
4675 4657 4741 3 4675 4741 4793 3 2460 2438
2696 3 2460 2696 2724 3 2438 2488 2764 3
2438 2764 2696 3 2724 2696 2970 3 2724 2970
2992 3 2696 2764 3016 3 2696 3016 2970 3
2392 2314 2460 3 2392 2460 2574 3 2314 2302
2438 3 2314 2438 2460 3 2302 2340 2488 3
2302 2488 2438 3 2340 2464 2670 3 2340 2670
2488 3 2488 2670 2900 3 2488 2900 2764 3
2764 2900 3166 3 2764 3166 3016 3 3016 3166
3432 3 3016 3432 3308 3 2970 3016 3308 3
2970 3308 3258 3 2992 2970 3258 3 2992 3258
3282 3 3116 2992 3282 3 3116 3282 3394 3
2844 2724 2992 3 2844 2992 3116 3 2574 2460
2724 3 2574 2724 2844 3 8314 8364 8334 3
8314 8334 8285 3 8364 8306 8281 3 8364 8281
8334 3 8285 8334 8336 3 8285 8336 8289 3
8334 8281 8283 3 8334 8283 8336 3 8243 8390
8314 3 8243 8314 8167 3 8390 8430 8364 3
8390 8364 8314 3 8430 8384 8306 3 8430 8306
8364 3 8384 8229 8157 3 8384 8157 8306 3
8306 8157 8122 3 8306 8122 8281 3 8281 8122
8126 3 8281 8126 8283 3 8283 8126 8165 3
8283 8165 8318 3 8336 8283 8318 3 8336 8318
8373 3 8289 8336 8373 3 8289 8373 8326 3
8135 8289 8326 3 8135 8326 8173 3 8130 8285
8289 3 8130 8289 8135 3 8167 8314 8285 3
8167 8285 8130 3 3715 3667 3488 3 3715 3488
3527 3 3667 3633 3444 3 3667 3444 3488 3
3527 3488 3268 3 3527 3268 3314 3 3488 3444
3228 3 3488 3228 3268 3 3927 3871 3715 3
3927 3715 3759 3 3871 3819 3667 3 3871 3667
3715 3 3819 3783 3633 3 3819 3633 3667 3
3783 3775 3627 3 3783 3627 3633 3 3633 3627
3438 3 3633 3438 3444 3 3444 3438 3220 3
3444 3220 3228 3 3228 3220 2986 3 3228 2986
2990 3 3268 3228 2990 3 3268 2990 3022 3
3314 3268 3022 3 3314 3022 3088 3 3370 3314
3088 3 3370 3088 3142 3 3569 3527 3314 3
3569 3314 3370 3 3759 3715 3527 3 3759 3527
3569 3 3745 3797 3551 3 3745 3551 3508 3
3797 3749 3519 3 3797 3519 3551 3 3508 3551
3292 3 3508 3292 3222 3 3551 3519 3248 3
3551 3248 3292 3 3801 3963 3745 3 3801 3745
3591 3 3963 4027 3797 3 3963 3797 3745 3
4027 3971 3749 3 4027 3749 3797 3 3971 3817
3611 3 3971 3611 3749 3 3749 3611 3360 3
3749 3360 3519 3 3519 3360 3092 3 3519 3092
3248 3 3248 3092 2806 3 3248 2806 2948 3
3292 3248 2948 3 3292 2948 2994 3 3222 3292
2994 3 3222 2994 2926 3 3058 3222 2926 3
3058 2926 2758 3 3338 3508 3222 3 3338 3222
3058 3 3591 3745 3508 3 3591 3508 3338 3
12166 12187 12125 3 12166 12125 12111 3 12187 12164
12109 3 12187 12109 12125 3 12111 12125 12080 3
12111 12080 12063 3 12125 12109 12057 3 12125 12057
12080 3 12191 12219 12166 3 12191 12166 12127 3
12219 12228 12187 3 12219 12187 12166 3 12228 12209
12164 3 12228 12164 12187 3 12209 12179 12121 3
12209 12121 12164 3 12164 12121 12072 3 12164 12072
12109 3 12109 12072 12012 3 12109 12012 12057 3
12057 12012 11964 3 12057 11964 12004 3 12080 12057
12004 3 12080 12004 12032 3 12063 12080 12032 3
12063 12032 12010 3 12026 12063 12010 3 12026 12010
11974 3 12082 12111 12063 3 12082 12063 12026 3
12127 12166 12111 3 12127 12111 12082 3 5046 4974
4944 3 5046 4944 5032 3 4974 5040 5026 3
4974 5026 4944 3 5032 4944 5022 3 5032 5022
5102 3 4944 5026 5098 3 4944 5098 5022 3
5337 5142 5046 3 5337 5046 5263 3 5142 5082
4974 3 5142 4974 5046 3 5082 5136 5040 3
5082 5040 4974 3 5136 5325 5249 3 5136 5249
5040 3 5040 5249 5218 3 5040 5218 5026 3
5026 5218 5291 3 5026 5291 5098 3 5098 5291
5417 3 5098 5417 5238 3 5022 5098 5238 3
5022 5238 5178 3 5102 5022 5178 3 5102 5178
5245 3 5298 5102 5245 3 5298 5245 5429 3
5230 5032 5102 3 5230 5102 5298 3 5263 5046
5032 3 5263 5032 5230 3 1462 1452 1512 3
1462 1512 1520 3 1452 1466 1530 3 1452 1530
1512 3 1520 1512 1586 3 1520 1586 1592 3
1512 1530 1598 3 1512 1598 1586 3 1422 1396
1462 3 1422 1462 1486 3 1396 1394 1452 3
1396 1452 1462 3 1394 1406 1466 3 1394 1466
1452 3 1406 1432 1498 3 1406 1498 1466 3
1466 1498 1574 3 1466 1574 1530 3 1530 1574
1636 3 1530 1636 1598 3 1598 1636 1694 3
1598 1694 1658 3 1586 1598 1658 3 1586 1658
1640 3 1592 1586 1640 3 1592 1640 1652 3
1620 1592 1652 3 1620 1652 1686 3 1562 1520
1592 3 1562 1592 1620 3 1486 1462 1520 3
1486 1520 1562 3 9840 9770 10096 3 9840 10096
10152 3 9770 9816 10134 3 9770 10134 10096 3
10152 10096 10354 3 10152 10354 10429 3 10096 10134
10395 3 10096 10395 10354 3 9718 9488 9840 3
9718 9840 10056 3 9488 9395 9770 3 9488 9770
9840 3 9395 9460 9816 3 9395 9816 9770 3
9460 9676 10006 3 9460 10006 9816 3 9816 10006
10270 3 9816 10270 10134 3 10134 10270 10524 3
10134 10524 10395 3 10395 10524 10732 3 10395 10732
10624 3 10354 10395 10624 3 10354 10624 10600 3
10429 10354 10600 3 10429 10600 10632 3 10560 10429
10632 3 10560 10632 10773 3 10306 10152 10429 3
10306 10429 10560 3 10056 9840 10152 3 10056 10152
10306 3 4709 4789 4713 3 4709 4713 4653 3
4789 4731 4679 3 4789 4679 4713 3 4653 4713
4737 3 4653 4737 4673 3 4713 4679 4689 3
4713 4689 4737 3 4683 4859 4709 3 4683 4709
4513 3 4859 4909 4789 3 4859 4789 4709 3
4909 4875 4731 3 4909 4731 4789 3 4875 4721
4573 3 4875 4573 4731 3 4731 4573 4505 3
4731 4505 4679 3 4679 4505 4533 3 4679 4533
4689 3 4689 4533 4637 3 4689 4637 4795 3
4737 4689 4795 3 4737 4795 4831 3 4673 4737
4831 3 4673 4831 4765 3 4473 4673 4765 3
4473 4765 4591 3 4445 4653 4673 3 4445 4673
4473 3 4513 4709 4653 3 4513 4653 4445 3
2260 2252 2222 3 2260 2222 2234 3 2252 2288
2262 3 2252 2262 2222 3 2234 2222 2236 3
2234 2236 2250 3 2222 2262 2280 3 2222 2280
2236 3 2404 2326 2260 3 2404 2260 2328 3
2326 2316 2252 3 2326 2252 2260 3 2316 2364
2288 3 2316 2288 2252 3 2364 2478 2384 3
2364 2384 2288 3 2288 2384 2356 3 2288 2356
2262 3 2262 2356 2378 3 2262 2378 2280 3
2280 2378 2464 3 2280 2464 2340 3 2236 2280
2340 3 2236 2340 2302 3 2250 2236 2302 3
2250 2302 2314 3 2318 2250 2314 3 2318 2314
2392 3 2304 2234 2250 3 2304 2250 2318 3
2328 2260 2234 3 2328 2234 2304 3 8382 8426
8525 3 8382 8525 8466 3 8426 8379 8458 3
8426 8458 8525 3 8466 8525 8644 3 8466 8644
8608 3 8525 8458 8600 3 8525 8600 8644 3
8173 8326 8382 3 8173 8382 8241 3 8326 8373
8426 3 8326 8426 8382 3 8373 8318 8379 3
8373 8379 8426 3 8318 8165 8227 3 8318 8227
8379 3 8379 8227 8312 3 8379 8312 8458 3
8458 8312 8422 3 8458 8422 8600 3 8600 8422
8583 3 8600 8583 8738 3 8644 8600 8738 3
8644 8738 8802 3 8608 8644 8802 3 8608 8802
8744 3 8442 8608 8744 3 8442 8744 8614 3
8330 8466 8608 3 8330 8608 8442 3 8241 8382
8466 3 8241 8466 8330 3 2572 2482 2516 3
2572 2516 2610 3 2482 2472 2500 3 2482 2500
2516 3 2610 2516 2528 3 2610 2528 2634 3
2516 2500 2510 3 2516 2510 2528 3 2684 2502
2572 3 2684 2572 2731 3 2502 2434 2482 3
2502 2482 2572 3 2434 2416 2472 3 2434 2472
2482 3 2416 2476 2536 3 2416 2536 2472 3
2472 2536 2570 3 2472 2570 2500 3 2500 2570
2580 3 2500 2580 2510 3 2510 2580 2584 3
2510 2584 2518 3 2528 2510 2518 3 2528 2518
2532 3 2634 2528 2532 3 2634 2532 2638 3
2780 2634 2638 3 2780 2638 2782 3 2772 2610
2634 3 2772 2634 2780 3 2731 2572 2610 3
2731 2610 2772 3 11599 11597 11582 3 11599 11582
11584 3 11597 11532 11503 3 11597 11503 11582 3
11584 11582 11545 3 11584 11545 11549 3 11582 11503
11477 3 11582 11477 11545 3 11541 11611 11599 3
11541 11599 11526 3 11611 11609 11597 3 11611 11597
11599 3 11609 11543 11532 3 11609 11532 11597 3
11543 11420 11409 3 11543 11409 11532 3 11532 11409
11395 3 11532 11395 11503 3 11503 11395 11370 3
11503 11370 11477 3 11477 11370 11329 3 11477 11329
11438 3 11545 11477 11438 3 11545 11438 11487 3
11549 11545 11487 3 11549 11487 11489 3 11473 11549
11489 3 11473 11489 11432 3 11499 11584 11549 3
11499 11549 11473 3 11526 11599 11584 3 11526 11584
11499 3 4057 3853 3833 3 4057 3833 4037 3
3853 3631 3621 3 3853 3621 3833 3 4037 3833
3813 3 4037 3813 4019 3 3833 3621 3613 3
3833 3613 3813 3 4315 4081 4057 3 4315 4057
4249 3 4081 3867 3853 3 4081 3853 4057 3
3867 3653 3631 3 3867 3631 3853 3 3653 3424
3406 3 3653 3406 3631 3 3631 3406 3392 3
3631 3392 3621 3 3621 3392 3384 3 3621 3384
3613 3 3613 3384 3380 3 3613 3380 3605 3
3813 3613 3605 3 3813 3605 3803 3 4019 3813
3803 3 4019 3803 3999 3 4201 4019 3999 3
4201 3999 4173 3 4221 4037 4019 3 4221 4019
4201 3 4249 4057 4037 3 4249 4037 4221 3
4681 4537 4507 3 4681 4507 4671 3 4537 4397
4373 3 4537 4373 4507 3 4671 4507 4485 3
4671 4485 4651 3 4507 4373 4349 3 4507 4349
4485 3 4865 4697 4681 3 4865 4681 4845 3
4697 4577 4537 3 4697 4537 4681 3 4577 4428
4397 3 4577 4397 4537 3 4428 4315 4249 3
4428 4249 4397 3 4397 4249 4221 3 4397 4221
4373 3 4373 4221 4201 3 4373 4201 4349 3
4349 4201 4173 3 4349 4173 4333 3 4485 4349
4333 3 4485 4333 4451 3 4651 4485 4451 3
4651 4451 4619 3 4825 4651 4619 3 4825 4619
4803 3 4839 4671 4651 3 4839 4651 4825 3
4845 4681 4671 3 4845 4671 4839 3 6460 6230
6196 3 6460 6196 6426 3 6230 6028 6007 3
6230 6007 6196 3 6426 6196 6176 3 6426 6176
6400 3 6196 6007 5981 3 6196 5981 6176 3
6714 6490 6460 3 6714 6460 6638 3 6490 6256
6230 3 6490 6230 6460 3 6256 6050 6028 3
6256 6028 6230 3 6050 5800 5788 3 6050 5788
6028 3 6028 5788 5780 3 6028 5780 6007 3
6007 5780 5762 3 6007 5762 5981 3 5981 5762
5737 3 5981 5737 5934 3 6176 5981 5934 3
6176 5934 6138 3 6400 6176 6138 3 6400 6138
6355 3 6564 6400 6355 3 6564 6355 6513 3
6596 6426 6400 3 6596 6400 6564 3 6638 6460
6426 3 6638 6426 6596 3 5567 5323 5310 3
5567 5310 5549 3 5323 5070 5048 3 5323 5048
5310 3 5549 5310 5289 3 5549 5289 5521 3
5310 5048 5034 3 5310 5034 5289 3 5800 5589
5567 3 5800 5567 5788 3 5589 5349 5323 3
5589 5323 5567 3 5349 5104 5070 3 5349 5070
5323 3 5104 4865 4845 3 5104 4845 5070 3
5070 4845 4839 3 5070 4839 5048 3 5048 4839
4825 3 5048 4825 5034 3 5034 4825 4803 3
5034 4803 5004 3 5289 5034 5004 3 5289 5004
5265 3 5521 5289 5265 3 5521 5265 5499 3
5762 5521 5499 3 5762 5499 5737 3 5780 5549
5521 3 5780 5521 5762 3 5788 5567 5549 3
5788 5549 5780 3 7006 6886 6858 3 7006 6858
6986 3 6886 6773 6749 3 6886 6749 6858 3
6986 6858 6822 3 6986 6822 6952 3 6858 6749
6708 3 6858 6708 6822 3 7187 7024 7006 3
7187 7006 7176 3 7024 6913 6886 3 7024 6886
7006 3 6913 6816 6773 3 6913 6773 6886 3
6816 6714 6638 3 6816 6638 6773 3 6773 6638
6596 3 6773 6596 6749 3 6749 6596 6564 3
6749 6564 6708 3 6708 6564 6513 3 6708 6513
6658 3 6822 6708 6658 3 6822 6658 6782 3
6952 6822 6782 3 6952 6782 6908 3 7136 6952
6908 3 7136 6908 7092 3 7162 6986 6952 3
7162 6952 7136 3 7176 7006 6986 3 7176 6986
7162 3 9666 9555 9512 3 9666 9512 9646 3
9555 9415 9377 3 9555 9377 9512 3 9646 9512
9470 3 9646 9470 9611 3 9512 9377 9338 3
9512 9338 9470 3 9826 9682 9666 3 9826 9666
9822 3 9682 9573 9555 3 9682 9555 9666 3
9573 9474 9415 3 9573 9415 9555 3 9474 9340
9280 3 9474 9280 9415 3 9415 9280 9242 3
9415 9242 9377 3 9377 9242 9192 3 9377 9192
9338 3 9338 9192 9134 3 9338 9134 9296 3
9470 9338 9296 3 9470 9296 9409 3 9611 9470
9409 3 9611 9409 9559 3 9780 9611 9559 3
9780 9559 9720 3 9810 9646 9611 3 9810 9611
9780 3 9822 9666 9646 3 9822 9646 9810 3
10458 10236 10212 3 10458 10212 10448 3 10236 10052
10026 3 10236 10026 10212 3 10448 10212 10196 3
10448 10196 10425 3 10212 10026 9987 3 10212 9987
10196 3 10668 10466 10458 3 10668 10458 10652 3
10466 10250 10236 3 10466 10236 10458 3 10250 10064
10052 3 10250 10052 10236 3 10064 9826 9822 3
10064 9822 10052 3 10052 9822 9810 3 10052 9810
10026 3 10026 9810 9780 3 10026 9780 9987 3
9987 9780 9720 3 9987 9720 9927 3 10196 9987
9927 3 10196 9927 10154 3 10425 10196 10154 3
10425 10154 10369 3 10626 10425 10369 3 10626 10369
10596 3 10638 10448 10425 3 10638 10425 10626 3
10652 10458 10448 3 10652 10448 10638 3 7862 7619
7605 3 7862 7605 7837 3 7619 7377 7357 3
7619 7357 7605 3 7837 7605 7570 3 7837 7570
7813 3 7605 7357 7331 3 7605 7331 7570 3
8191 7890 7862 3 8191 7862 8169 3 7890 7635
7619 3 7890 7619 7862 3 7635 7405 7377 3
7635 7377 7619 3 7405 7187 7176 3 7405 7176
7377 3 7377 7176 7162 3 7377 7162 7357 3
7357 7162 7136 3 7357 7136 7331 3 7331 7136
7092 3 7331 7092 7291 3 7570 7331 7291 3
7570 7291 7524 3 7813 7570 7524 3 7813 7524
7781 3 8108 7813 7781 3 8108 7781 8048 3
8141 7837 7813 3 8141 7813 8108 3 8169 7862
7837 3 8169 7837 8141 3 3174 2945 2934 3
3174 2934 3170 3 2945 2776 2756 3 2945 2756
2934 3 3170 2934 2924 3 3170 2924 3160 3
2934 2756 2750 3 2934 2750 2924 3 3424 3192
3174 3 3424 3174 3406 3 3192 2964 2945 3
3192 2945 3174 3 2964 2800 2776 3 2964 2776
2945 3 2800 2646 2622 3 2800 2622 2776 3
2776 2622 2602 3 2776 2602 2756 3 2756 2602
2590 3 2756 2590 2750 3 2750 2590 2584 3
2750 2584 2742 3 2924 2750 2742 3 2924 2742
2920 3 3160 2924 2920 3 3160 2920 3152 3
3384 3160 3152 3 3384 3152 3380 3 3392 3170
3160 3 3392 3160 3384 3 3406 3174 3170 3
3406 3170 3392 3 4281 4269 4049 3 4281 4049
4077 3 4269 4251 4041 3 4269 4041 4049 3
4077 4049 3827 3 4077 3827 3849 3 4049 4041
3815 3 4049 3815 3827 3 4515 4491 4281 3
4515 4281 4303 3 4491 4467 4269 3 4491 4269
4281 3 4467 4443 4251 3 4467 4251 4269 3
4443 4413 4243 3 4443 4243 4251 3 4251 4243
4033 3 4251 4033 4041 3 4041 4033 3811 3
4041 3811 3815 3 3815 3811 3599 3 3815 3599
3607 3 3827 3815 3607 3 3827 3607 3615 3
3849 3827 3615 3 3849 3615 3623 3 3861 3849
3623 3 3861 3623 3637 3 4083 4077 3849 3
4083 3849 3861 3 4303 4281 4077 3 4303 4077
4083 3 4923 4936 4813 3 4923 4813 4809 3
4936 4921 4801 3 4936 4801 4813 3 4809 4813
4667 3 4809 4667 4677 3 4813 4801 4647 3
4813 4647 4667 3 5096 5120 4923 3 5096 4923
4897 3 5120 5124 4936 3 5120 4936 4923 3
5124 5114 4921 3 5124 4921 4936 3 5114 5100
4904 3 5114 4904 4921 3 4921 4904 4783 3
4921 4783 4801 3 4801 4783 4615 3 4801 4615
4647 3 4647 4615 4413 3 4647 4413 4443 3
4667 4647 4443 3 4667 4443 4467 3 4677 4667
4467 3 4677 4467 4491 3 4675 4677 4491 3
4675 4491 4515 3 4793 4809 4677 3 4793 4677
4675 3 4897 4923 4809 3 4897 4809 4793 3
6684 6646 6440 3 6684 6440 6468 3 6646 6616
6420 3 6646 6420 6440 3 6468 6440 6188 3
6468 6188 6212 3 6440 6420 6172 3 6440 6172
6188 3 6906 6872 6684 3 6906 6684 6710 3
6872 6846 6646 3 6872 6646 6684 3 6846 6804
6616 3 6846 6616 6646 3 6804 6767 6580 3
6804 6580 6616 3 6616 6580 6372 3 6616 6372
6420 3 6420 6372 6134 3 6420 6134 6172 3
6172 6134 5928 3 6172 5928 5960 3 6188 6172
5960 3 6188 5960 5993 3 6212 6188 5993 3
6212 5993 6015 3 6240 6212 6015 3 6240 6015
6032 3 6486 6468 6212 3 6486 6212 6240 3
6710 6684 6468 3 6710 6468 6486 3 5784 5772
5555 3 5784 5555 5563 3 5772 5758 5531 3
5772 5531 5555 3 5563 5555 5332 3 5563 5332
5335 3 5555 5531 5321 3 5555 5321 5332 3
6032 6015 5784 3 6032 5784 5796 3 6015 5993
5772 3 6015 5772 5784 3 5993 5960 5758 3
5993 5758 5772 3 5960 5928 5733 3 5960 5733
5758 3 5758 5733 5507 3 5758 5507 5531 3
5531 5507 5300 3 5531 5300 5321 3 5321 5300
5100 3 5321 5100 5114 3 5332 5321 5114 3
5332 5114 5124 3 5335 5332 5124 3 5335 5124
5120 3 5351 5335 5120 3 5351 5120 5096 3
5579 5563 5335 3 5579 5335 5351 3 5796 5784
5563 3 5796 5563 5579 3 7236 7238 7114 3
7236 7114 7116 3 7238 7213 7098 3 7238 7098
7114 3 7116 7114 6994 3 7116 6994 7008 3
7114 7098 6960 3 7114 6960 6994 3 7339 7367
7236 3 7339 7236 7199 3 7367 7371 7238 3
7367 7238 7236 3 7371 7355 7213 3 7371 7213
7238 3 7355 7319 7179 3 7355 7179 7213 3
7213 7179 7060 3 7213 7060 7098 3 7098 7060
6922 3 7098 6922 6960 3 6960 6922 6767 3
6960 6767 6804 3 6994 6960 6804 3 6994 6804
6846 3 7008 6994 6846 3 7008 6846 6872 3
7016 7008 6872 3 7016 6872 6906 3 7104 7116
7008 3 7104 7008 7016 3 7199 7236 7116 3
7199 7116 7104 3 9874 9876 9750 3 9874 9750
9766 3 9876 9852 9726 3 9876 9726 9750 3
9766 9750 9628 3 9766 9628 9644 3 9750 9726
9581 3 9750 9581 9628 3 10001 10044 9874 3
10001 9874 9844 3 10044 10048 9876 3 10044 9876
9874 3 10048 10013 9852 3 10048 9852 9876 3
10013 9949 9806 3 10013 9806 9852 3 9852 9806
9668 3 9852 9668 9726 3 9726 9668 9534 3
9726 9534 9581 3 9581 9534 9344 3 9581 9344
9401 3 9628 9581 9401 3 9628 9401 9443 3
9644 9628 9443 3 9644 9443 9482 3 9656 9644
9482 3 9656 9482 9538 3 9746 9766 9644 3
9746 9644 9656 3 9844 9874 9766 3 9844 9766
9746 3 10612 10602 10383 3 10612 10383 10405 3
10602 10578 10361 3 10602 10361 10383 3 10405 10383
10192 3 10405 10192 10198 3 10383 10361 10172 3
10383 10172 10192 3 10822 10814 10612 3 10822 10612
10622 3 10814 10794 10602 3 10814 10602 10612 3
10794 10779 10578 3 10794 10578 10602 3 10779 10743
10540 3 10779 10540 10578 3 10578 10540 10320 3
10578 10320 10361 3 10361 10320 10132 3 10361 10132
10172 3 10172 10132 9949 3 10172 9949 10013 3
10192 10172 10013 3 10192 10013 10048 3 10198 10192
10048 3 10198 10048 10044 3 10204 10198 10044 3
10204 10044 10001 3 10427 10405 10198 3 10427 10198
10204 3 10622 10612 10405 3 10622 10405 10427 3
8064 8041 7785 3 8064 7785 7804 3 8041 8010
7759 3 8041 7759 7785 3 7804 7785 7564 3
7804 7564 7576 3 7785 7759 7532 3 7785 7532
7564 3 8398 8368 8064 3 8398 8064 8104 3
8368 8346 8041 3 8368 8041 8064 3 8346 8320
8010 3 8346 8010 8041 3 8320 8271 7978 3
8320 7978 8010 3 8010 7978 7725 3 8010 7725
7759 3 7759 7725 7493 3 7759 7493 7532 3
7532 7493 7319 3 7532 7319 7355 3 7564 7532
7355 3 7564 7355 7371 3 7576 7564 7371 3
7576 7371 7367 3 7593 7576 7367 3 7593 7367
7339 3 7821 7804 7576 3 7821 7576 7593 3
8104 8064 7804 3 8104 7804 7821 3 3396 3382
3172 3 3396 3172 3178 3 3382 3378 3164 3
3382 3164 3172 3 3178 3172 2952 3 3178 2952
2968 3 3172 3164 2944 3 3172 2944 2952 3
3637 3623 3396 3 3637 3396 3412 3 3623 3615
3382 3 3623 3382 3396 3 3615 3607 3378 3
3615 3378 3382 3 3607 3599 3372 3 3607 3372
3378 3 3378 3372 3156 3 3378 3156 3164 3
3164 3156 2940 3 3164 2940 2944 3 2944 2940
2782 3 2944 2782 2790 3 2952 2944 2790 3
2952 2790 2802 3 2968 2952 2802 3 2968 2802
2812 3 2980 2968 2812 3 2980 2812 2826 3
3194 3178 2968 3 3194 2968 2980 3 3412 3396
3178 3 3412 3178 3194 3 9268 9246 8965 3
9268 8965 8992 3 9246 9210 8923 3 9246 8923
8965 3 8992 8965 8650 3 8992 8650 8674 3
8965 8923 8624 3 8965 8624 8650 3 9538 9482
9268 3 9538 9268 9292 3 9482 9443 9246 3
9482 9246 9268 3 9443 9401 9210 3 9443 9210
9246 3 9401 9344 9146 3 9401 9146 9210 3
9210 9146 8874 3 9210 8874 8923 3 8923 8874
8573 3 8923 8573 8624 3 8624 8573 8271 3
8624 8271 8320 3 8650 8624 8320 3 8650 8320
8346 3 8674 8650 8346 3 8674 8346 8368 3
8712 8674 8368 3 8712 8368 8398 3 9024 8992
8674 3 9024 8674 8712 3 9292 9268 8992 3
9292 8992 9024 3 9048 8760 8730 3 9048 8730
9016 3 8760 8446 8418 3 8760 8418 8730 3
9016 8730 8682 3 9016 8682 8977 3 8730 8418
8396 3 8730 8396 8682 3 9340 9084 9048 3
9340 9048 9280 3 9084 8800 8760 3 9084 8760
9048 3 8800 8478 8446 3 8800 8446 8760 3
8478 8191 8169 3 8478 8169 8446 3 8446 8169
8141 3 8446 8141 8418 3 8418 8141 8108 3
8418 8108 8396 3 8396 8108 8048 3 8396 8048
8352 3 8682 8396 8352 3 8682 8352 8642 3
8977 8682 8642 3 8977 8642 8907 3 9192 8977
8907 3 9192 8907 9134 3 9242 9016 8977 3
9242 8977 9192 3 9280 9048 9016 3 9280 9016
9242 3 8223 8179 7948 3 8223 7948 8000 3
8179 8147 7926 3 8179 7926 7948 3 8000 7948
7743 3 8000 7743 7787 3 7948 7926 7713 3
7948 7713 7743 3 8448 8392 8223 3 8448 8223
8295 3 8392 8338 8179 3 8392 8179 8223 3
8338 8308 8147 3 8338 8147 8179 3 8308 8322
8151 3 8308 8151 8147 3 8147 8151 7924 3
8147 7924 7926 3 7926 7924 7705 3 7926 7705
7713 3 7713 7705 7475 3 7713 7475 7485 3
7743 7713 7485 3 7743 7485 7511 3 7787 7743
7511 3 7787 7511 7568 3 7835 7787 7568 3
7835 7568 7623 3 8062 8000 7787 3 8062 7787
7835 3 8295 8223 8000 3 8295 8000 8062 3
7546 7495 7717 3 7546 7717 7755 3 7495 7457
7673 3 7495 7673 7717 3 7755 7717 7970 3
7755 7970 8008 3 7717 7673 7922 3 7717 7922
7970 3 7437 7399 7546 3 7437 7546 7595 3
7399 7341 7495 3 7399 7495 7546 3 7341 7278
7457 3 7341 7457 7495 3 7278 7187 7405 3
7278 7405 7457 3 7457 7405 7635 3 7457 7635
7673 3 7673 7635 7890 3 7673 7890 7922 3
7922 7890 8191 3 7922 8191 8233 3 7970 7922
8233 3 7970 8233 8277 3 8008 7970 8277 3
8008 8277 8328 3 8050 8008 8328 3 8050 8328
8358 3 7791 7755 8008 3 7791 8008 8050 3
7595 7546 7755 3 7595 7755 7791 3 7507 7589
7792 3 7507 7792 7729 3 7589 7609 7809 3
7589 7809 7792 3 7729 7792 8052 3 7729 8052
7988 3 7792 7809 8069 3 7792 8069 8052 3
7209 7353 7507 3 7209 7507 7387 3 7353 7423
7589 3 7353 7589 7507 3 7423 7449 7609 3
7423 7609 7589 3 7449 7437 7595 3 7449 7595
7609 3 7609 7595 7791 3 7609 7791 7809 3
7809 7791 8050 3 7809 8050 8069 3 8069 8050
8358 3 8069 8358 8378 3 8052 8069 8378 3
8052 8378 8360 3 7988 8052 8360 3 7988 8360
8303 3 7870 7988 8303 3 7870 8303 8185 3
7621 7729 7988 3 7621 7988 7870 3 7387 7507
7729 3 7387 7729 7621 3 6540 6863 7191 3
6540 7191 6870 3 6863 7181 7421 3 6863 7421
7191 3 6870 7191 7479 3 6870 7479 7250 3
7191 7421 7687 3 7191 7687 7479 3 6062 6335
6540 3 6062 6540 6272 3 6335 6630 6863 3
6335 6863 6540 3 6630 6946 7181 3 6630 7181
6863 3 6946 7209 7387 3 6946 7387 7181 3
7181 7387 7621 3 7181 7621 7421 3 7421 7621
7870 3 7421 7870 7687 3 7687 7870 8185 3
7687 8185 7986 3 7479 7687 7986 3 7479 7986
7789 3 7250 7479 7789 3 7250 7789 7585 3
6972 7250 7585 3 6972 7585 7375 3 6578 6870
7250 3 6578 7250 6972 3 6272 6540 6870 3
6272 6870 6578 3 5721 5846 6146 3 5721 6146
6026 3 5846 6052 6345 3 5846 6345 6146 3
6026 6146 6518 3 6026 6518 6392 3 6146 6345
6729 3 6146 6729 6518 3 5325 5466 5721 3
5325 5721 5597 3 5466 5631 5846 3 5466 5846
5721 3 5631 5816 6052 3 5631 6052 5846 3
5816 6062 6272 3 5816 6272 6052 3 6052 6272
6578 3 6052 6578 6345 3 6345 6578 6972 3
6345 6972 6729 3 6729 6972 7375 3 6729 7375
7189 3 6518 6729 7189 3 6518 7189 6984 3
6392 6518 6984 3 6392 6984 6828 3 6278 6392
6828 3 6278 6828 6727 3 5908 6026 6392 3
5908 6392 6278 3 5597 5721 6026 3 5597 6026
5908 3 6341 6068 6380 3 6341 6380 6654 3
6068 5830 6140 3 6068 6140 6380 3 6654 6380
6769 3 6654 6769 7096 3 6380 6140 6520 3
6380 6520 6769 3 6422 6106 6341 3 6422 6341
6652 3 6106 5826 6068 3 6106 6068 6341 3
5826 5615 5830 3 5826 5830 6068 3 5615 5417
5674 3 5615 5674 5830 3 5830 5674 5997 3
5830 5997 6140 3 6140 5997 6363 3 6140 6363
6520 3 6520 6363 6800 3 6520 6800 7000 3
6769 6520 7000 3 6769 7000 7242 3 7096 6769
7242 3 7096 7242 7467 3 7393 7096 7467 3
7393 7467 7733 3 7022 6654 7096 3 7022 7096
7393 3 6652 6341 6654 3 6652 6654 7022 3
5569 5511 5832 3 5569 5832 5886 3 5511 5535
5844 3 5511 5844 5832 3 5886 5832 6200 3
5886 6200 6248 3 5832 5844 6216 3 5832 6216
6200 3 5417 5291 5569 3 5417 5569 5674 3
5291 5218 5511 3 5291 5511 5569 3 5218 5249
5535 3 5218 5535 5511 3 5249 5325 5597 3
5249 5597 5535 3 5535 5597 5908 3 5535 5908
5844 3 5844 5908 6278 3 5844 6278 6216 3
6216 6278 6727 3 6216 6727 6660 3 6200 6216
6660 3 6200 6660 6648 3 6248 6200 6648 3
6248 6648 6696 3 6363 6248 6696 3 6363 6696
6800 3 5997 5886 6248 3 5997 6248 6363 3
5674 5569 5886 3 5674 5886 5997 3 7643 7373
7649 3 7643 7649 7920 3 7373 7044 7361 3
7373 7361 7649 3 7920 7649 7976 3 7920 7976
8297 3 7649 7361 7683 3 7649 7683 7976 3
7655 7435 7643 3 7655 7643 7876 3 7435 7138
7373 3 7435 7373 7643 3 7138 6761 7044 3
7138 7044 7373 3 6761 6422 6652 3 6761 6652
7044 3 7044 6652 7022 3 7044 7022 7361 3
7361 7022 7393 3 7361 7393 7683 3 7683 7393
7733 3 7683 7733 8024 3 7976 7683 8024 3
7976 8024 8356 3 8297 7976 8356 3 8297 8356
8678 3 8567 8297 8678 3 8567 8678 9008 3
8202 7920 8297 3 8202 8297 8567 3 7876 7643
7920 3 7876 7920 8202 3 8342 8247 8575 3
8342 8575 8686 3 8247 8077 8404 3 8247 8404
8575 3 8686 8575 9002 3 8686 9002 9128 3
8575 8404 8816 3 8575 8816 9002 3 8171 8083
8342 3 8171 8342 8412 3 8083 7980 8247 3
8083 8247 8342 3 7980 7831 8077 3 7980 8077
8247 3 7831 7655 7876 3 7831 7876 8077 3
8077 7876 8202 3 8077 8202 8404 3 8404 8202
8567 3 8404 8567 8816 3 8816 8567 9008 3
8816 9008 9260 3 9002 8816 9260 3 9002 9260
9429 3 9128 9002 9429 3 9128 9429 9600 3
9234 9128 9600 3 9234 9600 9730 3 8786 8686
9128 3 8786 9128 9234 3 8412 8342 8686 3
8412 8686 8786 3 8456 8846 8881 3 8456 8881
8493 3 8846 9294 9326 3 8846 9326 8881 3
8493 8881 8895 3 8493 8895 8510 3 8881 9326
9347 3 8881 9347 8895 3 8171 8412 8456 3
8171 8456 8213 3 8412 8786 8846 3 8412 8846
8456 3 8786 9234 9294 3 8786 9294 8846 3
9234 9730 9812 3 9234 9812 9294 3 9294 9812
9872 3 9294 9872 9326 3 9326 9872 9902 3
9326 9902 9347 3 9347 9902 9908 3 9347 9908
9358 3 8895 9347 9358 3 8895 9358 8896 3
8510 8895 8896 3 8510 8896 8516 3 8254 8510
8516 3 8254 8516 8257 3 8245 8493 8510 3
8245 8510 8254 3 8213 8456 8493 3 8213 8493
8245 3 8376 8145 8031 3 8376 8031 8269 3
8145 7882 7797 3 8145 7797 8031 3 8269 8031
7958 3 8269 7958 8193 3 8031 7797 7739 3
8031 7739 7958 3 8690 8486 8376 3 8690 8376
8563 3 8486 8263 8145 3 8486 8145 8376 3
8263 7982 7882 3 8263 7882 8145 3 7982 7727
7637 3 7982 7637 7882 3 7882 7637 7565 3
7882 7565 7797 3 7797 7565 7497 3 7797 7497
7739 3 7739 7497 7475 3 7739 7475 7705 3
7958 7739 7705 3 7958 7705 7924 3 8193 7958
7924 3 8193 7924 8151 3 8362 8193 8151 3
8362 8151 8322 3 8440 8269 8193 3 8440 8193
8362 3 8563 8376 8269 3 8563 8269 8440 3
7707 7935 7904 3 7707 7904 7671 3 7935 8231
8195 3 7935 8195 7904 3 7671 7904 7854 3
7671 7854 7627 3 7904 8195 8149 3 7904 8149
7854 3 7554 7735 7707 3 7554 7707 7516 3
7735 7962 7935 3 7735 7935 7707 3 7962 8261
8231 3 7962 8231 7935 3 8261 8553 8529 3
8261 8529 8231 3 8231 8529 8480 3 8231 8480
8195 3 8195 8480 8432 3 8195 8432 8149 3
8149 8432 8398 3 8149 8398 8104 3 7854 8149
8104 3 7854 8104 7821 3 7627 7854 7821 3
7627 7821 7593 3 7427 7627 7593 3 7427 7593
7339 3 7477 7671 7627 3 7477 7627 7427 3
7516 7707 7671 3 7516 7671 7477 3 7631 7844
7928 3 7631 7928 7697 3 7844 8139 8225 3
7844 8225 7928 3 7697 7928 7964 3 7697 7964
7741 3 7928 8225 8265 3 7928 8265 7964 3
7283 7471 7631 3 7283 7631 7447 3 7471 7701
7844 3 7471 7844 7631 3 7701 7972 8139 3
7701 8139 7844 3 7972 8293 8424 3 7972 8424
8139 3 8139 8424 8521 3 8139 8521 8225 3
8225 8521 8555 3 8225 8555 8265 3 8265 8555
8553 3 8265 8553 8261 3 7964 8265 8261 3
7964 8261 7962 3 7741 7964 7962 3 7741 7962
7735 3 7556 7741 7735 3 7556 7735 7554 3
7518 7697 7741 3 7518 7741 7556 3 7447 7631
7697 3 7447 7697 7518 3 6592 6928 7252 3
6592 7252 6934 3 6928 7293 7542 3 6928 7542
7252 3 6934 7252 7499 3 6934 7499 7260 3
7252 7542 7777 3 7252 7777 7499 3 6088 6314
6592 3 6088 6592 6368 3 6314 6612 6928 3
6314 6928 6592 3 6612 7026 7293 3 6612 7293
6928 3 7026 7409 7629 3 7026 7629 7293 3
7293 7629 7842 3 7293 7842 7542 3 7542 7842
8079 3 7542 8079 7777 3 7777 8079 8293 3
7777 8293 7972 3 7499 7777 7972 3 7499 7972
7701 3 7260 7499 7701 3 7260 7701 7471 3
7036 7260 7471 3 7036 7471 7283 3 6690 6934
7260 3 6690 7260 7036 3 6368 6592 6934 3
6368 6934 6690 3 5739 6040 6162 3 5739 6162
5866 3 6040 6410 6542 3 6040 6542 6162 3
5866 6162 6374 3 5866 6374 6070 3 6162 6542
6757 3 6162 6757 6374 3 5337 5609 5739 3
5337 5739 5480 3 5609 5924 6040 3 5609 6040
5739 3 5924 6294 6410 3 5924 6410 6040 3
6294 6743 6848 3 6294 6848 6410 3 6410 6848
7010 3 6410 7010 6542 3 6542 7010 7205 3
6542 7205 6757 3 6757 7205 7409 3 6757 7409
7026 3 6374 6757 7026 3 6374 7026 6612 3
6070 6374 6612 3 6070 6612 6314 3 5834 6070
6314 3 5834 6314 6088 3 5645 5866 6070 3
5645 6070 5834 3 5480 5739 5866 3 5480 5866
5645 3 6357 6682 6394 3 6357 6394 6080 3
6682 7108 6786 3 6682 6786 6394 3 6080 6394
6150 3 6080 6150 5840 3 6394 6786 6532 3
6394 6532 6150 3 6430 6680 6357 3 6430 6357
6118 3 6680 7051 6682 3 6680 6682 6357 3
7051 7411 7108 3 7051 7108 6682 3 7411 7751
7481 3 7411 7481 7108 3 7108 7481 7248 3
7108 7248 6786 3 6786 7248 7012 3 6786 7012
6532 3 6532 7012 6812 3 6532 6812 6376 3
6150 6532 6376 3 6150 6376 6009 3 5840 6150
6009 3 5840 6009 5689 3 5621 5840 5689 3
5621 5689 5429 3 5836 6080 5840 3 5836 5840
5621 3 6118 6357 6080 3 6118 6080 5836 3
5577 5894 5842 3 5577 5842 5523 3 5894 6262
6214 3 5894 6214 5842 3 5523 5842 5856 3
5523 5856 5541 3 5842 6214 6232 3 5842 6232
5856 3 5429 5689 5577 3 5429 5577 5298 3
5689 6009 5894 3 5689 5894 5577 3 6009 6376
6262 3 6009 6262 5894 3 6376 6812 6712 3
6376 6712 6262 3 6262 6712 6668 3 6262 6668
6214 3 6214 6668 6678 3 6214 6678 6232 3
6232 6678 6743 3 6232 6743 6294 3 5856 6232
6294 3 5856 6294 5924 3 5541 5856 5924 3
5541 5924 5609 3 5263 5541 5609 3 5263 5609
5337 3 5230 5523 5541 3 5230 5541 5263 3
5298 5577 5523 3 5298 5523 5230 3 7667 7942
7679 3 7667 7679 7395 3 7942 8324 7998 3
7942 7998 7679 3 7395 7679 7381 3 7395 7381
7070 3 7679 7998 7693 3 7679 7693 7381 3
7681 7909 7667 3 7681 7667 7453 3 7909 8235
7942 3 7909 7942 7667 3 8235 8616 8324 3
8235 8324 7942 3 8616 9038 8726 3 8616 8726
8324 3 8324 8726 8388 3 8324 8388 7998 3
7998 8388 8044 3 7998 8044 7693 3 7693 8044
7751 3 7693 7751 7411 3 7381 7693 7411 3
7381 7411 7051 3 7070 7381 7051 3 7070 7051
6680 3 6778 7070 6680 3 6778 6680 6430 3
7160 7395 7070 3 7160 7070 6778 3 7453 7667
7395 3 7453 7395 7160 3 8394 8758 8630 3
8394 8630 8279 3 8758 9202 9052 3 8758 9052
8630 3 8279 8630 8438 3 8279 8438 8124 3
8630 9052 8866 3 8630 8866 8438 3 8210 8468
8394 3 8210 8394 8137 3 8468 8864 8758 3
8468 8758 8394 3 8864 9302 9202 3 8864 9202
8758 3 9302 9808 9680 3 9302 9680 9202 3
9202 9680 9496 3 9202 9496 9052 3 9052 9496
9298 3 9052 9298 8866 3 8866 9298 9038 3
8866 9038 8616 3 8438 8866 8616 3 8438 8616
8235 3 8124 8438 8235 3 8124 8235 7909 3
7864 8124 7909 3 7864 7909 7681 3 8006 8279
8124 3 8006 8124 7864 3 8137 8394 8279 3
8137 8279 8006 3 8528 8565 8963 3 8528 8963
8917 3 8565 8586 8988 3 8565 8988 8963 3
8917 8963 9408 3 8917 9408 9354 3 8963 8988
9438 3 8963 9438 9408 3 8210 8259 8528 3
8210 8528 8468 3 8259 8288 8565 3 8259 8565
8528 3 8288 8302 8586 3 8288 8586 8565 3
8302 8305 8597 3 8302 8597 8586 3 8586 8597
8991 3 8586 8991 8988 3 8988 8991 9449 3
8988 9449 9438 3 9438 9449 10015 3 9438 10015
9992 3 9408 9438 9992 3 9408 9992 9956 3
9354 9408 9956 3 9354 9956 9884 3 9302 9354
9884 3 9302 9884 9808 3 8864 8917 9354 3
8864 9354 9302 3 8468 8528 8917 3 8468 8917
8864 3 8602 8462 8255 3 8602 8255 8354 3
8462 8369 8161 3 8462 8161 8255 3 8354 8255
7990 3 8354 7990 8098 3 8255 8161 7910 3
8255 7910 7990 3 8929 8794 8602 3 8929 8602
8724 3 8794 8658 8462 3 8794 8462 8602 3
8658 8545 8369 3 8658 8369 8462 3 8545 8448
8295 3 8545 8295 8369 3 8369 8295 8062 3
8369 8062 8161 3 8161 8062 7835 3 8161 7835
7910 3 7910 7835 7623 3 7910 7623 7677 3
7990 7910 7677 3 7990 7677 7747 3 8098 7990
7747 3 8098 7747 7825 3 8212 8098 7825 3
8212 7825 7918 3 8460 8354 8098 3 8460 8098
8212 3 8724 8602 8354 3 8724 8354 8460 3
11391 11379 11194 3 11391 11194 11202 3 11379 11353
11170 3 11379 11170 11194 3 11202 11194 10982 3
11202 10982 10992 3 11194 11170 10964 3 11194 10964
10982 3 11541 11526 11391 3 11541 11391 11403 3
11526 11499 11379 3 11526 11379 11391 3 11499 11473
11353 3 11499 11353 11379 3 11473 11432 11306 3
11473 11306 11353 3 11353 11306 11132 3 11353 11132
11170 3 11170 11132 10928 3 11170 10928 10964 3
10964 10928 10743 3 10964 10743 10779 3 10982 10964
10779 3 10982 10779 10794 3 10992 10982 10794 3
10992 10794 10814 3 11014 10992 10814 3 11014 10814
10822 3 11216 11202 10992 3 11216 10992 11014 3
11403 11391 11202 3 11403 11202 11216 3 11238 11057
11034 3 11238 11034 11222 3 11057 10860 10840 3
11057 10840 11034 3 11222 11034 11010 3 11222 11010
11200 3 11034 10840 10830 3 11034 10830 11010 3
11420 11255 11238 3 11420 11238 11409 3 11255 11071
11057 3 11255 11057 11238 3 11071 10872 10860 3
11071 10860 11057 3 10872 10668 10652 3 10872 10652
10860 3 10860 10652 10638 3 10860 10638 10840 3
10840 10638 10626 3 10840 10626 10830 3 10830 10626
10596 3 10830 10596 10790 3 11010 10830 10790 3
11010 10790 10966 3 11200 11010 10966 3 11200 10966
11162 3 11370 11200 11162 3 11370 11162 11329 3
11395 11222 11200 3 11395 11200 11370 3 11409 11238
11222 3 11409 11222 11395 3 10442 10397 10208 3
10442 10208 10254 3 10397 10379 10194 3 10397 10194
10208 3 10254 10208 9999 3 10254 9999 10072 3
10208 10194 9983 3 10208 9983 9999 3 10598 10586
10442 3 10598 10442 10492 3 10586 10574 10397 3
10586 10397 10442 3 10574 10546 10379 3 10574 10379
10397 3 10546 10518 10399 3 10546 10399 10379 3
10379 10399 10214 3 10379 10214 10194 3 10194 10214
10024 3 10194 10024 9983 3 9983 10024 9738 3
9983 9738 9696 3 9999 9983 9696 3 9999 9696
9724 3 10072 9999 9724 3 10072 9724 9792 3
10136 10072 9792 3 10136 9792 9888 3 10324 10254
10072 3 10324 10072 10136 3 10492 10442 10254 3
10492 10254 10324 3 10696 10544 10419 3 10696 10419
10587 3 10544 10328 10202 3 10544 10202 10419 3
10587 10419 10302 3 10587 10302 10472 3 10419 10202
10094 3 10419 10094 10302 3 10944 10820 10696 3
10944 10696 10832 3 10820 10646 10544 3 10820 10544
10696 3 10646 10464 10328 3 10646 10328 10544 3
10464 10238 10108 3 10464 10108 10328 3 10328 10108
9969 3 10328 9969 10202 3 10202 9969 9828 3
10202 9828 10094 3 10094 9828 9738 3 10094 9738
10024 3 10302 10094 10024 3 10302 10024 10214 3
10472 10302 10214 3 10472 10214 10399 3 10606 10472
10399 3 10606 10399 10518 3 10710 10587 10472 3
10710 10472 10606 3 10832 10696 10587 3 10832 10587
10710 3 10144 10114 10300 3 10144 10300 10318 3
10114 10090 10272 3 10114 10272 10300 3 10318 10300
10514 3 10318 10514 10530 3 10300 10272 10485 3
10300 10485 10514 3 10050 10018 10144 3 10050 10144
10162 3 10018 9973 10114 3 10018 10114 10144 3
9973 9906 10090 3 9973 10090 10114 3 9906 9826
10064 3 9906 10064 10090 3 10090 10064 10250 3
10090 10250 10272 3 10272 10250 10466 3 10272 10466
10485 3 10485 10466 10668 3 10485 10668 10688 3
10514 10485 10688 3 10514 10688 10706 3 10530 10514
10706 3 10530 10706 10730 3 10552 10530 10730 3
10552 10730 10753 3 10330 10318 10530 3 10330 10530
10552 3 10162 10144 10318 3 10162 10318 10330 3
10126 10158 10332 3 10126 10332 10316 3 10158 10168
10344 3 10158 10344 10332 3 10316 10332 10558 3
10316 10558 10532 3 10332 10344 10562 3 10332 10562
10558 3 9878 9977 10126 3 9878 10126 10074 3
9977 10030 10158 3 9977 10158 10126 3 10030 10054
10168 3 10030 10168 10158 3 10054 10050 10162 3
10054 10162 10168 3 10168 10162 10330 3 10168 10330
10344 3 10344 10330 10552 3 10344 10552 10562 3
10562 10552 10753 3 10562 10753 10761 3 10558 10562
10761 3 10558 10761 10759 3 10532 10558 10759 3
10532 10759 10751 3 10488 10532 10751 3 10488 10751
10702 3 10258 10316 10532 3 10258 10532 10488 3
10074 10126 10316 3 10074 10316 10258 3 9636 9798
10088 3 9636 10088 9961 3 9798 9939 10178 3
9798 10178 10088 3 9961 10088 10338 3 9961 10338
10266 3 10088 10178 10435 3 10088 10435 10338 3
9222 9361 9636 3 9222 9636 9468 3 9361 9561
9798 3 9361 9798 9636 3 9561 9736 9939 3
9561 9939 9798 3 9736 9878 10074 3 9736 10074
9939 3 9939 10074 10258 3 9939 10258 10178 3
10178 10258 10488 3 10178 10488 10435 3 10435 10488
10702 3 10435 10702 10654 3 10338 10435 10654 3
10338 10654 10616 3 10266 10338 10616 3 10266 10616
10566 3 10188 10266 10566 3 10188 10566 10508 3
9832 9961 10266 3 9832 10266 10188 3 9468 9636
9961 3 9468 9961 9832 3 9136 9232 9609 3
9136 9609 9528 3 9232 9322 9714 3 9232 9714
9609 3 9528 9609 10066 3 9528 10066 9989 3
9609 9714 10112 3 9609 10112 10066 3 8774 8852
9136 3 8774 9136 9076 3 8852 8951 9232 3
8852 9232 9136 3 8951 9070 9322 3 8951 9322
9232 3 9070 9222 9468 3 9070 9468 9322 3
9322 9468 9832 3 9322 9832 9714 3 9714 9832
10188 3 9714 10188 10112 3 10112 10188 10508 3
10112 10508 10450 3 10066 10112 10450 3 10066 10450
10403 3 9989 10066 10403 3 9989 10403 10358 3
9951 9989 10358 3 9951 10358 10336 3 9462 9528
9989 3 9462 9989 9951 3 9076 9136 9528 3
9076 9528 9462 3 9728 9472 9935 3 9728 9935
10130 3 9472 9300 9758 3 9472 9758 9935 3
10130 9935 10334 3 10130 10334 10504 3 9935 9758
10210 3 9935 10210 10334 3 9676 9363 9728 3
9676 9728 10003 3 9363 9150 9472 3 9363 9472
9728 3 9150 8973 9300 3 9150 9300 9472 3
8973 8836 9164 3 8973 9164 9300 3 9300 9164
9603 3 9300 9603 9758 3 9758 9603 10104 3
9758 10104 10210 3 10210 10104 10510 3 10210 10510
10610 3 10334 10210 10610 3 10334 10610 10719 3
10504 10334 10719 3 10504 10719 10852 3 10662 10504
10852 3 10662 10852 11004 3 10322 10130 10504 3
10322 10504 10662 3 10003 9728 10130 3 10003 10130
10322 3 9078 9036 9445 3 9078 9445 9504 3
9036 9040 9425 3 9036 9425 9445 3 9504 9445
9965 3 9504 9965 10036 3 9445 9425 9937 3
9445 9937 9965 3 8836 8746 9078 3 8836 9078
9164 3 8746 8720 9036 3 8746 9036 9078 3
8720 8728 9040 3 8720 9040 9036 3 8728 8774
9076 3 8728 9076 9040 3 9040 9076 9462 3
9040 9462 9425 3 9425 9462 9951 3 9425 9951
9937 3 9937 9951 10336 3 9937 10336 10342 3
9965 9937 10342 3 9965 10342 10375 3 10036 9965
10375 3 10036 10375 10440 3 10104 10036 10440 3
10104 10440 10510 3 9603 9504 10036 3 9603 10036
10104 3 9164 9078 9504 3 9164 9504 9603 3
10712 10496 10767 3 10712 10767 10962 3 10496 10246
10554 3 10496 10554 10767 3 10962 10767 11061 3
10962 11061 11292 3 10767 10554 10856 3 10767 10856
11061 3 10732 10524 10712 3 10732 10712 10908 3
10524 10270 10496 3 10524 10496 10712 3 10270 10006
10246 3 10270 10246 10496 3 10006 9676 10003 3
10006 10003 10246 3 10246 10003 10322 3 10246 10322
10554 3 10554 10322 10662 3 10554 10662 10856 3
10856 10662 11004 3 10856 11004 11206 3 11061 10856
11206 3 11061 11206 11436 3 11292 11061 11436 3
11292 11436 11685 3 11510 11292 11685 3 11510 11685
11810 3 11182 10962 11292 3 11182 11292 11510 3
10908 10712 10962 3 10908 10962 11182 3 11397 11251
11547 3 11397 11547 11708 3 11251 11101 11383 3
11251 11383 11547 3 11708 11547 11806 3 11708 11806
11864 3 11547 11383 11750 3 11547 11750 11806 3
11273 11187 11397 3 11273 11397 11485 3 11187 11059
11251 3 11187 11251 11397 3 11059 10902 11101 3
11059 11101 11251 3 10902 10732 10908 3 10902 10908
11101 3 11101 10908 11182 3 11101 11182 11383 3
11383 11182 11510 3 11383 11510 11750 3 11750 11510
11810 3 11750 11810 11880 3 11806 11750 11880 3
11806 11880 11918 3 11864 11806 11918 3 11864 11918
11962 3 11894 11864 11962 3 11894 11962 11990 3
11778 11708 11864 3 11778 11864 11894 3 11485 11397
11708 3 11485 11708 11778 3 11578 11800 11821 3
11578 11821 11624 3 11800 11908 11928 3 11800 11928
11821 3 11624 11821 11833 3 11624 11833 11650 3
11821 11928 11939 3 11821 11939 11833 3 11273 11485
11578 3 11273 11578 11356 3 11485 11778 11800 3
11485 11800 11578 3 11778 11894 11908 3 11778 11908
11800 3 11894 11990 12018 3 11894 12018 11908 3
11908 12018 12040 3 11908 12040 11928 3 11928 12040
12048 3 11928 12048 11939 3 11939 12048 12052 3
11939 12052 11946 3 11833 11939 11946 3 11833 11946
11838 3 11650 11833 11838 3 11650 11838 11658 3
11413 11650 11658 3 11413 11658 11415 3 11390 11624
11650 3 11390 11650 11413 3 11356 11578 11624 3
11356 11624 11390 3 10828 10698 10564 3 10828 10564
10670 3 10698 10594 10446 3 10698 10446 10564 3
10670 10564 10363 3 10670 10363 10500 3 10564 10446
10242 3 10564 10242 10363 3 11049 10926 10828 3
11049 10828 10934 3 10926 10811 10698 3 10926 10698
10828 3 10811 10680 10594 3 10811 10594 10698 3
10680 10598 10492 3 10680 10492 10594 3 10594 10492
10324 3 10594 10324 10446 3 10446 10324 10136 3
10446 10136 10242 3 10242 10136 9888 3 10242 9888
10040 3 10363 10242 10040 3 10363 10040 10146 3
10500 10363 10146 3 10500 10146 10278 3 10618 10500
10278 3 10618 10278 10409 3 10792 10670 10500 3
10792 10500 10618 3 10934 10828 10670 3 10934 10670
10792 3 10284 10474 10462 3 10284 10462 10262 3
10474 10660 10648 3 10474 10648 10462 3 10262 10462
10444 3 10262 10444 10228 3 10462 10648 10630 3
10462 10630 10444 3 10138 10294 10284 3 10138 10284
10124 3 10294 10484 10474 3 10294 10474 10284 3
10484 10674 10660 3 10484 10660 10474 3 10674 10878
10870 3 10674 10870 10660 3 10660 10870 10850 3
10660 10850 10648 3 10648 10850 10834 3 10648 10834
10630 3 10630 10834 10822 3 10630 10822 10622 3
10444 10630 10622 3 10444 10622 10427 3 10228 10444
10427 3 10228 10427 10204 3 10076 10228 10204 3
10076 10204 10001 3 10100 10262 10228 3 10100 10228
10076 3 10124 10284 10262 3 10124 10262 10100 3
10224 10438 10468 3 10224 10468 10276 3 10438 10628
10656 3 10438 10656 10468 3 10276 10468 10482 3
10276 10482 10292 3 10468 10656 10676 3 10468 10676
10482 3 9975 10150 10224 3 9975 10224 10080 3
10150 10352 10438 3 10150 10438 10224 3 10352 10584
10628 3 10352 10628 10438 3 10584 10796 10838 3
10584 10838 10628 3 10628 10838 10868 3 10628 10868
10656 3 10656 10868 10880 3 10656 10880 10676 3
10676 10880 10878 3 10676 10878 10674 3 10482 10676
10674 3 10482 10674 10484 3 10292 10482 10484 3
10292 10484 10294 3 10140 10292 10294 3 10140 10294
10138 3 10116 10276 10292 3 10116 10292 10140 3
10080 10224 10276 3 10080 10276 10116 3 9710 10060
10156 3 9710 10156 9882 3 10060 10326 10433 3
10060 10433 10156 3 9882 10156 10264 3 9882 10264
10058 3 10156 10433 10512 3 10156 10512 10264 3
9274 9557 9710 3 9274 9710 9419 3 9557 9904
10060 3 9557 10060 9710 3 9904 10248 10326 3
9904 10326 10060 3 10248 10568 10620 3 10248 10620
10326 3 10326 10620 10672 3 10326 10672 10433 3
10433 10672 10749 3 10433 10749 10512 3 10512 10749
10796 3 10512 10796 10584 3 10264 10512 10584 3
10264 10584 10352 3 10058 10264 10352 3 10058 10352
10150 3 9818 10058 10150 3 9818 10150 9975 3
9640 9882 10058 3 9640 10058 9818 3 9419 9710
9882 3 9419 9882 9640 3 9204 9585 9688 3
9204 9688 9286 3 9585 10068 10102 3 9585 10102
9688 3 9286 9688 9796 3 9286 9796 9385 3
9688 10102 10170 3 9688 10170 9796 3 8828 9118
9204 3 8828 9204 8888 3 9118 9542 9585 3
9118 9585 9204 3 9542 10022 10068 3 9542 10068
9585 3 10022 10389 10421 3 10022 10421 10068 3
10068 10421 10452 3 10068 10452 10102 3 10102 10452
10502 3 10102 10502 10170 3 10170 10502 10568 3
10170 10568 10248 3 9796 10170 10248 3 9796 10248
9904 3 9385 9796 9904 3 9385 9904 9557 3
9114 9385 9557 3 9114 9557 9274 3 9004 9286
9385 3 9004 9385 9114 3 8888 9204 9286 3
8888 9286 9004 3 9784 10176 9995 3 9784 9995
9544 3 10176 10550 10385 3 10176 10385 9995 3
9544 9995 9814 3 9544 9814 9334 3 9995 10385
10256 3 9995 10256 9814 3 9718 10062 9784 3
9718 9784 9405 3 10062 10373 10176 3 10062 10176
9784 3 10373 10708 10550 3 10373 10550 10176 3
10708 11055 10892 3 10708 10892 10550 3 10550 10892
10763 3 10550 10763 10385 3 10385 10763 10634 3
10385 10634 10256 3 10256 10634 10556 3 10256 10556
10147 3 9814 10256 10147 3 9814 10147 9674 3
9334 9814 9674 3 9334 9674 9224 3 9018 9334
9224 3 9018 9224 8878 3 9194 9544 9334 3
9194 9334 9018 3 9405 9784 9544 3 9405 9544
9194 3 9126 9569 9516 3 9126 9516 9090 3
9569 10082 10034 3 9569 10034 9516 3 9090 9516
9502 3 9090 9502 9094 3 9516 10034 10011 3
9516 10011 9502 3 8878 9224 9126 3 8878 9126
8796 3 9224 9674 9569 3 9224 9569 9126 3
9674 10147 10082 3 9674 10082 9569 3 10147 10556
10470 3 10147 10470 10082 3 10082 10470 10431 3
10082 10431 10034 3 10034 10431 10391 3 10034 10391
10011 3 10011 10391 10389 3 10011 10389 10022 3
9502 10011 10022 3 9502 10022 9542 3 9094 9502
9542 3 9094 9542 9118 3 8770 9094 9118 3
8770 9118 8828 3 8764 9090 9094 3 8764 9094
8770 3 8796 9126 9090 3 8796 9090 8764 3
10757 10998 10804 3 10757 10804 10536 3 10998 11348
11114 3 10998 11114 10804 3 10536 10804 10590 3
10536 10590 10286 3 10804 11114 10900 3 10804 10900
10590 3 10773 10948 10757 3 10773 10757 10560 3
10948 11220 10998 3 10948 10998 10757 3 11220 11580
11348 3 11220 11348 10998 3 11580 11830 11754 3
11580 11754 11348 3 11348 11754 11479 3 11348 11479
11114 3 11114 11479 11249 3 11114 11249 10900 3
10900 11249 11055 3 10900 11055 10708 3 10590 10900
10708 3 10590 10708 10373 3 10286 10590 10373 3
10286 10373 10062 3 10056 10286 10062 3 10056 10062
9718 3 10306 10536 10286 3 10306 10286 10056 3
10560 10757 10536 3 10560 10536 10306 3 11442 11762
11605 3 11442 11605 11308 3 11762 11878 11826 3
11762 11826 11605 3 11308 11605 11422 3 11308 11422
11142 3 11605 11826 11770 3 11605 11770 11422 3
11321 11553 11442 3 11321 11442 11211 3 11553 11794
11762 3 11553 11762 11442 3 11794 11904 11878 3
11794 11878 11762 3 11904 12002 11978 3 11904 11978
11878 3 11878 11978 11934 3 11878 11934 11826 3
11826 11934 11896 3 11826 11896 11770 3 11770 11896
11830 3 11770 11830 11580 3 11422 11770 11580 3
11422 11580 11220 3 11142 11422 11220 3 11142 11220
10948 3 10932 11142 10948 3 10932 10948 10773 3
11095 11308 11142 3 11095 11142 10932 3 11211 11442
11308 3 11211 11308 11095 3 11628 11691 11842 3
11628 11842 11822 3 11691 11729 11860 3 11691 11860
11842 3 11822 11842 11949 3 11822 11949 11930 3
11842 11860 11960 3 11842 11960 11949 3 11321 11387
11628 3 11321 11628 11553 3 11387 11424 11691 3
11387 11691 11628 3 11424 11455 11729 3 11424 11729
11691 3 11455 11460 11735 3 11455 11735 11729 3
11729 11735 11863 3 11729 11863 11860 3 11860 11863
11961 3 11860 11961 11960 3 11960 11961 12071 3
11960 12071 12068 3 11949 11960 12068 3 11949 12068
12053 3 11930 11949 12053 3 11930 12053 12038 3
11904 11930 12038 3 11904 12038 12002 3 11794 11822
11930 3 11794 11930 11904 3 11553 11628 11822 3
11553 11822 11794 3 11230 11150 10978 3 11230 10978
11065 3 11150 11047 10896 3 11150 10896 10978 3
11065 10978 10810 3 11065 10810 10876 3 10978 10896
10714 3 10978 10714 10810 3 11432 11372 11230 3
11432 11230 11306 3 11372 11271 11150 3 11372 11150
11230 3 11271 11174 11047 3 11271 11047 11150 3
11174 11049 10934 3 11174 10934 11047 3 11047 10934
10792 3 11047 10792 10896 3 10896 10792 10618 3
10896 10618 10714 3 10714 10618 10409 3 10714 10409
10522 3 10810 10714 10522 3 10810 10522 10614 3
10876 10810 10614 3 10876 10614 10678 3 10928 10876
10678 3 10928 10678 10743 3 11132 11065 10876 3
11132 10876 10928 3 11306 11230 11065 3 11306 11065
11132 3 11104 10916 10844 3 11104 10844 11012 3
10916 10741 10650 3 10916 10650 10844 3 11012 10844
10769 3 11012 10769 10920 3 10844 10650 10576 3
10844 10576 10769 3 11329 11162 11104 3 11329 11104
11247 3 11162 10966 10916 3 11162 10916 11104 3
10966 10790 10741 3 10966 10741 10916 3 10790 10596
10538 3 10790 10538 10741 3 10741 10538 10456 3
10741 10456 10650 3 10650 10456 10348 3 10650 10348
10576 3 10576 10348 10238 3 10576 10238 10464 3
10769 10576 10464 3 10769 10464 10646 3 10920 10769
10646 3 10920 10646 10820 3 11069 10920 10820 3
11069 10820 10944 3 11172 11012 10920 3 11172 10920
11069 3 11247 11104 11012 3 11247 11012 11172 3
9066 8975 8698 3 9066 8698 8804 3 8975 8858
8598 3 8975 8598 8698 3 8804 8698 8410 3
8804 8410 8500 3 8698 8598 8310 3 8698 8310
8410 3 9344 9282 9066 3 9344 9066 9146 3
9282 9178 8975 3 9282 8975 9066 3 9178 9060
8858 3 9178 8858 8975 3 9060 8929 8724 3
9060 8724 8858 3 8858 8724 8460 3 8858 8460
8598 3 8598 8460 8212 3 8598 8212 8310 3
8310 8212 7918 3 8310 7918 8014 3 8410 8310
8014 3 8410 8014 8133 3 8500 8410 8133 3
8500 8133 8216 3 8573 8500 8216 3 8573 8216
8271 3 8874 8804 8500 3 8874 8500 8573 3
9146 9066 8804 3 9146 8804 8874 3 8840 8569
8464 3 8840 8464 8734 3 8569 8291 8204 3
8569 8204 8464 3 8734 8464 8366 3 8734 8366
8622 3 8464 8204 8100 3 8464 8100 8366 3
9134 8907 8840 3 9134 8840 9054 3 8907 8642
8569 3 8907 8569 8840 3 8642 8352 8291 3
8642 8291 8569 3 8352 8048 7984 3 8352 7984
8291 3 8291 7984 7912 3 8291 7912 8204 3
8204 7912 7819 3 8204 7819 8100 3 8100 7819
7727 3 8100 7727 7982 3 8366 8100 7982 3
8366 7982 8263 3 8622 8366 8263 3 8622 8263
8486 3 8834 8622 8486 3 8834 8486 8690 3
8957 8734 8622 3 8957 8622 8834 3 9054 8840
8734 3 9054 8734 8957 3 2320 2276 2300 3
2320 2300 2346 3 2276 2269 2290 3 2276 2290
2300 3 2346 2300 2354 3 2346 2354 2422 3
2300 2290 2344 3 2300 2344 2354 3 2394 2336
2320 3 2394 2320 2410 3 2336 2294 2276 3
2336 2276 2320 3 2294 2284 2269 3 2294 2269
2276 3 2284 2308 2306 3 2284 2306 2269 3
2269 2306 2330 3 2269 2330 2290 3 2290 2330
2390 3 2290 2390 2344 3 2344 2390 2476 3
2344 2476 2416 3 2354 2344 2416 3 2354 2416
2434 3 2422 2354 2434 3 2422 2434 2502 3
2552 2422 2502 3 2552 2502 2684 3 2470 2346
2422 3 2470 2422 2552 3 2410 2320 2346 3
2410 2346 2470 3 11428 11426 11344 3 11428 11344
11346 3 11426 11377 11281 3 11426 11281 11344 3
11346 11344 11226 3 11346 11226 11228 3 11344 11281
11176 3 11344 11176 11226 3 11432 11489 11428 3
11432 11428 11372 3 11489 11487 11426 3 11489 11426
11428 3 11487 11438 11377 3 11487 11377 11426 3
11438 11329 11247 3 11438 11247 11377 3 11377 11247
11172 3 11377 11172 11281 3 11281 11172 11069 3
11281 11069 11176 3 11176 11069 10944 3 11176 10944
11051 3 11226 11176 11051 3 11226 11051 11112 3
11228 11226 11112 3 11228 11112 11116 3 11174 11228
11116 3 11174 11116 11049 3 11271 11346 11228 3
11271 11228 11174 3 11372 11428 11346 3 11372 11346
11271 3 3975 3787 3767 3 3975 3767 3957 3
3787 3594 3565 3 3787 3565 3767 3 3957 3767
3731 3 3957 3731 3917 3 3767 3565 3541 3
3767 3541 3731 3 4173 3999 3975 3 4173 3975
4137 3 3999 3803 3787 3 3999 3787 3975 3
3803 3605 3594 3 3803 3594 3787 3 3605 3380
3376 3 3605 3376 3594 3 3594 3376 3364 3
3594 3364 3565 3 3565 3364 3334 3 3565 3334
3541 3 3541 3334 3278 3 3541 3278 3498 3
3731 3541 3498 3 3731 3498 3681 3 3917 3731
3681 3 3917 3681 3851 3 4069 3917 3851 3
4069 3851 3991 3 4105 3957 3917 3 4105 3917
4069 3 4137 3975 3957 3 4137 3957 4105 3
4601 4415 4391 3 4601 4391 4545 3 4415 4295
4257 3 4415 4257 4391 3 4545 4391 4339 3
4545 4339 4475 3 4391 4257 4205 3 4391 4205
4339 3 4803 4619 4601 3 4803 4601 4777 3
4619 4451 4415 3 4619 4415 4601 3 4451 4333
4295 3 4451 4295 4415 3 4333 4173 4137 3
4333 4137 4295 3 4295 4137 4105 3 4295 4105
4257 3 4257 4105 4069 3 4257 4069 4205 3
4205 4069 3991 3 4205 3991 4121 3 4339 4205
4121 3 4339 4121 4259 3 4475 4339 4259 3
4475 4259 4395 3 4663 4475 4395 3 4663 4395
4565 3 4719 4545 4475 3 4719 4475 4663 3
4777 4601 4545 3 4777 4545 4719 3 6292 6098
6042 3 6292 6042 6206 3 6098 5884 5810 3
6098 5810 6042 3 6206 6042 5954 3 6206 5954
6136 3 6042 5810 5764 3 6042 5764 5954 3
6513 6355 6292 3 6513 6292 6480 3 6355 6138
6098 3 6355 6098 6292 3 6138 5934 5884 3
6138 5884 6098 3 5934 5737 5670 3 5934 5670
5884 3 5884 5670 5617 3 5884 5617 5810 3
5810 5617 5539 3 5810 5539 5764 3 5764 5539
5464 3 5764 5464 5681 3 5954 5764 5681 3
5954 5681 5882 3 6136 5954 5882 3 6136 5882
6074 3 6325 6136 6074 3 6325 6074 6228 3
6404 6206 6136 3 6404 6136 6325 3 6480 6292
6206 3 6480 6206 6404 3 5452 5202 5154 3
5452 5154 5387 3 5202 4958 4907 3 5202 4907
5154 3 5387 5154 5084 3 5387 5084 5319 3
5154 4907 4855 3 5154 4855 5084 3 5737 5499
5452 3 5737 5452 5670 3 5499 5265 5202 3
5499 5202 5452 3 5265 5004 4958 3 5265 4958
5202 3 5004 4803 4777 3 5004 4777 4958 3
4958 4777 4719 3 4958 4719 4907 3 4907 4719
4663 3 4907 4663 4855 3 4855 4663 4565 3
4855 4565 4773 3 5084 4855 4773 3 5084 4773
4982 3 5319 5084 4982 3 5319 4982 5214 3
5539 5319 5214 3 5539 5214 5464 3 5617 5387
5319 3 5617 5319 5539 3 5670 5452 5387 3
5670 5387 5617 3 6842 6717 6636 3 6842 6636
6759 3 6717 6598 6512 3 6717 6512 6636 3
6759 6636 6546 3 6759 6546 6672 3 6636 6512
6446 3 6636 6446 6546 3 7092 6908 6842 3
7092 6842 7020 3 6908 6782 6717 3 6908 6717
6842 3 6782 6658 6598 3 6782 6598 6717 3
6658 6513 6480 3 6658 6480 6598 3 6598 6480
6404 3 6598 6404 6512 3 6512 6404 6325 3
6512 6325 6446 3 6446 6325 6228 3 6446 6228
6361 3 6546 6446 6361 3 6546 6361 6478 3
6672 6546 6478 3 6672 6478 6576 3 6826 6672
6576 3 6826 6576 6737 3 6930 6759 6672 3
6930 6672 6826 3 7020 6842 6759 3 7020 6759
6930 3 9456 9330 9248 3 9456 9248 9342 3
9330 9225 9106 3 9330 9106 9248 3 9342 9248
9104 3 9342 9104 9239 3 9248 9106 8993 3
9248 8993 9104 3 9720 9559 9456 3 9720 9456
9638 3 9559 9409 9330 3 9559 9330 9456 3
9409 9296 9225 3 9409 9225 9330 3 9296 9134
9054 3 9296 9054 9225 3 9225 9054 8957 3
9225 8957 9106 3 9106 8957 8834 3 9106 8834
8993 3 8993 8834 8690 3 8993 8690 8862 3
9104 8993 8862 3 9104 8862 8979 3 9239 9104
8979 3 9239 8979 9088 3 9367 9239 9088 3
9367 9088 9254 3 9508 9342 9239 3 9508 9239
9367 3 9638 9456 9342 3 9638 9342 9508 3
10310 10092 9997 3 10310 9997 10220 3 10092 9848
9740 3 10092 9740 9997 3 10220 9997 9864 3
10220 9864 10122 3 9997 9740 9593 3 9997 9593
9864 3 10596 10369 10310 3 10596 10310 10538 3
10369 10154 10092 3 10369 10092 10310 3 10154 9927
9848 3 10154 9848 10092 3 9927 9720 9638 3
9927 9638 9848 3 9848 9638 9508 3 9848 9508
9740 3 9740 9508 9367 3 9740 9367 9593 3
9593 9367 9254 3 9593 9254 9421 3 9864 9593
9421 3 9864 9421 9704 3 10122 9864 9704 3
10122 9704 10005 3 10348 10122 10005 3 10348 10005
10238 3 10456 10220 10122 3 10456 10122 10348 3
10538 10310 10220 3 10538 10220 10456 3 7721 7465
7407 3 7721 7407 7645 3 7465 7244 7166 3
7465 7166 7407 3 7645 7407 7317 3 7645 7317
7574 3 7407 7166 7074 3 7407 7074 7317 3
8048 7781 7721 3 8048 7721 7984 3 7781 7524
7465 3 7781 7465 7721 3 7524 7291 7244 3
7524 7244 7465 3 7291 7092 7020 3 7291 7020
7244 3 7244 7020 6930 3 7244 6930 7166 3
7166 6930 6826 3 7166 6826 7074 3 7074 6826
6737 3 7074 6737 6948 3 7317 7074 6948 3
7317 6948 7231 3 7574 7317 7231 3 7574 7231
7469 3 7819 7574 7469 3 7819 7469 7727 3
7912 7645 7574 3 7912 7574 7819 3 7984 7721
7645 3 7984 7645 7912 3 3146 2918 2914 3
3146 2914 3136 3 2918 2738 2730 3 2918 2730
2914 3 3136 2914 2898 3 3136 2898 3114 3
2914 2730 2704 3 2914 2704 2898 3 3380 3152
3146 3 3380 3146 3376 3 3152 2920 2918 3
3152 2918 3146 3 2920 2742 2738 3 2920 2738
2918 3 2742 2584 2580 3 2742 2580 2738 3
2738 2580 2570 3 2738 2570 2730 3 2730 2570
2536 3 2730 2536 2704 3 2704 2536 2476 3
2704 2476 2644 3 2898 2704 2644 3 2898 2644
2840 3 3114 2898 2840 3 3114 2840 3060 3
3334 3114 3060 3 3334 3060 3278 3 3364 3136
3114 3 3364 3114 3334 3 3376 3146 3136 3
3376 3136 3364 3 4213 4179 3983 3 4213 3983
4013 3 4179 4117 3953 3 4179 3953 3983 3
4013 3983 3781 3 4013 3781 3799 3 3983 3953
3753 3 3983 3753 3781 3 4413 4401 4213 3
4413 4213 4243 3 4401 4361 4179 3 4401 4179
4213 3 4361 4305 4117 3 4361 4117 4179 3
4305 4236 4073 3 4305 4073 4117 3 4117 4073
3887 3 4117 3887 3953 3 3953 3887 3709 3
3953 3709 3753 3 3753 3709 3506 3 3753 3506
3545 3 3781 3753 3545 3 3781 3545 3577 3
3799 3781 3577 3 3799 3577 3593 3 3811 3799
3593 3 3811 3593 3599 3 4033 4013 3799 3
4033 3799 3811 3 4243 4213 4013 3 4243 4013
4033 3 4885 4847 4691 3 4885 4691 4743 3
4847 4797 4631 3 4847 4631 4691 3 4743 4691
4531 3 4743 4531 4593 3 4691 4631 4453 3
4691 4453 4531 3 5100 5062 4885 3 5100 4885
4904 3 5062 5016 4847 3 5062 4847 4885 3
5016 4942 4797 3 5016 4797 4847 3 4942 4867
4699 3 4942 4699 4797 3 4797 4699 4541 3
4797 4541 4631 3 4631 4541 4387 3 4631 4387
4453 3 4453 4387 4236 3 4453 4236 4305 3
4531 4453 4305 3 4531 4305 4361 3 4593 4531
4361 3 4593 4361 4401 3 4615 4593 4401 3
4615 4401 4413 3 4783 4743 4593 3 4783 4593
4615 3 4904 4885 4743 3 4904 4743 4783 3
6510 6454 6238 3 6510 6238 6319 3 6454 6370
6154 3 6454 6154 6238 3 6319 6238 6044 3
6319 6044 6096 3 6238 6154 5962 3 6238 5962
6044 3 6767 6706 6510 3 6767 6510 6580 3
6706 6620 6454 3 6706 6454 6510 3 6620 6534
6370 3 6620 6370 6454 3 6534 6470 6286 3
6534 6286 6370 3 6370 6286 6094 3 6370 6094
6154 3 6154 6094 5888 3 6154 5888 5962 3
5962 5888 5687 3 5962 5687 5766 3 6044 5962
5766 3 6044 5766 5808 3 6096 6044 5808 3
6096 5808 5880 3 6134 6096 5880 3 6134 5880
5928 3 6372 6319 6096 3 6372 6096 6134 3
6580 6510 6319 3 6580 6319 6372 3 5672 5625
5423 3 5672 5423 5474 3 5625 5561 5355 3
5625 5355 5423 3 5474 5423 5206 3 5474 5206
5271 3 5423 5355 5150 3 5423 5150 5206 3
5928 5880 5672 3 5928 5672 5733 3 5880 5808
5625 3 5880 5625 5672 3 5808 5766 5561 3
5808 5561 5625 3 5766 5687 5486 3 5766 5486
5561 3 5561 5486 5275 3 5561 5275 5355 3
5355 5275 5058 3 5355 5058 5150 3 5150 5058
4867 3 5150 4867 4942 3 5206 5150 4942 3
5206 4942 5016 3 5271 5206 5016 3 5271 5016
5062 3 5300 5271 5062 3 5300 5062 5100 3
5507 5474 5271 3 5507 5271 5300 3 5733 5672
5474 3 5733 5474 5507 3 7112 7034 6894 3
7112 6894 6974 3 7034 6924 6792 3 7034 6792
6894 3 6974 6894 6765 3 6974 6765 6852 3
6894 6792 6686 3 6894 6686 6765 3 7319 7266
7112 3 7319 7112 7179 3 7266 7193 7034 3
7266 7034 7112 3 7193 7102 6924 3 7193 6924
7034 3 7102 6992 6824 3 7102 6824 6924 3
6924 6824 6704 3 6924 6704 6792 3 6792 6704
6586 3 6792 6586 6686 3 6686 6586 6470 3
6686 6470 6534 3 6765 6686 6534 3 6765 6534
6620 3 6852 6765 6620 3 6852 6620 6706 3
6922 6852 6706 3 6922 6706 6767 3 7060 6974
6852 3 7060 6852 6922 3 7179 7112 6974 3
7179 6974 7060 3 9700 9589 9458 3 9700 9458
9575 3 9589 9450 9320 3 9589 9320 9458 3
9575 9458 9328 3 9575 9328 9427 3 9458 9320
9228 3 9458 9228 9328 3 9949 9868 9700 3
9949 9700 9806 3 9868 9762 9589 3 9868 9589
9700 3 9762 9626 9450 3 9762 9450 9589 3
9626 9466 9308 3 9626 9308 9450 3 9450 9308
9214 3 9450 9214 9320 3 9320 9214 9080 3
9320 9080 9228 3 9228 9080 8929 3 9228 8929
9060 3 9328 9228 9060 3 9328 9060 9178 3
9427 9328 9178 3 9427 9178 9282 3 9534 9427
9282 3 9534 9282 9344 3 9668 9575 9427 3
9668 9427 9534 3 9806 9700 9575 3 9806 9575
9668 3 10476 10393 10182 3 10476 10182 10260 3
10393 10290 10086 3 10393 10086 10182 3 10260 10182
9971 3 10260 9971 10078 3 10182 10086 9836 3
10182 9836 9971 3 10743 10678 10476 3 10743 10476
10540 3 10678 10614 10393 3 10678 10393 10476 3
10614 10522 10290 3 10614 10290 10393 3 10522 10409
10184 3 10522 10184 10290 3 10290 10184 9941 3
10290 9941 10086 3 10086 9941 9690 3 10086 9690
9836 3 9836 9690 9466 3 9836 9466 9626 3
9971 9836 9626 3 9971 9626 9762 3 10078 9971
9762 3 10078 9762 9868 3 10132 10078 9868 3
10132 9868 9949 3 10320 10260 10078 3 10320 10078
10132 3 10540 10476 10260 3 10540 10260 10320 3
7914 7839 7611 3 7914 7611 7669 3 7839 7761
7513 3 7839 7513 7611 3 7669 7611 7379 3
7669 7379 7455 3 7611 7513 7295 3 7611 7295
7379 3 8271 8216 7914 3 8271 7914 7978 3
8216 8133 7839 3 8216 7839 7914 3 8133 8014
7761 3 8133 7761 7839 3 8014 7918 7675 3
8014 7675 7761 3 7761 7675 7441 3 7761 7441
7513 3 7513 7441 7211 3 7513 7211 7295 3
7295 7211 6992 3 7295 6992 7102 3 7379 7295
7102 3 7379 7102 7193 3 7455 7379 7193 3
7455 7193 7266 3 7493 7455 7266 3 7493 7266
7319 3 7725 7669 7455 3 7725 7455 7493 3
7978 7914 7669 3 7978 7669 7725 3 3368 3362
3138 3 3368 3138 3154 3 3362 3336 3120 3
3362 3120 3138 3 3154 3138 2932 3 3154 2932
2938 3 3138 3120 2908 3 3138 2908 2932 3
3599 3593 3368 3 3599 3368 3372 3 3593 3577
3362 3 3593 3362 3368 3 3577 3545 3336 3
3577 3336 3362 3 3545 3506 3280 3 3545 3280
3336 3 3336 3280 3066 3 3336 3066 3120 3
3120 3066 2854 3 3120 2854 2908 3 2908 2854
2684 3 2908 2684 2731 3 2932 2908 2731 3
2932 2731 2772 3 2938 2932 2772 3 2938 2772
2780 3 2940 2938 2780 3 2940 2780 2782 3
3156 3154 2938 3 3156 2938 2940 3 3372 3368
3154 3 3372 3154 3156 3 5012 5261 7419 3
5012 7419 7459 3 5261 5213 7369 3 5261 7369
7419 3 7419 7369 9702 3 7419 9702 9801 3
7459 7419 9801 3 7459 9801 9861 3 6722 9022
8870 3 6722 8870 6566 3 9022 11146 11018 3
9022 11018 8870 3 8870 11018 10904 3 8870 10904
8700 3 6566 8870 8700 3 6566 8700 6439 3
9092 11185 11317 3 9092 11317 9267 3 11185 12183
12217 3 11185 12217 11317 3 11317 12217 12261 3
11317 12261 11440 3 9267 11317 11440 3 9267 11440
9384 3 6439 8700 8538 3 6439 8538 6298 3
8700 10904 10801 3 8700 10801 8538 3 8538 10801
10644 3 8538 10644 8348 3 6298 8538 8348 3
6298 8348 6128 3 6128 8348 8105 3 6128 8105
5918 3 8348 10644 10460 3 8348 10460 8105 3
8105 10460 10200 3 8105 10200 7824 3 5918 8105
7824 3 5918 7824 5679 3 5042 4901 7121 3
5042 7121 7240 3 4901 4760 6936 3 4901 6936
7121 3 7121 6936 9200 3 7121 9200 9365 3
7240 7121 9365 3 7240 9365 9519 3 6880 9072
9774 3 6880 9774 7483 3 9072 10986 11537 3
9072 11537 9774 3 9774 11537 11849 3 9774 11849
10232 3 7483 9774 10232 3 7483 10232 7892 3
7892 10232 10535 3 7892 10535 8238 3 10232 11849
11951 3 10232 11951 10535 3 10535 11951 12020 3
10535 12020 10728 3 8238 10535 10728 3 8238 10728
8470 3 5679 7824 7558 3 5679 7558 5407 3
7824 10200 9895 3 7824 9895 7558 3 7558 9895
9484 3 7558 9484 7270 3 5407 7558 7270 3
5407 7270 5080 3 12225 12204 12065 3 12225 12065
12086 3 12204 12176 12036 3 12204 12036 12065 3
12065 12036 11434 3 12065 11434 11576 3 12086 12065
11576 3 12086 11576 11637 3 12463 12492 12467 3
12463 12467 12426 3 12492 12513 12490 3 12492 12490
12467 3 12467 12490 12261 3 12467 12261 12217 3
12426 12467 12217 3 12426 12217 12183 3 12095 12051
11900 3 12095 11900 11940 3 12051 12009 11867 3
12051 11867 11900 3 11900 11867 10904 3 11900 10904
11018 3 11940 11900 11018 3 11940 11018 11146 3
12290 12348 12309 3 12290 12309 12254 3 12348 12393
12350 3 12348 12350 12309 3 12309 12350 12103 3
12309 12103 12074 3 12254 12309 12074 3 12254 12074
12020 3 12115 12216 12185 3 12115 12185 12087 3
12216 12290 12254 3 12216 12254 12185 3 12185 12254
12020 3 12185 12020 11951 3 12087 12185 11951 3
12087 11951 11849 3 11756 11401 10930 3 11756 10930
11198 3 11401 11016 10636 3 11401 10636 10930 3
10930 10636 9484 3 10930 9484 9895 3 11198 10930
9895 3 11198 9895 10200 3 11932 11816 11731 3
11932 11731 11875 3 11816 11416 11243 3 11816 11243
11731 3 11731 11243 11016 3 11731 11016 11401 3
11875 11731 11401 3 11875 11401 11756 3 10200 10460
11465 3 10200 11465 11198 3 10460 10644 11740 3
10460 11740 11465 3 11465 11740 11914 3 11465 11914
11857 3 11198 11465 11857 3 11198 11857 11756 3
10644 10801 11808 3 10644 11808 11740 3 10801 10904
11867 3 10801 11867 11808 3 11808 11867 12009 3
11808 12009 11973 3 11740 11808 11973 3 11740 11973
11914 3 12258 12211 12145 3 12258 12145 12189 3
12211 12181 12102 3 12211 12102 12145 3 12145 12102
12009 3 12145 12009 12051 3 12189 12145 12051 3
12189 12051 12095 3 11146 11291 11986 3 11146 11986
11940 3 11291 11434 12036 3 11291 12036 11986 3
11986 12036 12176 3 11986 12176 12130 3 11940 11986
12130 3 11940 12130 12095 3 12386 12372 12297 3
12386 12297 12313 3 12372 12342 12269 3 12372 12269
12297 3 12297 12269 12176 3 12297 12176 12204 3
12313 12297 12204 3 12313 12204 12225 3 8332 9000
10180 3 8332 10180 8876 3 9000 9484 10636 3
9000 10636 10180 3 10180 10636 11016 3 10180 11016
10526 3 8876 10180 10526 3 8876 10526 9200 3
12292 12286 12504 3 12292 12504 12511 3 12286 12261
12490 3 12286 12490 12504 3 12504 12490 12513 3
12504 12513 12524 3 12511 12504 12524 3 12511 12524
12531 3 12183 12144 12389 3 12183 12389 12426 3
12144 12103 12350 3 12144 12350 12389 3 12389 12350
12393 3 12389 12393 12429 3 12426 12389 12429 3
12426 12429 12463 3 11849 11537 11955 3 11849 11955
12087 3 11537 10986 11768 3 11537 11768 11955 3
11955 11768 11814 3 11955 11814 11988 3 12087 11955
11988 3 12087 11988 12115 3 12499 12516 12525 3
12499 12525 12514 3 12516 12518 12532 3 12516 12532
12525 3 12525 12532 12540 3 12525 12540 12535 3
12514 12525 12535 3 12514 12535 12521 3 9861 11074
11126 3 9861 11126 9900 3 11074 11790 11818 3
11074 11818 11126 3 11126 11818 11844 3 11126 11844
11168 3 9900 11126 11168 3 9900 11168 9926 3
12095 12130 12226 3 12095 12226 12189 3 12130 12176
12269 3 12130 12269 12226 3 12226 12269 12342 3
12226 12342 12303 3 12189 12226 12303 3 12189 12303
12258 3 11914 11973 12061 3 11914 12061 12015 3
11973 12009 12102 3 11973 12102 12061 3 12061 12102
12181 3 12061 12181 12135 3 12015 12061 12135 3
12015 12135 12092 3 11756 11857 11953 3 11756 11953
11875 3 11857 11914 12015 3 11857 12015 11953 3
11953 12015 12092 3 11953 12092 12023 3 11875 11953
12023 3 11875 12023 11932 3 12487 12482 12439 3
12487 12439 12449 3 12482 12465 12409 3 12482 12409
12439 3 12439 12409 12342 3 12439 12342 12372 3
12449 12439 12372 3 12449 12372 12386 3 12387 12338
12284 3 12387 12284 12332 3 12338 12299 12242 3
12338 12242 12284 3 12284 12242 12181 3 12284 12181
12211 3 12332 12284 12211 3 12332 12211 12258 3
12046 11912 11882 3 12046 11882 11994 3 11912 11677
11561 3 11912 11561 11882 3 11882 11561 11416 3
11882 11416 11816 3 11994 11882 11816 3 11994 11816
11932 3 9200 10526 10684 3 9200 10684 9365 3
10526 11016 11243 3 10526 11243 10684 3 10684 11243
11416 3 10684 11416 10802 3 9365 10684 10802 3
9365 10802 9519 3 12099 11976 11947 3 12099 11947
12076 3 11976 11790 11766 3 11976 11766 11947 3
11947 11766 11677 3 11947 11677 11912 3 12076 11947
11912 3 12076 11912 12046 3 12445 12404 12378 3
12445 12378 12422 3 12404 12366 12334 3 12404 12334
12378 3 12378 12334 12299 3 12378 12299 12338 3
12422 12378 12338 3 12422 12338 12387 3 12518 12516
12500 3 12518 12500 12506 3 12516 12499 12489 3
12516 12489 12500 3 12500 12489 12465 3 12500 12465
12482 3 12506 12500 12482 3 12506 12482 12487 3
12258 12303 12374 3 12258 12374 12332 3 12303 12342
12409 3 12303 12409 12374 3 12374 12409 12465 3
12374 12465 12431 3 12332 12374 12431 3 12332 12431
12387 3 12092 12135 12199 3 12092 12199 12156 3
12135 12181 12242 3 12135 12242 12199 3 12199 12242
12299 3 12199 12299 12264 3 12156 12199 12264 3
12156 12264 12205 3 11932 12023 12089 3 11932 12089
11994 3 12023 12092 12156 3 12023 12156 12089 3
12089 12156 12205 3 12089 12205 12139 3 11994 12089
12139 3 11994 12139 12046 3 9519 10802 10885 3
9519 10885 9633 3 10802 11416 11561 3 10802 11561
10885 3 10885 11561 11677 3 10885 11677 10942 3
9633 10885 10942 3 9633 10942 9702 3 12513 12492
12496 3 12513 12496 12519 3 12492 12463 12475 3
12492 12475 12496 3 12496 12475 12483 3 12496 12483
12507 3 12519 12496 12507 3 12519 12507 12528 3
10986 10381 11002 3 10986 11002 11768 3 10381 9478
9830 3 10381 9830 11002 3 11002 9830 9909 3
11002 9909 11124 3 11768 11002 11124 3 11768 11124
11814 3 49 628 627 3 49 627 51 3
51 627 623 3 51 623 52 3 52 623
620 3 52 620 54 3 54 620 616 3
54 616 58 3 58 616 610 3 58 610
60 3 60 610 614 3 60 614 62 3
62 614 618 3 62 618 64 3 64 618
612 3 64 612 68 3 68 612 606 3
68 606 70 3 70 606 605 3 70 605
72 3 72 605 603 3 72 603 76 3
76 603 594 3 76 594 78 3 74 78
594 3 74 594 580 3 66 74 580 3
66 580 564 3 56 66 564 3 56 564
558 3 47 56 558 3 47 558 544 3
41 47 544 3 41 544 538 3 35 41
538 3 35 538 534 3 31 35 534 3
31 534 536 3 27 31 536 3 27 536
542 3 25 27 542 3 25 542 546 3
23 25 546 3 23 546 550 3 29 21
560 3 29 560 566 3 37 29 566 3
37 566 590 3 43 37 590 3 43 590
633 3 45 43 633 3 45 633 655 3
45 655 682 3 45 682 39 3 39 682
688 3 39 688 34 3 34 688 685 3
34 685 18 3 18 685 673 3 18 673
15 3 15 673 666 3 15 666 14 3
14 666 669 3 14 669 11 3 11 669
667 3 11 667 10 3 10 667 671 3
10 671 7 3 7 671 675 3 7 675
5 3 5 675 677 3 5 677 4 3
4 677 679 3 4 679 1 3 1 679
681 3 1 681 0 3 19 23 550 3
19 550 554 3 21 19 554 3 21 554
560 3 9702 10942 11006 3 9702 11006 9801 3
10942 11677 11766 3 10942 11766 11006 3 11006 11766
11790 3 11006 11790 11074 3 9801 11006 11074 3
9801 11074 9861 3 11814 11124 11154 3 11814 11154
11834 3 11124 9909 9947 3 11124 9947 11154 3
11154 9947 9967 3 11154 9967 11188 3 11834 11154
11188 3 11834 11188 11856 3 12393 12348 12363 3
12393 12363 12402 3 12348 12290 12311 3 12348 12311
12363 3 12363 12311 12324 3 12363 12324 12376 3
12402 12363 12376 3 12402 12376 12415 3 12099 12195
12223 3 12099 12223 12123 3 12195 12276 12293 3
12195 12293 12223 3 12223 12293 12318 3 12223 12318
12240 3 12123 12223 12240 3 12123 12240 12148 3
12387 12431 12461 3 12387 12461 12422 3 12431 12465
12489 3 12431 12489 12461 3 12461 12489 12499 3
12461 12499 12479 3 12422 12461 12479 3 12422 12479
12445 3 12205 12264 12295 3 12205 12295 12244 3
12264 12299 12334 3 12264 12334 12295 3 12295 12334
12366 3 12295 12366 12326 3 12244 12295 12326 3
12244 12326 12276 3 12046 12139 12175 3 12046 12175
12076 3 12139 12205 12244 3 12139 12244 12175 3
12175 12244 12276 3 12175 12276 12195 3 12076 12175
12195 3 12076 12195 12099 3 12148 12240 12248 3
12148 12248 12151 3 12240 12318 12328 3 12240 12328
12248 3 12248 12328 12324 3 12248 12324 12247 3
12151 12248 12247 3 12151 12247 12149 3 12318 12368
12380 3 12318 12380 12328 3 12368 12407 12420 3
12368 12420 12380 3 12380 12420 12415 3 12380 12415
12376 3 12328 12380 12376 3 12328 12376 12324 3
12477 12502 12510 3 12477 12510 12485 3 12502 12521
12530 3 12502 12530 12510 3 12510 12530 12528 3
12510 12528 12507 3 12485 12510 12507 3 12485 12507
12483 3 9926 11168 11192 3 9926 11192 9959 3
11168 11844 11861 3 11168 11861 11192 3 11192 11861
11856 3 11192 11856 11188 3 9959 11192 11188 3
9959 11188 9967 3 12543 12538 12541 3 12543 12541
12544 3 12538 12528 12530 3 12538 12530 12541 3
12541 12530 12521 3 12541 12521 12535 3 12544 12541
12535 3 12544 12535 12540 3 12483 12450 12456 3
12483 12456 12485 3 12450 12415 12420 3 12450 12420
12456 3 12456 12420 12407 3 12456 12407 12447 3
12485 12456 12447 3 12485 12447 12477 3 12149 12024
12034 3 12149 12034 12151 3 12024 11856 11861 3
12024 11861 12034 3 12034 11861 11844 3 12034 11844
12016 3 12151 12034 12016 3 12151 12016 12148 3
12366 12404 12433 3 12366 12433 12396 3 12404 12445
12470 3 12404 12470 12433 3 12433 12470 12477 3
12433 12477 12447 3 12396 12433 12447 3 12396 12447
12407 3 12531 12524 12533 3 12531 12533 12537 3
12524 12513 12519 3 12524 12519 12533 3 12533 12519
12528 3 12533 12528 12538 3 12537 12533 12538 3
12537 12538 12543 3 11790 11976 11996 3 11790 11996
11818 3 11976 12099 12123 3 11976 12123 11996 3
11996 12123 12148 3 11996 12148 12016 3 11818 11996
12016 3 11818 12016 11844 3 12463 12429 12441 3
12463 12441 12475 3 12429 12393 12402 3 12429 12402
12441 3 12441 12402 12415 3 12441 12415 12450 3
12475 12441 12450 3 12475 12450 12483 3 12445 12479
12494 3 12445 12494 12470 3 12479 12499 12514 3
12479 12514 12494 3 12494 12514 12521 3 12494 12521
12502 3 12470 12494 12502 3 12470 12502 12477 3
12115 11988 12000 3 12115 12000 12133 3 11988 11814
11834 3 11988 11834 12000 3 12000 11834 11856 3
12000 11856 12024 3 12133 12000 12024 3 12133 12024
12149 3 12276 12326 12352 3 12276 12352 12293 3
12326 12366 12396 3 12326 12396 12352 3 12352 12396
12407 3 12352 12407 12368 3 12293 12352 12368 3
12293 12368 12318 3 12290 12216 12235 3 12290 12235
12311 3 12216 12115 12133 3 12216 12133 12235 3
12235 12133 12149 3 12235 12149 12247 3 12311 12235
12247 3 12311 12247 12324 3 5012 7459 7505 3
5012 7505 5478 3 7459 9861 9900 3 7459 9900
7505 3 7505 9900 9926 3 7505 9926 7587 3
5478 7505 7587 3 5478 7587 5904 3 4495 4715
6888 3 4495 6888 6628 3 4715 5080 7270 3
4715 7270 6888 3 6888 7270 9484 3 6888 9484
9000 3 6628 6888 9000 3 6628 9000 8332 3
8470 10728 10864 3 8470 10864 8660 3 10728 12020
12074 3 10728 12074 10864 3 10864 12074 12103 3
10864 12103 10960 3 8660 10864 10960 3 8660 10960
8824 3 4760 4559 6742 3 4760 6742 6936 3
4559 4495 6628 3 4559 6628 6742 3 6742 6628
8332 3 6742 8332 8876 3 6936 6742 8876 3
6936 8876 9200 3 7280 9617 9547 3 7280 9547
7229 3 9617 11637 11576 3 9617 11576 9547 3
9547 11576 11434 3 9547 11434 9359 3 7229 9547
9359 3 7229 9359 7080 3 9384 11440 11530 3
9384 11530 9498 3 11440 12261 12286 3 11440 12286
11530 3 11530 12286 12292 3 11530 12292 11563 3
9498 11530 11563 3 9498 11563 9550 3 5213 5140
7309 3 5213 7309 7369 3 5140 5042 7240 3
5140 7240 7309 3 7309 7240 9519 3 7309 9519
9633 3 7369 7309 9633 3 7369 9633 9702 3
8824 10960 11067 3 8824 11067 8949 3 10960 12103
12144 3 10960 12144 11067 3 11067 12144 12183 3
11067 12183 11185 3 8949 11067 11185 3 8949 11185
9092 3 5666 5400 7523 3 5666 7523 7692 3
5400 5060 7492 3 5400 7492 7523 3 7523 7492
9909 3 7523 9909 9830 3 7692 7523 9830 3
7692 9830 9478 3 6880 6164 8299 3 6880 8299
9072 3 6164 5666 7692 3 6164 7692 8299 3
8299 7692 9478 3 8299 9478 10381 3 9072 8299
10381 3 9072 10381 10986 3 7080 9359 9206 3
7080 9206 6892 3 9359 11434 11291 3 9359 11291
9206 3 9206 11291 11146 3 9206 11146 9022 3
6892 9206 9022 3 6892 9022 6722 3 1907 5488
5330 3 1907 5330 1852 3 5488 7080 6892 3
5488 6892 5330 3 5330 6892 6722 3 5330 6722
5164 3 1852 5330 5164 3 1852 5164 1808 3
1931 1718 4603 3 1931 4603 5375 3 1718 1604
4018 3 1718 4018 4603 3 4603 4018 5666 3
4603 5666 6164 3 5375 4603 6164 3 5375 6164
6880 3 1604 1568 3791 3 1604 3791 4018 3
1568 1555 3721 3 1568 3721 3791 3 3791 3721
5060 3 3791 5060 5400 3 4018 3791 5400 3
4018 5400 5666 3 3024 7227 7329 3 3024 7329
3126 3 7227 8824 8949 3 7227 8949 7329 3
7329 8949 9092 3 7329 9092 7461 3 3126 7329
7461 3 3126 7461 3218 3 1516 1506 3587 3
1516 3587 3643 3 1506 1490 3524 3 1506 3524
3587 3 3587 3524 5042 3 3587 5042 5140 3
3643 3587 5140 3 3643 5140 5213 3 3426 7689
7771 3 3426 7771 3495 3 7689 9384 9498 3
7689 9498 7771 3 7771 9498 9550 3 7771 9550
7801 3 3495 7771 7801 3 3495 7801 3510 3
1977 5659 5605 3 1977 5605 1955 3 5659 7280
7229 3 5659 7229 5605 3 5605 7229 7080 3
5605 7080 5488 3 1955 5605 5488 3 1955 5488
1907 3 1457 1428 3191 3 1457 3191 3320 3
1428 1421 3140 3 1428 3140 3191 3 3191 3140
4495 3 3191 4495 4559 3 3320 3191 4559 3
3320 4559 4760 3 2816 6883 7090 3 2816 7090
2922 3 6883 8470 8660 3 6883 8660 7090 3
7090 8660 8824 3 7090 8824 7227 3 2922 7090
7227 3 2922 7227 3024 3 1421 1448 3290 3
1421 3290 3140 3 1448 1488 3533 3 1448 3533
3290 3 3290 3533 5080 3 3290 5080 4715 3
3140 3290 4715 3 3140 4715 4495 3 1555 1549
3664 3 1555 3664 3721 3 1549 1543 3688 3
1549 3688 3664 3 3664 3688 5012 3 3664 5012
4307 3 3721 3664 4307 3 3721 4307 5060 3
1591 3985 3757 3 1591 3757 1539 3 3985 5679
5407 3 3985 5407 3757 3 3757 5407 5080 3
3757 5080 3533 3 1539 3757 3533 3 1539 3533
1488 3 2334 6288 6611 3 2334 6611 2576 3
6288 7892 8238 3 6288 8238 6611 3 6611 8238
8470 3 6611 8470 6883 3 2576 6611 6883 3
2576 6883 2816 3 1931 5375 5900 3 1931 5900
2148 3 5375 6880 7483 3 5375 7483 5900 3
5900 7483 7892 3 5900 7892 6288 3 2148 5900
6288 3 2148 6288 2334 3 1490 1478 3434 3
1490 3434 3524 3 1478 1457 3320 3 1478 3320
3434 3 3434 3320 4760 3 3434 4760 4901 3
3524 3434 4901 3 3524 4901 5042 3 1673 4463
4233 3 1673 4233 1626 3 4463 6128 5918 3
4463 5918 4233 3 4233 5918 5679 3 4233 5679
3985 3 1626 4233 3985 3 1626 3985 1591 3
1730 4848 4688 3 1730 4688 1707 3 4848 6439
6298 3 4848 6298 4688 3 4688 6298 6128 3
4688 6128 4463 3 1707 4688 4463 3 1707 4463
1673 3 3218 7461 7591 3 3218 7591 3328 3
7461 9092 9267 3 7461 9267 7591 3 7591 9267
9384 3 7591 9384 7689 3 3328 7591 7689 3
3328 7689 3426 3 1808 5164 4998 3 1808 4998
1763 3 5164 6722 6566 3 5164 6566 4998 3
4998 6566 6439 3 4998 6439 4848 3 1763 4998
4848 3 1763 4848 1730 3 1543 1528 3685 3
1543 3685 3688 3 1528 1516 3643 3 1528 3643
3685 3 3685 3643 5213 3 3685 5213 5261 3
3688 3685 5261 3 3688 5261 5012 3 5922 5611
7572 3 5922 7572 7613 3 5611 5904 7587 3
5611 7587 7572 3 7572 7587 9926 3 7572 9926
9959 3 7613 7572 9959 3 7613 9959 9967 3
9909 7492 7541 3 9909 7541 9947 3 7492 5060
5498 3 7492 5498 7541 3 7541 5498 5922 3
7541 5922 7613 3 9947 7541 7613 3 9947 7613
9967 3 5060 4307 4605 3 5060 4605 5498 3
4307 5012 5478 3 4307 5478 4605 3 4605 5478
5904 3 4605 5904 5611 3 5498 4605 5611 3
5498 5611 5922 3 550 546 1192 3 550 1192
1194 3 546 542 1188 3 546 1188 1192 3
1192 1188 1516 3 1192 1516 1528 3 1194 1192
1528 3 1194 1528 1543 3 616 1216 1214 3
616 1214 610 3 1216 1808 1763 3 1216 1763
1214 3 1214 1763 1730 3 1214 1730 1212 3
610 1214 1212 3 610 1212 614 3 671 1243
1245 3 671 1245 675 3 1243 3218 3328 3
1243 3328 1245 3 1245 3328 3426 3 1245 3426
1247 3 675 1245 1247 3 675 1247 677 3
614 1212 1210 3 614 1210 618 3 1212 1730
1707 3 1212 1707 1210 3 1210 1707 1673 3
1210 1673 1208 3 618 1210 1208 3 618 1208
612 3 612 1208 1204 3 612 1204 606 3
1208 1673 1626 3 1208 1626 1204 3 1204 1626
1591 3 1204 1591 1200 3 606 1204 1200 3
606 1200 605 3 534 538 1181 3 534 1181
1185 3 538 544 1178 3 538 1178 1181 3
1181 1178 1457 3 1181 1457 1478 3 1185 1181
1478 3 1185 1478 1490 3 655 1227 1229 3
655 1229 682 3 1227 1931 2148 3 1227 2148
1229 3 1229 2148 2334 3 1229 2334 1231 3
682 1229 1231 3 682 1231 688 3 688 1231
1233 3 688 1233 685 3 1231 2334 2576 3
1231 2576 1233 3 1233 2576 2816 3 1233 2816
1235 3 685 1233 1235 3 685 1235 673 3
605 1200 1191 3 605 1191 603 3 1200 1591
1539 3 1200 1539 1191 3 1191 1539 1488 3
1191 1488 1182 3 603 1191 1182 3 603 1182
594 3 560 554 1196 3 560 1196 1198 3
554 550 1194 3 554 1194 1196 3 1196 1194
1543 3 1196 1543 1549 3 1198 1196 1549 3
1198 1549 1555 3 564 580 1176 3 564 1176
1172 3 580 594 1182 3 580 1182 1176 3
1176 1182 1488 3 1176 1488 1448 3 1172 1176
1448 3 1172 1448 1421 3 673 1235 1237 3
673 1237 666 3 1235 2816 2922 3 1235 2922
1237 3 1237 2922 3024 3 1237 3024 1239 3
666 1237 1239 3 666 1239 669 3 544 558
1175 3 544 1175 1178 3 558 564 1172 3
558 1172 1175 3 1175 1172 1421 3 1175 1421
1428 3 1178 1175 1428 3 1178 1428 1457 3
628 1226 1224 3 628 1224 627 3 1226 1977
1955 3 1226 1955 1224 3 1224 1955 1907 3
1224 1907 1223 3 627 1224 1223 3 627 1223
623 3 677 1247 1249 3 677 1249 679 3
1247 3426 3495 3 1247 3495 1249 3 1249 3495
3510 3 1249 3510 1251 3 679 1249 1251 3
679 1251 681 3 542 536 1186 3 542 1186
1188 3 536 534 1185 3 536 1185 1186 3
1186 1185 1490 3 1186 1490 1506 3 1188 1186
1506 3 1188 1506 1516 3 669 1239 1241 3
669 1241 667 3 1239 3024 3126 3 1239 3126
1241 3 1241 3126 3218 3 1241 3218 1243 3
667 1241 1243 3 667 1243 671 3 590 566
1203 3 590 1203 1206 3 566 560 1198 3
566 1198 1203 3 1203 1198 1555 3 1203 1555
1568 3 1206 1203 1568 3 1206 1568 1604 3
655 633 1221 3 655 1221 1227 3 633 590
1206 3 633 1206 1221 3 1221 1206 1604 3
1221 1604 1718 3 1227 1221 1718 3 1227 1718
1931 3 623 1223 1218 3 623 1218 620 3
1223 1907 1852 3 1223 1852 1218 3 1218 1852
1808 3 1218 1808 1216 3 620 1218 1216 3
620 1216 616 3 5013 7460 7420 3 5013 7420
5262 3 7460 9860 9800 3 7460 9800 7420 3
7420 9800 9703 3 7420 9703 7370 3 5262 7420
7370 3 5262 7370 5212 3 6721 6567 8871 3
6721 8871 9023 3 6567 6438 8701 3 6567 8701
8871 3 8871 8701 10905 3 8871 10905 11019 3
9023 8871 11019 3 9023 11019 11147 3 9093 9266
11318 3 9093 11318 11184 3 9266 9383 11441 3
9266 11441 11318 3 11318 11441 12262 3 11318 12262
12218 3 11184 11318 12218 3 11184 12218 12184 3
6438 6299 8537 3 6438 8537 8701 3 6299 6129
8349 3 6299 8349 8537 3 8537 8349 10645 3
8537 10645 10800 3 8701 8537 10800 3 8701 10800
10905 3 6129 5919 8106 3 6129 8106 8349 3
5919 5680 7823 3 5919 7823 8106 3 8106 7823
10201 3 8106 10201 10461 3 8349 8106 10461 3
8349 10461 10645 3 5043 7241 7120 3 5043 7120
4902 3 7241 9518 9366 3 7241 9366 7120 3
7120 9366 9201 3 7120 9201 6937 3 4902 7120
6937 3 4902 6937 4759 3 6881 7484 9775 3
6881 9775 9073 3 7484 7893 10233 3 7484 10233
9775 3 9775 10233 11850 3 9775 11850 11538 3
9073 9775 11538 3 9073 11538 10987 3 7893 8239
10534 3 7893 10534 10233 3 8239 8471 10729 3
8239 10729 10534 3 10534 10729 12021 3 10534 12021
11952 3 10233 10534 11952 3 10233 11952 11850 3
5680 5408 7559 3 5680 7559 7823 3 5408 5081
7271 3 5408 7271 7559 3 7559 7271 9485 3
7559 9485 9894 3 7823 7559 9894 3 7823 9894
10201 3 12225 12086 12066 3 12225 12066 12203 3
12086 11637 11577 3 12086 11577 12066 3 12066 11577
11435 3 12066 11435 12037 3 12203 12066 12037 3
12203 12037 12177 3 12464 12427 12468 3 12464 12468
12493 3 12427 12184 12218 3 12427 12218 12468 3
12468 12218 12262 3 12468 12262 12491 3 12493 12468
12491 3 12493 12491 12512 3 12096 11941 11901 3
12096 11901 12050 3 11941 11147 11019 3 11941 11019
11901 3 11901 11019 10905 3 11901 10905 11866 3
12050 11901 11866 3 12050 11866 12008 3 12291 12255
12310 3 12291 12310 12349 3 12255 12021 12075 3
12255 12075 12310 3 12310 12075 12104 3 12310 12104
12351 3 12349 12310 12351 3 12349 12351 12394 3
12116 12088 12186 3 12116 12186 12215 3 12088 11850
11952 3 12088 11952 12186 3 12186 11952 12021 3
12186 12021 12255 3 12215 12186 12255 3 12215 12255
12291 3 11757 11199 10931 3 11757 10931 11402 3
11199 10201 9894 3 11199 9894 10931 3 10931 9894
9485 3 10931 9485 10637 3 11402 10931 10637 3
11402 10637 11017 3 11933 11874 11732 3 11933 11732
11817 3 11874 11757 11402 3 11874 11402 11732 3
11732 11402 11017 3 11732 11017 11244 3 11817 11732
11244 3 11817 11244 11417 3 10201 11199 11466 3
10201 11466 10461 3 11199 11757 11858 3 11199 11858
11466 3 11466 11858 11915 3 11466 11915 11741 3
10461 11466 11741 3 10461 11741 10645 3 10645 11741
11809 3 10645 11809 10800 3 11741 11915 11972 3
11741 11972 11809 3 11809 11972 12008 3 11809 12008
11866 3 10800 11809 11866 3 10800 11866 10905 3
12259 12190 12146 3 12259 12146 12212 3 12190 12096
12050 3 12190 12050 12146 3 12146 12050 12008 3
12146 12008 12101 3 12212 12146 12101 3 12212 12101
12182 3 11147 11941 11987 3 11147 11987 11290 3
11941 12096 12129 3 11941 12129 11987 3 11987 12129
12177 3 11987 12177 12037 3 11290 11987 12037 3
11290 12037 11435 3 12386 12313 12298 3 12386 12298
12373 3 12313 12225 12203 3 12313 12203 12298 3
12298 12203 12177 3 12298 12177 12270 3 12373 12298
12270 3 12373 12270 12343 3 8333 8877 10181 3
8333 10181 9001 3 8877 9201 10527 3 8877 10527
10181 3 10181 10527 11017 3 10181 11017 10637 3
9001 10181 10637 3 9001 10637 9485 3 12292 12511
12505 3 12292 12505 12287 3 12511 12531 12523 3
12511 12523 12505 3 12505 12523 12512 3 12505 12512
12491 3 12287 12505 12491 3 12287 12491 12262 3
12184 12427 12390 3 12184 12390 12143 3 12427 12464
12428 3 12427 12428 12390 3 12390 12428 12394 3
12390 12394 12351 3 12143 12390 12351 3 12143 12351
12104 3 11850 12088 11956 3 11850 11956 11538 3
12088 12116 11989 3 12088 11989 11956 3 11956 11989
11815 3 11956 11815 11769 3 11538 11956 11769 3
11538 11769 10987 3 12498 12515 12526 3 12498 12526
12517 3 12515 12522 12536 3 12515 12536 12526 3
12526 12536 12540 3 12526 12540 12532 3 12517 12526
12532 3 12517 12532 12518 3 9860 9901 11127 3
9860 11127 11073 3 9901 9925 11169 3 9901 11169
11127 3 11127 11169 11843 3 11127 11843 11819 3
11073 11127 11819 3 11073 11819 11791 3 12096 12190
12227 3 12096 12227 12129 3 12190 12259 12304 3
12190 12304 12227 3 12227 12304 12343 3 12227 12343
12270 3 12129 12227 12270 3 12129 12270 12177 3
11915 12014 12062 3 11915 12062 11972 3 12014 12091
12136 3 12014 12136 12062 3 12062 12136 12182 3
12062 12182 12101 3 11972 12062 12101 3 11972 12101
12008 3 11757 11874 11954 3 11757 11954 11858 3
11874 11933 12022 3 11874 12022 11954 3 11954 12022
12091 3 11954 12091 12014 3 11858 11954 12014 3
11858 12014 11915 3 12487 12449 12440 3 12487 12440
12481 3 12449 12386 12373 3 12449 12373 12440 3
12440 12373 12343 3 12440 12343 12410 3 12481 12440
12410 3 12481 12410 12466 3 12388 12333 12285 3
12388 12285 12339 3 12333 12259 12212 3 12333 12212
12285 3 12285 12212 12182 3 12285 12182 12243 3
12339 12285 12243 3 12339 12243 12300 3 12047 11995
11883 3 12047 11883 11913 3 11995 11933 11817 3
11995 11817 11883 3 11883 11817 11417 3 11883 11417
11562 3 11913 11883 11562 3 11913 11562 11678 3
9201 9366 10685 3 9201 10685 10527 3 9366 9518
10803 3 9366 10803 10685 3 10685 10803 11417 3
10685 11417 11244 3 10527 10685 11244 3 10527 11244
11017 3 12100 12077 11948 3 12100 11948 11977 3
12077 12047 11913 3 12077 11913 11948 3 11948 11913
11678 3 11948 11678 11767 3 11977 11948 11767 3
11977 11767 11791 3 12446 12423 12379 3 12446 12379
12403 3 12423 12388 12339 3 12423 12339 12379 3
12379 12339 12300 3 12379 12300 12335 3 12403 12379
12335 3 12403 12335 12367 3 12518 12506 12501 3
12518 12501 12517 3 12506 12487 12481 3 12506 12481
12501 3 12501 12481 12466 3 12501 12466 12488 3
12517 12501 12488 3 12517 12488 12498 3 12259 12333
12375 3 12259 12375 12304 3 12333 12388 12430 3
12333 12430 12375 3 12375 12430 12466 3 12375 12466
12410 3 12304 12375 12410 3 12304 12410 12343 3
12091 12155 12200 3 12091 12200 12136 3 12155 12206
12263 3 12155 12263 12200 3 12200 12263 12300 3
12200 12300 12243 3 12136 12200 12243 3 12136 12243
12182 3 11933 11995 12090 3 11933 12090 12022 3
11995 12047 12140 3 11995 12140 12090 3 12090 12140
12206 3 12090 12206 12155 3 12022 12090 12155 3
12022 12155 12091 3 9518 9632 10884 3 9518 10884
10803 3 9632 9703 10943 3 9632 10943 10884 3
10884 10943 11678 3 10884 11678 11562 3 10803 10884
11562 3 10803 11562 11417 3 12512 12520 12497 3
12512 12497 12493 3 12520 12527 12508 3 12520 12508
12497 3 12497 12508 12484 3 12497 12484 12476 3
12493 12497 12476 3 12493 12476 12464 3 10987 11769
11003 3 10987 11003 10382 3 11769 11815 11125 3
11769 11125 11003 3 11003 11125 9910 3 11003 9910
9831 3 10382 11003 9831 3 10382 9831 9479 3
50 53 622 3 50 622 626 3 49 50
626 3 49 626 628 3 55 59 617 3
55 617 621 3 53 55 621 3 53 621
622 3 61 63 615 3 61 615 611 3
59 61 611 3 59 611 617 3 65 69
613 3 65 613 619 3 63 65 619 3
63 619 615 3 71 73 604 3 71 604
607 3 69 71 607 3 69 607 613 3
77 79 595 3 77 595 602 3 73 77
602 3 73 602 604 3 67 565 581 3
67 581 75 3 75 581 595 3 75 595
79 3 48 545 559 3 48 559 57 3
57 559 565 3 57 565 67 3 36 535
539 3 36 539 42 3 42 539 545 3
42 545 48 3 28 543 537 3 28 537
32 3 32 537 535 3 32 535 36 3
24 551 547 3 24 547 26 3 26 547
543 3 26 543 28 3 38 591 567 3
38 567 30 3 30 567 561 3 30 561
22 3 46 656 634 3 46 634 44 3
44 634 591 3 44 591 38 3 40 33
689 3 40 689 683 3 46 40 683 3
46 683 656 3 17 16 674 3 17 674
684 3 33 17 684 3 33 684 689 3
13 12 670 3 13 670 665 3 16 13
665 3 16 665 674 3 9 8 672 3
9 672 668 3 12 9 668 3 12 668
670 3 6 3 678 3 6 678 676 3
8 6 676 3 8 676 672 3 2 0
681 3 2 681 680 3 3 2 680 3
3 680 678 3 22 561 555 3 22 555
20 3 20 555 551 3 20 551 24 3
9703 9800 11007 3 9703 11007 10943 3 9800 9860
11073 3 9800 11073 11007 3 11007 11073 11791 3
11007 11791 11767 3 10943 11007 11767 3 10943 11767
11678 3 11815 11835 11155 3 11815 11155 11125 3
11835 11855 11189 3 11835 11189 11155 3 11155 11189
9968 3 11155 9968 9948 3 11125 11155 9948 3
11125 9948 9910 3 12394 12401 12364 3 12394 12364
12349 3 12401 12416 12377 3 12401 12377 12364 3
12364 12377 12325 3 12364 12325 12312 3 12349 12364
12312 3 12349 12312 12291 3 12100 12124 12224 3
12100 12224 12196 3 12124 12147 12241 3 12124 12241
12224 3 12224 12241 12319 3 12224 12319 12294 3
12196 12224 12294 3 12196 12294 12275 3 12388 12423
12462 3 12388 12462 12430 3 12423 12446 12480 3
12423 12480 12462 3 12462 12480 12498 3 12462 12498
12488 3 12430 12462 12488 3 12430 12488 12466 3
12206 12245 12296 3 12206 12296 12263 3 12245 12275
12327 3 12245 12327 12296 3 12296 12327 12367 3
12296 12367 12335 3 12263 12296 12335 3 12263 12335
12300 3 12047 12077 12174 3 12047 12174 12140 3
12077 12100 12196 3 12077 12196 12174 3 12174 12196
12275 3 12174 12275 12245 3 12140 12174 12245 3
12140 12245 12206 3 12147 12152 12249 3 12147 12249
12241 3 12152 12150 12246 3 12152 12246 12249 3
12249 12246 12325 3 12249 12325 12329 3 12241 12249
12329 3 12241 12329 12319 3 12319 12329 12381 3
12319 12381 12369 3 12329 12325 12377 3 12329 12377
12381 3 12381 12377 12416 3 12381 12416 12421 3
12369 12381 12421 3 12369 12421 12408 3 12478 12486
12509 3 12478 12509 12503 3 12486 12484 12508 3
12486 12508 12509 3 12509 12508 12527 3 12509 12527
12529 3 12503 12509 12529 3 12503 12529 12522 3
9925 9960 11193 3 9925 11193 11169 3 9960 9968
11189 3 9960 11189 11193 3 11193 11189 11855 3
11193 11855 11862 3 11169 11193 11862 3 11169 11862
11843 3 12543 12544 12542 3 12543 12542 12539 3
12544 12540 12536 3 12544 12536 12542 3 12542 12536
12522 3 12542 12522 12529 3 12539 12542 12529 3
12539 12529 12527 3 12484 12486 12457 3 12484 12457
12451 3 12486 12478 12448 3 12486 12448 12457 3
12457 12448 12408 3 12457 12408 12421 3 12451 12457
12421 3 12451 12421 12416 3 12150 12152 12035 3
12150 12035 12025 3 12152 12147 12017 3 12152 12017
12035 3 12035 12017 11843 3 12035 11843 11862 3
12025 12035 11862 3 12025 11862 11855 3 12367 12395
12432 3 12367 12432 12403 3 12395 12408 12448 3
12395 12448 12432 3 12432 12448 12478 3 12432 12478
12471 3 12403 12432 12471 3 12403 12471 12446 3
12531 12537 12534 3 12531 12534 12523 3 12537 12543
12539 3 12537 12539 12534 3 12534 12539 12527 3
12534 12527 12520 3 12523 12534 12520 3 12523 12520
12512 3 11791 11819 11997 3 11791 11997 11977 3
11819 11843 12017 3 11819 12017 11997 3 11997 12017
12147 3 11997 12147 12124 3 11977 11997 12124 3
11977 12124 12100 3 12464 12476 12442 3 12464 12442
12428 3 12476 12484 12451 3 12476 12451 12442 3
12442 12451 12416 3 12442 12416 12401 3 12428 12442
12401 3 12428 12401 12394 3 12446 12471 12495 3
12446 12495 12480 3 12471 12478 12503 3 12471 12503
12495 3 12495 12503 12522 3 12495 12522 12515 3
12480 12495 12515 3 12480 12515 12498 3 12116 12134
12001 3 12116 12001 11989 3 12134 12150 12025 3
12134 12025 12001 3 12001 12025 11855 3 12001 11855
11835 3 11989 12001 11835 3 11989 11835 11815 3
12275 12294 12353 3 12275 12353 12327 3 12294 12319
12369 3 12294 12369 12353 3 12353 12369 12408 3
12353 12408 12395 3 12327 12353 12395 3 12327 12395
12367 3 12291 12312 12234 3 12291 12234 12215 3
12312 12325 12246 3 12312 12246 12234 3 12234 12246
12150 3 12234 12150 12134 3 12215 12234 12134 3
12215 12134 12116 3 5013 5479 7506 3 5013 7506
7460 3 5479 5905 7588 3 5479 7588 7506 3
7506 7588 9925 3 7506 9925 9901 3 7460 7506
9901 3 7460 9901 9860 3 4496 6629 6889 3
4496 6889 4716 3 6629 8333 9001 3 6629 9001
6889 3 6889 9001 9485 3 6889 9485 7271 3
4716 6889 7271 3 4716 7271 5081 3 8471 8661
10865 3 8471 10865 10729 3 8661 8825 10961 3
8661 10961 10865 3 10865 10961 12104 3 10865 12104
12075 3 10729 10865 12075 3 10729 12075 12021 3
4759 6937 6741 3 4759 6741 4560 3 6937 9201
8877 3 6937 8877 6741 3 6741 8877 8333 3
6741 8333 6629 3 4560 6741 6629 3 4560 6629
4496 3 7280 7230 9546 3 7280 9546 9617 3
7230 7081 9360 3 7230 9360 9546 3 9546 9360
11435 3 9546 11435 11577 3 9617 9546 11577 3
9617 11577 11637 3 9383 9499 11531 3 9383 11531
11441 3 9499 9550 11563 3 9499 11563 11531 3
11531 11563 12292 3 11531 12292 12287 3 11441 11531
12287 3 11441 12287 12262 3 5212 7370 7310 3
5212 7310 5141 3 7370 9703 9632 3 7370 9632
7310 3 7310 9632 9518 3 7310 9518 7241 3
5141 7310 7241 3 5141 7241 5043 3 8825 8950
11068 3 8825 11068 10961 3 8950 9093 11184 3
8950 11184 11068 3 11068 11184 12184 3 11068 12184
12143 3 10961 11068 12143 3 10961 12143 12104 3
5667 7691 7522 3 5667 7522 5399 3 7691 9479
9831 3 7691 9831 7522 3 7522 9831 9910 3
7522 9910 7491 3 5399 7522 7491 3 5399 7491
5061 3 6881 9073 8300 3 6881 8300 6165 3
9073 10987 10382 3 9073 10382 8300 3 8300 10382
9479 3 8300 9479 7691 3 6165 8300 7691 3
6165 7691 5667 3 7081 6891 9207 3 7081 9207
9360 3 6891 6721 9023 3 6891 9023 9207 3
9207 9023 11147 3 9207 11147 11290 3 9360 9207
11290 3 9360 11290 11435 3 1908 1853 5329 3
1908 5329 5489 3 1853 1809 5165 3 1853 5165
5329 3 5329 5165 6721 3 5329 6721 6891 3
5489 5329 6891 3 5489 6891 7081 3 1932 5376
4604 3 1932 4604 1719 3 5376 6881 6165 3
5376 6165 4604 3 4604 6165 5667 3 4604 5667
4017 3 1719 4604 4017 3 1719 4017 1605 3
1605 4017 3792 3 1605 3792 1569 3 4017 5667
5399 3 4017 5399 3792 3 3792 5399 5061 3
3792 5061 3722 3 1569 3792 3722 3 1569 3722
1554 3 3025 3127 7330 3 3025 7330 7228 3
3127 3219 7462 3 3127 7462 7330 3 7330 7462
9093 3 7330 9093 8950 3 7228 7330 8950 3
7228 8950 8825 3 1517 3644 3588 3 1517 3588
1507 3 3644 5212 5141 3 3644 5141 3588 3
3588 5141 5043 3 3588 5043 3523 3 1507 3588
3523 3 1507 3523 1491 3 3427 3494 7772 3
3427 7772 7690 3 3494 3510 7801 3 3494 7801
7772 3 7772 7801 9550 3 7772 9550 9499 3
7690 7772 9499 3 7690 9499 9383 3 1977 1956
5606 3 1977 5606 5659 3 1956 1908 5489 3
1956 5489 5606 3 5606 5489 7081 3 5606 7081
7230 3 5659 5606 7230 3 5659 7230 7280 3
1456 3321 3190 3 1456 3190 1429 3 3321 4759
4560 3 3321 4560 3190 3 3190 4560 4496 3
3190 4496 3141 3 1429 3190 3141 3 1429 3141
1420 3 2817 2923 7091 3 2817 7091 6882 3
2923 3025 7228 3 2923 7228 7091 3 7091 7228
8825 3 7091 8825 8661 3 6882 7091 8661 3
6882 8661 8471 3 1420 3141 3291 3 1420 3291
1449 3 3141 4496 4716 3 3141 4716 3291 3
3291 4716 5081 3 3291 5081 3534 3 1449 3291
3534 3 1449 3534 1489 3 1554 3722 3663 3
1554 3663 1548 3 3722 5061 4308 3 3722 4308
3663 3 3663 4308 5013 3 3663 5013 3689 3
1548 3663 3689 3 1548 3689 1542 3 1590 1538
3758 3 1590 3758 3986 3 1538 1489 3534 3
1538 3534 3758 3 3758 3534 5081 3 3758 5081
5408 3 3986 3758 5408 3 3986 5408 5680 3
2335 2577 6610 3 2335 6610 6289 3 2577 2817
6882 3 2577 6882 6610 3 6610 6882 8471 3
6610 8471 8239 3 6289 6610 8239 3 6289 8239
7893 3 1932 2149 5901 3 1932 5901 5376 3
2149 2335 6289 3 2149 6289 5901 3 5901 6289
7893 3 5901 7893 7484 3 5376 5901 7484 3
5376 7484 6881 3 1491 3523 3435 3 1491 3435
1479 3 3523 5043 4902 3 3523 4902 3435 3
3435 4902 4759 3 3435 4759 3321 3 1479 3435
3321 3 1479 3321 1456 3 1672 1627 4234 3
1672 4234 4464 3 1627 1590 3986 3 1627 3986
4234 3 4234 3986 5680 3 4234 5680 5919 3
4464 4234 5919 3 4464 5919 6129 3 1731 1706
4687 3 1731 4687 4849 3 1706 1672 4464 3
1706 4464 4687 3 4687 4464 6129 3 4687 6129
6299 3 4849 4687 6299 3 4849 6299 6438 3
3219 3329 7592 3 3219 7592 7462 3 3329 3427
7690 3 3329 7690 7592 3 7592 7690 9383 3
7592 9383 9266 3 7462 7592 9266 3 7462 9266
9093 3 1809 1762 4999 3 1809 4999 5165 3
1762 1731 4849 3 1762 4849 4999 3 4999 4849
6438 3 4999 6438 6567 3 5165 4999 6567 3
5165 6567 6721 3 1542 3689 3686 3 1542 3686
1529 3 3689 5013 5262 3 3689 5262 3686 3
3686 5262 5212 3 3686 5212 3644 3 1529 3686
3644 3 1529 3644 1517 3 5923 7614 7573 3
5923 7573 5612 3 7614 9968 9960 3 7614 9960
7573 3 7573 9960 9925 3 7573 9925 7588 3
5612 7573 7588 3 5612 7588 5905 3 9910 9948
7540 3 9910 7540 7491 3 9948 9968 7614 3
9948 7614 7540 3 7540 7614 5923 3 7540 5923
5497 3 7491 7540 5497 3 7491 5497 5061 3
5061 5497 4606 3 5061 4606 4308 3 5497 5923
5612 3 5497 5612 4606 3 4606 5612 5905 3
4606 5905 5479 3 4308 4606 5479 3 4308 5479
5013 3 551 1195 1193 3 551 1193 547 3
1195 1542 1529 3 1195 1529 1193 3 1193 1529
1517 3 1193 1517 1189 3 547 1193 1189 3
547 1189 543 3 617 611 1215 3 617 1215
1217 3 611 615 1213 3 611 1213 1215 3
1215 1213 1731 3 1215 1731 1762 3 1217 1215
1762 3 1217 1762 1809 3 672 676 1246 3
672 1246 1244 3 676 678 1248 3 676 1248
1246 3 1246 1248 3427 3 1246 3427 3329 3
1244 1246 3329 3 1244 3329 3219 3 615 619
1211 3 615 1211 1213 3 619 613 1209 3
619 1209 1211 3 1211 1209 1672 3 1211 1672
1706 3 1213 1211 1706 3 1213 1706 1731 3
613 607 1205 3 613 1205 1209 3 607 604
1201 3 607 1201 1205 3 1205 1201 1590 3
1205 1590 1627 3 1209 1205 1627 3 1209 1627
1672 3 535 1184 1180 3 535 1180 539 3
1184 1491 1479 3 1184 1479 1180 3 1180 1479
1456 3 1180 1456 1179 3 539 1180 1179 3
539 1179 545 3 656 683 1230 3 656 1230
1228 3 683 689 1232 3 683 1232 1230 3
1230 1232 2335 3 1230 2335 2149 3 1228 1230
2149 3 1228 2149 1932 3 689 684 1234 3
689 1234 1232 3 684 674 1236 3 684 1236
1234 3 1234 1236 2817 3 1234 2817 2577 3
1232 1234 2577 3 1232 2577 2335 3 604 602
1190 3 604 1190 1201 3 602 595 1183 3
602 1183 1190 3 1190 1183 1489 3 1190 1489
1538 3 1201 1190 1538 3 1201 1538 1590 3
561 1199 1197 3 561 1197 555 3 1199 1554
1548 3 1199 1548 1197 3 1197 1548 1542 3
1197 1542 1195 3 555 1197 1195 3 555 1195
551 3 565 1173 1177 3 565 1177 581 3
1173 1420 1449 3 1173 1449 1177 3 1177 1449
1489 3 1177 1489 1183 3 581 1177 1183 3
581 1183 595 3 674 665 1238 3 674 1238
1236 3 665 670 1240 3 665 1240 1238 3
1238 1240 3025 3 1238 3025 2923 3 1236 1238
2923 3 1236 2923 2817 3 545 1179 1174 3
545 1174 559 3 1179 1456 1429 3 1179 1429
1174 3 1174 1429 1420 3 1174 1420 1173 3
559 1174 1173 3 559 1173 565 3 628 626
1225 3 628 1225 1226 3 626 622 1222 3
626 1222 1225 3 1225 1222 1908 3 1225 1908
1956 3 1226 1225 1956 3 1226 1956 1977 3
678 680 1250 3 678 1250 1248 3 680 681
1251 3 680 1251 1250 3 1250 1251 3510 3
1250 3510 3494 3 1248 1250 3494 3 1248 3494
3427 3 543 1189 1187 3 543 1187 537 3
1189 1517 1507 3 1189 1507 1187 3 1187 1507
1491 3 1187 1491 1184 3 537 1187 1184 3
537 1184 535 3 670 668 1242 3 670 1242
1240 3 668 672 1244 3 668 1244 1242 3
1242 1244 3219 3 1242 3219 3127 3 1240 1242
3127 3 1240 3127 3025 3 591 1207 1202 3
591 1202 567 3 1207 1605 1569 3 1207 1569
1202 3 1202 1569 1554 3 1202 1554 1199 3
567 1202 1199 3 567 1199 561 3 656 1228
1220 3 656 1220 634 3 1228 1932 1719 3
1228 1719 1220 3 1220 1719 1605 3 1220 1605
1207 3 634 1220 1207 3 634 1207 591 3
622 621 1219 3 622 1219 1222 3 621 617
1217 3 621 1217 1219 3 1219 1217 1809 3
1219 1809 1853 3 1222 1219 1853 3 1222 1853
1908 3 13 22 12 3 30 22 13 3
16 30 13 3 43 45 39 3 17 30
16 3 21 11 10 3 17 33 38 3
22 20 9 3 2 53 50 3 0 2
50 3 7 19 10 3 7 5 27 3
22 9 12 3 39 34 37 3 23 19
7 3 35 52 54 3 63 61 42 3
21 14 11 3 3 6 32 3 46 44
40 3 18 15 29 3 3 32 53 3
5 4 31 3 44 38 40 3 34 18
37 3 30 17 38 3 43 39 37 3
0 49 51 3 37 18 29 3 33 40
38 3 15 14 29 3 1 0 51 3
20 24 8 3 42 61 59 3 35 54
58 3 53 32 36 3 56 47 64 3
23 7 25 3 25 7 27 3 55 53
36 3 27 5 31 3 6 28 32 3
4 52 31 3 71 69 57 3 59 55
36 3 48 63 42 3 8 24 26 3
57 65 48 3 0 50 49 3 67 71
57 3 14 21 29 3 75 71 67 3
56 70 66 3 79 73 75 3 66 70
74 3 73 71 75 3 78 74 72 3
47 62 64 3 76 78 72 3 41 35
58 3 41 58 60 3 6 8 28 3
8 26 28 3 4 1 52 3 19 21
10 3 70 72 74 3 79 77 73 3
41 60 62 3 2 3 53 3 1 51
52 3 20 8 9 3 65 63 48 3
36 42 59 3 47 41 62 3 70 56
68 3 57 69 65 3 68 56 64 3
52 35 31 3 484 492 454 3 484 454
448 3 492 498 460 3 492 460 454 3
454 460 418 3 454 418 410 3 448 454
410 3 448 410 404 3 314 312 288 3
314 288 292 3 312 306 286 3 312 286
288 3 288 286 268 3 288 268 266 3
292 288 266 3 292 266 270 3 826 834
878 3 826 878 868 3 834 844 888 3
834 888 878 3 878 888 928 3 878 928
916 3 868 878 916 3 868 916 910 3
1108 1136 1150 3 1108 1150 1122 3 1136 1142
1152 3 1136 1152 1150 3 1150 1152 1162 3
1150 1162 1160 3 1122 1150 1160 3 1122 1160
1132 3 792 820 860 3 792 860 832 3
820 826 868 3 820 868 860 3 860 868
910 3 860 910 902 3 832 860 902 3
832 902 870 3 726 718 750 3 726 750
762 3 718 710 742 3 718 742 750 3
750 742 772 3 750 772 776 3 762 750
776 3 762 776 794 3 516 506 556 3
516 556 576 3 506 498 540 3 506 540
556 3 556 540 596 3 556 596 608 3
576 556 608 3 576 608 641 3 631 663
716 3 631 716 690 3 663 686 720 3
663 720 716 3 716 720 752 3 716 752
748 3 690 716 748 3 690 748 722 3
686 692 724 3 686 724 720 3 692 704
736 3 692 736 724 3 724 736 770 3
724 770 758 3 720 724 758 3 720 758
752 3 698 706 649 3 698 649 639 3
706 710 653 3 706 653 649 3 649 653
596 3 649 596 584 3 639 649 584 3
639 584 574 3 220 214 250 3 220 250
256 3 214 222 262 3 214 262 250 3
250 262 270 3 250 270 266 3 256 250
266 3 256 266 268 3 128 110 96 3
128 96 116 3 110 108 92 3 110 92
96 3 96 92 84 3 96 84 86 3
116 96 86 3 116 86 104 3 260 308
282 3 260 282 238 3 308 314 292 3
308 292 282 3 282 292 270 3 282 270
262 3 238 282 262 3 238 262 222 3
108 112 94 3 108 94 92 3 112 114
98 3 112 98 94 3 94 98 88 3
94 88 82 3 92 94 82 3 92 82
84 3 1040 1046 1028 3 1040 1028 1014 3
1046 1044 1022 3 1046 1022 1028 3 1028 1022
1010 3 1028 1010 1012 3 1014 1028 1012 3
1014 1012 1006 3 1018 984 1004 3 1018 1004
1036 3 984 978 998 3 984 998 1004 3
1004 998 1010 3 1004 1010 1022 3 1036 1004
1022 3 1036 1022 1044 3 1142 1146 1156 3
1142 1156 1152 3 1146 1148 1158 3 1146 1158
1156 3 1156 1158 1168 3 1156 1168 1170 3
1152 1156 1170 3 1152 1170 1162 3 978 972
994 3 978 994 998 3 972 964 990 3
972 990 994 3 994 990 1006 3 994 1006
1012 3 998 994 1012 3 998 1012 1010 3
824 818 846 3 824 846 852 3 818 812
838 3 818 838 846 3 846 838 862 3
846 862 872 3 852 846 872 3 852 872
880 3 996 1008 1050 3 996 1050 1042 3
1008 1024 1056 3 1008 1056 1050 3 1050 1056
1078 3 1050 1078 1070 3 1042 1050 1070 3
1042 1070 1066 3 850 830 856 3 850 856
874 3 830 824 852 3 830 852 856 3
856 852 880 3 856 880 882 3 874 856
882 3 874 882 900 3 940 986 1034 3
940 1034 982 3 986 996 1042 3 986 1042
1034 3 1034 1042 1066 3 1034 1066 1064 3
982 1034 1064 3 982 1064 1032 3 880 872
898 3 880 898 906 3 872 862 890 3
872 890 898 3 898 890 918 3 898 918
924 3 906 898 924 3 906 924 934 3
1066 1070 1096 3 1066 1096 1092 3 1070 1078
1102 3 1070 1102 1096 3 1096 1102 1118 3
1096 1118 1112 3 1092 1096 1112 3 1092 1112
1110 3 900 882 912 3 900 912 932 3
882 880 906 3 882 906 912 3 912 906
934 3 912 934 938 3 932 912 938 3
932 938 962 3 1032 1064 1087 3 1032 1087
1060 3 1064 1066 1092 3 1064 1092 1087 3
1087 1092 1110 3 1087 1110 1104 3 1060 1087
1104 3 1060 1104 1082 3 296 310 254 3
296 254 244 3 310 320 264 3 310 264
254 3 254 264 228 3 254 228 224 3
244 254 224 3 244 224 216 3 476 500
472 3 476 472 440 3 500 502 474 3
500 474 472 3 472 474 450 3 472 450
442 3 440 472 442 3 440 442 412 3
328 298 246 3 328 246 280 3 298 296
244 3 298 244 246 3 246 244 216 3
246 216 218 3 280 246 218 3 280 218
240 3 502 494 468 3 502 468 474 3
494 490 464 3 494 464 468 3 468 464
436 3 468 436 438 3 474 468 438 3
474 438 450 3 174 180 162 3 174 162
156 3 180 184 166 3 180 166 162 3
162 166 144 3 162 144 140 3 156 162
140 3 156 140 136 3 364 402 382 3
364 382 340 3 402 406 384 3 402 384
382 3 382 384 362 3 382 362 356 3
340 382 356 3 340 356 318 3 196 176
158 3 196 158 178 3 176 174 156 3
176 156 158 3 158 156 136 3 158 136
138 3 178 158 138 3 178 138 160 3
406 396 380 3 406 380 384 3 396 392
376 3 396 376 380 3 380 376 354 3
380 354 358 3 384 380 358 3 384 358
362 3 760 766 738 3 760 738 730 3
766 772 742 3 766 742 738 3 738 742
710 3 738 710 706 3 730 738 706 3
730 706 698 3 641 608 661 3 641 661
696 3 608 596 653 3 608 653 661 3
661 653 710 3 661 710 718 3 696 661
718 3 696 718 726 3 722 748 782 3
722 782 754 3 748 752 788 3 748 788
782 3 782 788 826 3 782 826 820 3
754 782 820 3 754 820 792 3 752 758
796 3 752 796 788 3 758 770 806 3
758 806 796 3 796 806 844 3 796 844
834 3 788 796 834 3 788 834 826 3
568 578 637 3 568 637 629 3 578 588
647 3 578 647 637 3 637 647 704 3
637 704 692 3 629 637 692 3 629 692
686 3 520 562 624 3 520 624 570 3
562 568 629 3 562 629 624 3 624 629
686 3 624 686 663 3 570 624 663 3
570 663 631 3 444 428 466 3 444 466
480 3 428 418 460 3 428 460 466 3
466 460 498 3 466 498 506 3 480 466
506 3 480 506 516 3 574 584 526 3
574 526 518 3 584 596 540 3 584 540
526 3 526 540 498 3 526 498 492 3
518 526 492 3 518 492 484 3 588 578
524 3 588 524 530 3 578 568 514 3
578 514 524 3 524 514 490 3 524 490
494 3 530 524 494 3 530 494 502 3
422 400 346 3 422 346 374 3 400 404
350 3 400 350 346 3 346 350 296 3
346 296 298 3 374 346 298 3 374 298
328 3 552 586 528 3 552 528 508 3
586 588 530 3 586 530 528 3 528 530
502 3 528 502 500 3 508 528 500 3
508 500 476 3 404 410 360 3 404 360
350 3 410 418 368 3 410 368 360 3
360 368 320 3 360 320 310 3 350 360
310 3 350 310 296 3 450 438 420 3
450 420 426 3 438 436 416 3 438 416
420 3 420 416 392 3 420 392 396 3
426 420 396 3 426 396 406 3 240 218
194 3 240 194 210 3 218 216 192 3
218 192 194 3 194 192 174 3 194 174
176 3 210 194 176 3 210 176 196 3
412 442 424 3 412 424 386 3 442 450
426 3 442 426 424 3 424 426 406 3
424 406 402 3 386 424 402 3 386 402
364 3 216 224 200 3 216 200 192 3
224 228 202 3 224 202 200 3 200 202
184 3 200 184 180 3 192 200 180 3
192 180 174 3 136 140 126 3 136 126
122 3 140 144 130 3 140 130 126 3
126 130 114 3 126 114 112 3 122 126
112 3 122 112 108 3 318 356 332 3
318 332 290 3 356 362 338 3 356 338
332 3 332 338 314 3 332 314 308 3
290 332 308 3 290 308 260 3 160 138
124 3 160 124 142 3 138 136 122 3
138 122 124 3 124 122 108 3 124 108
110 3 142 124 110 3 142 110 128 3
362 358 334 3 362 334 338 3 358 354
330 3 358 330 334 3 334 330 306 3
334 306 312 3 338 334 312 3 338 312
314 3 870 902 942 3 870 942 908 3
902 910 952 3 902 952 942 3 942 952
996 3 942 996 986 3 908 942 986 3
908 986 940 3 794 776 808 3 794 808
822 3 776 772 798 3 776 798 808 3
808 798 824 3 808 824 830 3 822 808
830 3 822 830 850 3 910 916 958 3
910 958 952 3 916 928 976 3 916 976
958 3 958 976 1024 3 958 1024 1008 3
952 958 1008 3 952 1008 996 3 772 766
790 3 772 790 798 3 766 760 786 3
766 786 790 3 790 786 812 3 790 812
818 3 798 790 818 3 798 818 824 3
934 924 950 3 934 950 954 3 924 918
946 3 924 946 950 3 950 946 964 3
950 964 972 3 954 950 972 3 954 972
978 3 1110 1112 1128 3 1110 1128 1124 3
1112 1118 1134 3 1112 1134 1128 3 1128 1134
1148 3 1128 1148 1146 3 1124 1128 1146 3
1124 1146 1142 3 962 938 960 3 962 960
988 3 938 934 954 3 938 954 960 3
960 954 978 3 960 978 984 3 988 960
984 3 988 984 1018 3 1082 1104 1120 3
1082 1120 1100 3 1104 1110 1124 3 1104 1124
1120 3 1120 1124 1142 3 1120 1142 1136 3
1100 1120 1136 3 1100 1136 1108 3 944 1026
1048 3 944 1048 974 3 1026 1082 1100 3
1026 1100 1048 3 1048 1100 1108 3 1048 1108
1062 3 974 1048 1062 3 974 1062 1000 3
1118 1114 1130 3 1118 1130 1134 3 1114 1094
1106 3 1114 1106 1130 3 1130 1106 1116 3
1130 1116 1144 3 1134 1130 1144 3 1134 1144
1148 3 928 926 970 3 928 970 976 3
926 896 930 3 926 930 970 3 970 930
966 3 970 966 1020 3 976 970 1020 3
976 1020 1024 3 774 814 848 3 774 848
802 3 814 870 908 3 814 908 848 3
848 908 940 3 848 940 876 3 802 848
876 3 802 876 828 3 354 342 322 3
354 322 330 3 342 300 278 3 342 278
322 3 322 278 248 3 322 248 294 3
330 322 294 3 330 294 306 3 172 226
204 3 172 204 150 3 226 318 290 3
226 290 204 3 204 290 260 3 204 260
186 3 150 204 186 3 150 186 134 3
258 336 302 3 258 302 230 3 336 412
386 3 336 386 302 3 302 386 364 3
302 364 274 3 230 302 274 3 230 274
208 3 436 432 408 3 436 408 416 3
432 394 370 3 432 370 408 3 408 370
344 3 408 344 388 3 416 408 388 3
416 388 392 3 444 488 452 3 444 452
398 3 488 552 508 3 488 508 452 3
452 508 476 3 452 476 414 3 398 452
414 3 398 414 352 3 568 562 510 3
568 510 514 3 562 520 486 3 562 486
510 3 510 486 458 3 510 458 482 3
514 510 482 3 514 482 490 3 588 586
645 3 588 645 647 3 586 552 600 3
586 600 645 3 645 600 659 3 645 659
702 3 647 645 702 3 647 702 704 3
422 470 504 3 422 504 462 3 470 520
570 3 470 570 504 3 504 570 631 3
504 631 548 3 462 504 548 3 462 548
496 3 592 657 712 3 592 712 651 3
657 722 754 3 657 754 712 3 712 754
792 3 712 792 746 3 651 712 746 3
651 746 708 3 770 768 804 3 770 804
806 3 768 744 778 3 768 778 804 3
804 778 816 3 804 816 842 3 806 804
842 3 806 842 844 3 392 388 366 3
392 366 376 3 388 344 324 3 388 324
366 3 366 324 300 3 366 300 342 3
376 366 342 3 376 342 354 3 208 274
242 3 208 242 190 3 274 364 340 3
274 340 242 3 242 340 318 3 242 318
226 3 190 242 226 3 190 226 172 3
490 482 456 3 490 456 464 3 482 458
430 3 482 430 456 3 456 430 394 3
456 394 432 3 464 456 432 3 464 432
436 3 352 414 372 3 352 372 304 3
414 476 440 3 414 440 372 3 372 440
412 3 372 412 336 3 304 372 336 3
304 336 258 3 884 936 980 3 884 980
914 3 936 1032 1060 3 936 1060 980 3
980 1060 1082 3 980 1082 1026 3 914 980
1026 3 914 1026 944 3 1078 1076 1098 3
1078 1098 1102 3 1076 1052 1072 3 1076 1072
1098 3 1098 1072 1094 3 1098 1094 1114 3
1102 1098 1114 3 1102 1114 1118 3 828 876
904 3 828 904 854 3 876 940 982 3
876 982 904 3 904 982 1032 3 904 1032
936 3 854 904 936 3 854 936 884 3
1024 1020 1054 3 1024 1054 1056 3 1020 966
1016 3 1020 1016 1054 3 1054 1016 1052 3
1054 1052 1076 3 1056 1054 1076 3 1056 1076
1078 3 1148 1144 1154 3 1148 1154 1158 3
1144 1116 1126 3 1144 1126 1154 3 1154 1126
1138 3 1154 1138 1164 3 1158 1154 1164 3
1158 1164 1168 3 1162 1170 1166 3 1162 1166
1160 3 1170 1168 1164 3 1170 1164 1166 3
1166 1164 1138 3 1166 1138 1140 3 1160 1166
1140 3 1160 1140 1132 3 134 186 168 3
134 168 120 3 186 260 238 3 186 238
168 3 168 238 222 3 168 222 154 3
120 168 154 3 120 154 106 3 306 294
276 3 306 276 286 3 294 248 232 3
294 232 276 3 276 232 220 3 276 220
256 3 286 276 256 3 286 256 268 3
104 102 146 3 104 146 152 3 102 106
154 3 102 154 146 3 146 154 222 3
146 222 214 3 152 146 214 3 152 214
220 3 496 548 598 3 496 598 532 3
548 631 690 3 548 690 598 3 598 690
722 3 598 722 657 3 532 598 657 3
532 657 592 3 704 702 734 3 704 734
736 3 702 659 714 3 702 714 734 3
734 714 744 3 734 744 768 3 736 734
768 3 736 768 770 3 844 842 886 3
844 886 888 3 842 816 858 3 842 858
886 3 886 858 896 3 886 896 926 3
888 886 926 3 888 926 928 3 708 746
780 3 708 780 740 3 746 792 832 3
746 832 780 3 780 832 870 3 780 870
814 3 740 780 814 3 740 814 774 3
1000 1062 1074 3 1000 1074 1030 3 1062 1108
1122 3 1062 1122 1074 3 1074 1122 1132 3
1074 1132 1084 3 1030 1074 1084 3 1030 1084
1040 3 964 968 992 3 964 992 990 3
968 1000 1030 3 968 1030 992 3 992 1030
1040 3 992 1040 1014 3 990 992 1014 3
990 1014 1006 3 698 694 728 3 698 728
730 3 694 708 740 3 694 740 728 3
728 740 774 3 728 774 756 3 730 728
756 3 730 756 760 3 484 478 512 3
484 512 518 3 478 496 532 3 478 532
512 3 512 532 592 3 512 592 572 3
518 512 572 3 518 572 574 3 84 82
80 3 84 80 86 3 82 88 90 3
82 90 80 3 80 90 106 3 80 106
102 3 86 80 102 3 86 102 104 3
114 118 100 3 114 100 98 3 118 134
120 3 118 120 100 3 100 120 106 3
100 106 90 3 98 100 90 3 98 90
88 3 812 810 840 3 812 840 838 3
810 828 854 3 810 854 840 3 840 854
884 3 840 884 864 3 838 840 864 3
838 864 862 3 862 864 893 3 862 893
890 3 864 884 914 3 864 914 893 3
893 914 944 3 893 944 920 3 890 893
920 3 890 920 918 3 320 326 272 3
320 272 264 3 326 352 304 3 326 304
272 3 272 304 258 3 272 258 234 3
264 272 234 3 264 234 228 3 184 188
170 3 184 170 166 3 188 208 190 3
188 190 170 3 170 190 172 3 170 172
148 3 166 170 148 3 166 148 144 3
574 572 635 3 574 635 639 3 572 592
651 3 572 651 635 3 635 651 708 3
635 708 694 3 639 635 694 3 639 694
698 3 404 400 446 3 404 446 448 3
400 422 462 3 400 462 446 3 446 462
496 3 446 496 478 3 448 446 478 3
448 478 484 3 418 428 378 3 418 378
368 3 428 444 398 3 428 398 378 3
378 398 352 3 378 352 326 3 368 378
326 3 368 326 320 3 228 234 206 3
228 206 202 3 234 258 230 3 234 230
206 3 206 230 208 3 206 208 188 3
202 206 188 3 202 188 184 3 144 148
132 3 144 132 130 3 148 172 150 3
148 150 132 3 132 150 134 3 132 134
118 3 130 132 118 3 130 118 114 3
760 756 784 3 760 784 786 3 756 774
802 3 756 802 784 3 784 802 828 3
784 828 810 3 786 784 810 3 786 810
812 3 918 920 948 3 918 948 946 3
920 944 974 3 920 974 948 3 948 974
1000 3 948 1000 968 3 946 948 968 3
946 968 964 3 1094 1038 1058 3 1094 1058
1106 3 1038 962 988 3 1038 988 1058 3
1058 988 1018 3 1058 1018 1068 3 1106 1058
1068 3 1106 1068 1116 3 896 836 866 3
896 866 930 3 836 794 822 3 836 822
866 3 866 822 850 3 866 850 894 3
930 866 894 3 930 894 966 3 300 212
198 3 300 198 278 3 212 160 142 3
212 142 198 3 198 142 128 3 198 128
182 3 278 198 182 3 278 182 248 3
394 316 284 3 394 284 370 3 316 240
210 3 316 210 284 3 284 210 196 3
284 196 252 3 370 284 252 3 370 252
344 3 520 470 434 3 520 434 486 3
470 422 374 3 470 374 434 3 434 374
328 3 434 328 390 3 486 434 390 3
486 390 458 3 552 488 522 3 552 522
600 3 488 444 480 3 488 480 522 3
522 480 516 3 522 516 582 3 600 522
582 3 600 582 659 3 744 700 732 3
744 732 778 3 700 641 696 3 700 696
732 3 732 696 726 3 732 726 764 3
778 732 764 3 778 764 816 3 344 252
236 3 344 236 324 3 252 196 178 3
252 178 236 3 236 178 160 3 236 160
212 3 324 236 212 3 324 212 300 3
458 390 348 3 458 348 430 3 390 328
280 3 390 280 348 3 348 280 240 3
348 240 316 3 430 348 316 3 430 316
394 3 1052 956 1002 3 1052 1002 1072 3
956 900 932 3 956 932 1002 3 1002 932
962 3 1002 962 1038 3 1072 1002 1038 3
1072 1038 1094 3 966 894 922 3 966 922
1016 3 894 850 874 3 894 874 922 3
922 874 900 3 922 900 956 3 1016 922
956 3 1016 956 1052 3 1116 1068 1080 3
1116 1080 1126 3 1068 1018 1036 3 1068 1036
1080 3 1080 1036 1044 3 1080 1044 1088 3
1126 1080 1088 3 1126 1088 1138 3 1132 1140
1090 3 1132 1090 1084 3 1140 1138 1088 3
1140 1088 1090 3 1090 1088 1044 3 1090 1044
1046 3 1084 1090 1046 3 1084 1046 1040 3
248 182 164 3 248 164 232 3 182 128
116 3 182 116 164 3 164 116 104 3
164 104 152 3 232 164 152 3 232 152
220 3 659 582 643 3 659 643 714 3
582 516 576 3 582 576 643 3 643 576
641 3 643 641 700 3 714 643 700 3
714 700 744 3 816 764 800 3 816 800
858 3 764 726 762 3 764 762 800 3
800 762 794 3 800 794 836 3 858 800
836 3 858 836 896 3 485 449 455 3
485 455 493 3 449 405 411 3 449 411
455 3 455 411 419 3 455 419 461 3
493 455 461 3 493 461 499 3 315 293
289 3 315 289 313 3 293 271 267 3
293 267 289 3 289 267 269 3 289 269
287 3 313 289 287 3 313 287 307 3
827 869 879 3 827 879 835 3 869 911
917 3 869 917 879 3 879 917 929 3
879 929 889 3 835 879 889 3 835 889
845 3 1109 1123 1151 3 1109 1151 1137 3
1123 1133 1161 3 1123 1161 1151 3 1151 1161
1163 3 1151 1163 1153 3 1137 1151 1153 3
1137 1153 1143 3 793 833 861 3 793 861
821 3 833 871 903 3 833 903 861 3
861 903 911 3 861 911 869 3 821 861
869 3 821 869 827 3 727 763 751 3
727 751 719 3 763 795 777 3 763 777
751 3 751 777 773 3 751 773 743 3
719 751 743 3 719 743 711 3 517 577
557 3 517 557 507 3 577 642 609 3
577 609 557 3 557 609 597 3 557 597
541 3 507 557 541 3 507 541 499 3
632 691 717 3 632 717 664 3 691 723
749 3 691 749 717 3 717 749 753 3
717 753 721 3 664 717 721 3 664 721
687 3 687 721 725 3 687 725 693 3
721 753 759 3 721 759 725 3 725 759
771 3 725 771 737 3 693 725 737 3
693 737 705 3 699 640 650 3 699 650
707 3 640 575 585 3 640 585 650 3
650 585 597 3 650 597 654 3 707 650
654 3 707 654 711 3 221 257 251 3
221 251 215 3 257 269 267 3 257 267
251 3 251 267 271 3 251 271 263 3
215 251 263 3 215 263 223 3 129 117
97 3 129 97 111 3 117 105 87 3
117 87 97 3 97 87 85 3 97 85
93 3 111 97 93 3 111 93 109 3
261 239 283 3 261 283 309 3 239 223
263 3 239 263 283 3 283 263 271 3
283 271 293 3 309 283 293 3 309 293
315 3 109 93 95 3 109 95 113 3
93 85 83 3 93 83 95 3 95 83
89 3 95 89 99 3 113 95 99 3
113 99 115 3 1041 1015 1029 3 1041 1029
1047 3 1015 1007 1013 3 1015 1013 1029 3
1029 1013 1011 3 1029 1011 1023 3 1047 1029
1023 3 1047 1023 1045 3 1019 1037 1005 3
1019 1005 985 3 1037 1045 1023 3 1037 1023
1005 3 1005 1023 1011 3 1005 1011 999 3
985 1005 999 3 985 999 979 3 1143 1153
1157 3 1143 1157 1147 3 1153 1163 1171 3
1153 1171 1157 3 1157 1171 1169 3 1157 1169
1159 3 1147 1157 1159 3 1147 1159 1149 3
979 999 995 3 979 995 973 3 999 1011
1013 3 999 1013 995 3 995 1013 1007 3
995 1007 991 3 973 995 991 3 973 991
965 3 825 853 847 3 825 847 819 3
853 881 873 3 853 873 847 3 847 873
863 3 847 863 839 3 819 847 839 3
819 839 813 3 997 1043 1051 3 997 1051
1009 3 1043 1067 1071 3 1043 1071 1051 3
1051 1071 1079 3 1051 1079 1057 3 1009 1051
1057 3 1009 1057 1025 3 851 875 857 3
851 857 831 3 875 901 883 3 875 883
857 3 857 883 881 3 857 881 853 3
831 857 853 3 831 853 825 3 941 983
1035 3 941 1035 987 3 983 1033 1065 3
983 1065 1035 3 1035 1065 1067 3 1035 1067
1043 3 987 1035 1043 3 987 1043 997 3
881 907 899 3 881 899 873 3 907 935
925 3 907 925 899 3 899 925 919 3
899 919 891 3 873 899 891 3 873 891
863 3 1067 1093 1097 3 1067 1097 1071 3
1093 1111 1113 3 1093 1113 1097 3 1097 1113
1119 3 1097 1119 1103 3 1071 1097 1103 3
1071 1103 1079 3 901 933 913 3 901 913
883 3 933 963 939 3 933 939 913 3
913 939 935 3 913 935 907 3 883 913
907 3 883 907 881 3 1033 1061 1086 3
1033 1086 1065 3 1061 1083 1105 3 1061 1105
1086 3 1086 1105 1111 3 1086 1111 1093 3
1065 1086 1093 3 1065 1093 1067 3 297 245
255 3 297 255 311 3 245 217 225 3
245 225 255 3 255 225 229 3 255 229
265 3 311 255 265 3 311 265 321 3
477 441 473 3 477 473 501 3 441 413
443 3 441 443 473 3 473 443 451 3
473 451 475 3 501 473 475 3 501 475
503 3 329 281 247 3 329 247 299 3
281 241 219 3 281 219 247 3 247 219
217 3 247 217 245 3 299 247 245 3
299 245 297 3 503 475 469 3 503 469
495 3 475 451 439 3 475 439 469 3
469 439 437 3 469 437 465 3 495 469
465 3 495 465 491 3 175 157 163 3
175 163 181 3 157 137 141 3 157 141
163 3 163 141 145 3 163 145 167 3
181 163 167 3 181 167 185 3 365 341
383 3 365 383 403 3 341 319 357 3
341 357 383 3 383 357 363 3 383 363
385 3 403 383 385 3 403 385 407 3
197 179 159 3 197 159 177 3 179 161
139 3 179 139 159 3 159 139 137 3
159 137 157 3 177 159 157 3 177 157
175 3 407 385 381 3 407 381 397 3
385 363 359 3 385 359 381 3 381 359
355 3 381 355 377 3 397 381 377 3
397 377 393 3 761 731 739 3 761 739
767 3 731 699 707 3 731 707 739 3
739 707 711 3 739 711 743 3 767 739
743 3 767 743 773 3 642 697 662 3
642 662 609 3 697 727 719 3 697 719
662 3 662 719 711 3 662 711 654 3
609 662 654 3 609 654 597 3 723 755
783 3 723 783 749 3 755 793 821 3
755 821 783 3 783 821 827 3 783 827
789 3 749 783 789 3 749 789 753 3
753 789 797 3 753 797 759 3 789 827
835 3 789 835 797 3 797 835 845 3
797 845 807 3 759 797 807 3 759 807
771 3 569 630 638 3 569 638 579 3
630 687 693 3 630 693 638 3 638 693
705 3 638 705 648 3 579 638 648 3
579 648 589 3 521 571 625 3 521 625
563 3 571 632 664 3 571 664 625 3
625 664 687 3 625 687 630 3 563 625
630 3 563 630 569 3 445 481 467 3
445 467 429 3 481 517 507 3 481 507
467 3 467 507 499 3 467 499 461 3
429 467 461 3 429 461 419 3 575 519
527 3 575 527 585 3 519 485 493 3
519 493 527 3 527 493 499 3 527 499
541 3 585 527 541 3 585 541 597 3
589 531 525 3 589 525 579 3 531 503
495 3 531 495 525 3 525 495 491 3
525 491 515 3 579 525 515 3 579 515
569 3 423 375 347 3 423 347 401 3
375 329 299 3 375 299 347 3 347 299
297 3 347 297 351 3 401 347 351 3
401 351 405 3 553 509 529 3 553 529
587 3 509 477 501 3 509 501 529 3
529 501 503 3 529 503 531 3 587 529
531 3 587 531 589 3 405 351 361 3
405 361 411 3 351 297 311 3 351 311
361 3 361 311 321 3 361 321 369 3
411 361 369 3 411 369 419 3 451 427
421 3 451 421 439 3 427 407 397 3
427 397 421 3 421 397 393 3 421 393
417 3 439 421 417 3 439 417 437 3
241 211 195 3 241 195 219 3 211 197
177 3 211 177 195 3 195 177 175 3
195 175 193 3 219 195 193 3 219 193
217 3 413 387 425 3 413 425 443 3
387 365 403 3 387 403 425 3 425 403
407 3 425 407 427 3 443 425 427 3
443 427 451 3 217 193 201 3 217 201
225 3 193 175 181 3 193 181 201 3
201 181 185 3 201 185 203 3 225 201
203 3 225 203 229 3 137 123 127 3
137 127 141 3 123 109 113 3 123 113
127 3 127 113 115 3 127 115 131 3
141 127 131 3 141 131 145 3 319 291
333 3 319 333 357 3 291 261 309 3
291 309 333 3 333 309 315 3 333 315
339 3 357 333 339 3 357 339 363 3
161 143 125 3 161 125 139 3 143 129
111 3 143 111 125 3 125 111 109 3
125 109 123 3 139 125 123 3 139 123
137 3 363 339 335 3 363 335 359 3
339 315 313 3 339 313 335 3 335 313
307 3 335 307 331 3 359 335 331 3
359 331 355 3 871 909 943 3 871 943
903 3 909 941 987 3 909 987 943 3
943 987 997 3 943 997 953 3 903 943
953 3 903 953 911 3 795 823 809 3
795 809 777 3 823 851 831 3 823 831
809 3 809 831 825 3 809 825 799 3
777 809 799 3 777 799 773 3 911 953
959 3 911 959 917 3 953 997 1009 3
953 1009 959 3 959 1009 1025 3 959 1025
977 3 917 959 977 3 917 977 929 3
773 799 791 3 773 791 767 3 799 825
819 3 799 819 791 3 791 819 813 3
791 813 787 3 767 791 787 3 767 787
761 3 935 955 951 3 935 951 925 3
955 979 973 3 955 973 951 3 951 973
965 3 951 965 947 3 925 951 947 3
925 947 919 3 1111 1125 1129 3 1111 1129
1113 3 1125 1143 1147 3 1125 1147 1129 3
1129 1147 1149 3 1129 1149 1135 3 1113 1129
1135 3 1113 1135 1119 3 963 989 961 3
963 961 939 3 989 1019 985 3 989 985
961 3 961 985 979 3 961 979 955 3
939 961 955 3 939 955 935 3 1083 1101
1121 3 1083 1121 1105 3 1101 1109 1137 3
1101 1137 1121 3 1121 1137 1143 3 1121 1143
1125 3 1105 1121 1125 3 1105 1125 1111 3
945 975 1049 3 945 1049 1027 3 975 1001
1063 3 975 1063 1049 3 1049 1063 1109 3
1049 1109 1101 3 1027 1049 1101 3 1027 1101
1083 3 1119 1135 1131 3 1119 1131 1115 3
1135 1149 1145 3 1135 1145 1131 3 1131 1145
1117 3 1131 1117 1107 3 1115 1131 1107 3
1115 1107 1095 3 929 977 971 3 929 971
927 3 977 1025 1021 3 977 1021 971 3
971 1021 967 3 971 967 931 3 927 971
931 3 927 931 897 3 775 803 849 3
775 849 815 3 803 829 877 3 803 877
849 3 849 877 941 3 849 941 909 3
815 849 909 3 815 909 871 3 355 331
323 3 355 323 343 3 331 307 295 3
331 295 323 3 323 295 249 3 323 249
279 3 343 323 279 3 343 279 301 3
173 151 205 3 173 205 227 3 151 135
187 3 151 187 205 3 205 187 261 3
205 261 291 3 227 205 291 3 227 291
319 3 259 231 303 3 259 303 337 3
231 209 275 3 231 275 303 3 303 275
365 3 303 365 387 3 337 303 387 3
337 387 413 3 437 417 409 3 437 409
433 3 417 393 389 3 417 389 409 3
409 389 345 3 409 345 371 3 433 409
371 3 433 371 395 3 445 399 453 3
445 453 489 3 399 353 415 3 399 415
453 3 453 415 477 3 453 477 509 3
489 453 509 3 489 509 553 3 569 515
511 3 569 511 563 3 515 491 483 3
515 483 511 3 511 483 459 3 511 459
487 3 563 511 487 3 563 487 521 3
589 648 646 3 589 646 587 3 648 705
703 3 648 703 646 3 646 703 660 3
646 660 601 3 587 646 601 3 587 601
553 3 423 463 505 3 423 505 471 3
463 497 549 3 463 549 505 3 505 549
632 3 505 632 571 3 471 505 571 3
471 571 521 3 593 652 713 3 593 713
658 3 652 709 747 3 652 747 713 3
713 747 793 3 713 793 755 3 658 713
755 3 658 755 723 3 771 807 805 3
771 805 769 3 807 845 843 3 807 843
805 3 805 843 817 3 805 817 779 3
769 805 779 3 769 779 745 3 393 377
367 3 393 367 389 3 377 355 343 3
377 343 367 3 367 343 301 3 367 301
325 3 389 367 325 3 389 325 345 3
209 191 243 3 209 243 275 3 191 173
227 3 191 227 243 3 243 227 319 3
243 319 341 3 275 243 341 3 275 341
365 3 491 465 457 3 491 457 483 3
465 437 433 3 465 433 457 3 457 433
395 3 457 395 431 3 483 457 431 3
483 431 459 3 353 305 373 3 353 373
415 3 305 259 337 3 305 337 373 3
373 337 413 3 373 413 441 3 415 373
441 3 415 441 477 3 885 915 981 3
885 981 937 3 915 945 1027 3 915 1027
981 3 981 1027 1083 3 981 1083 1061 3
937 981 1061 3 937 1061 1033 3 1079 1103
1099 3 1079 1099 1077 3 1103 1119 1115 3
1103 1115 1099 3 1099 1115 1095 3 1099 1095
1073 3 1077 1099 1073 3 1077 1073 1053 3
829 855 905 3 829 905 877 3 855 885
937 3 855 937 905 3 905 937 1033 3
905 1033 983 3 877 905 983 3 877 983
941 3 1025 1057 1055 3 1025 1055 1021 3
1057 1079 1077 3 1057 1077 1055 3 1055 1077
1053 3 1055 1053 1017 3 1021 1055 1017 3
1021 1017 967 3 1149 1159 1155 3 1149 1155
1145 3 1159 1169 1165 3 1159 1165 1155 3
1155 1165 1139 3 1155 1139 1127 3 1145 1155
1127 3 1145 1127 1117 3 1163 1161 1167 3
1163 1167 1171 3 1161 1133 1141 3 1161 1141
1167 3 1167 1141 1139 3 1167 1139 1165 3
1171 1167 1165 3 1171 1165 1169 3 135 121
169 3 135 169 187 3 121 107 155 3
121 155 169 3 169 155 223 3 169 223
239 3 187 169 239 3 187 239 261 3
307 287 277 3 307 277 295 3 287 269
257 3 287 257 277 3 277 257 221 3
277 221 233 3 295 277 233 3 295 233
249 3 105 153 147 3 105 147 103 3
153 221 215 3 153 215 147 3 147 215
223 3 147 223 155 3 103 147 155 3
103 155 107 3 497 533 599 3 497 599
549 3 533 593 658 3 533 658 599 3
599 658 723 3 599 723 691 3 549 599
691 3 549 691 632 3 705 737 735 3
705 735 703 3 737 771 769 3 737 769
735 3 735 769 745 3 735 745 715 3
703 735 715 3 703 715 660 3 845 889
887 3 845 887 843 3 889 929 927 3
889 927 887 3 887 927 897 3 887 897
859 3 843 887 859 3 843 859 817 3
709 741 781 3 709 781 747 3 741 775
815 3 741 815 781 3 781 815 871 3
781 871 833 3 747 781 833 3 747 833
793 3 1001 1031 1075 3 1001 1075 1063 3
1031 1041 1085 3 1031 1085 1075 3 1075 1085
1133 3 1075 1133 1123 3 1063 1075 1123 3
1063 1123 1109 3 965 991 993 3 965 993
969 3 991 1007 1015 3 991 1015 993 3
993 1015 1041 3 993 1041 1031 3 969 993
1031 3 969 1031 1001 3 699 731 729 3
699 729 695 3 731 761 757 3 731 757
729 3 729 757 775 3 729 775 741 3
695 729 741 3 695 741 709 3 485 519
513 3 485 513 479 3 519 575 573 3
519 573 513 3 513 573 593 3 513 593
533 3 479 513 533 3 479 533 497 3
85 87 81 3 85 81 83 3 87 105
103 3 87 103 81 3 81 103 107 3
81 107 91 3 83 81 91 3 83 91
89 3 115 99 101 3 115 101 119 3
99 89 91 3 99 91 101 3 101 91
107 3 101 107 121 3 119 101 121 3
119 121 135 3 813 839 841 3 813 841
811 3 839 863 865 3 839 865 841 3
841 865 885 3 841 885 855 3 811 841
855 3 811 855 829 3 863 891 892 3
863 892 865 3 891 919 921 3 891 921
892 3 892 921 945 3 892 945 915 3
865 892 915 3 865 915 885 3 321 265
273 3 321 273 327 3 265 229 235 3
265 235 273 3 273 235 259 3 273 259
305 3 327 273 305 3 327 305 353 3
185 167 171 3 185 171 189 3 167 145
149 3 167 149 171 3 171 149 173 3
171 173 191 3 189 171 191 3 189 191
209 3 575 640 636 3 575 636 573 3
640 699 695 3 640 695 636 3 636 695
709 3 636 709 652 3 573 636 652 3
573 652 593 3 405 449 447 3 405 447
401 3 449 485 479 3 449 479 447 3
447 479 497 3 447 497 463 3 401 447
463 3 401 463 423 3 419 369 379 3
419 379 429 3 369 321 327 3 369 327
379 3 379 327 353 3 379 353 399 3
429 379 399 3 429 399 445 3 229 203
207 3 229 207 235 3 203 185 189 3
203 189 207 3 207 189 209 3 207 209
231 3 235 207 231 3 235 231 259 3
145 131 133 3 145 133 149 3 131 115
119 3 131 119 133 3 133 119 135 3
133 135 151 3 149 133 151 3 149 151
173 3 761 787 785 3 761 785 757 3
787 813 811 3 787 811 785 3 785 811
829 3 785 829 803 3 757 785 803 3
757 803 775 3 919 947 949 3 919 949
921 3 947 965 969 3 947 969 949 3
949 969 1001 3 949 1001 975 3 921 949
975 3 921 975 945 3 1095 1107 1059 3
1095 1059 1039 3 1107 1117 1069 3 1107 1069
1059 3 1059 1069 1019 3 1059 1019 989 3
1039 1059 989 3 1039 989 963 3 897 931
867 3 897 867 837 3 931 967 895 3
931 895 867 3 867 895 851 3 867 851
823 3 837 867 823 3 837 823 795 3
301 279 199 3 301 199 213 3 279 249
183 3 279 183 199 3 199 183 129 3
199 129 143 3 213 199 143 3 213 143
161 3 395 371 285 3 395 285 317 3
371 345 253 3 371 253 285 3 285 253
197 3 285 197 211 3 317 285 211 3
317 211 241 3 521 487 435 3 521 435
471 3 487 459 391 3 487 391 435 3
435 391 329 3 435 329 375 3 471 435
375 3 471 375 423 3 553 601 523 3
553 523 489 3 601 660 583 3 601 583
523 3 523 583 517 3 523 517 481 3
489 523 481 3 489 481 445 3 745 779
733 3 745 733 701 3 779 817 765 3
779 765 733 3 733 765 727 3 733 727
697 3 701 733 697 3 701 697 642 3
345 325 237 3 345 237 253 3 325 301
213 3 325 213 237 3 237 213 161 3
237 161 179 3 253 237 179 3 253 179
197 3 459 431 349 3 459 349 391 3
431 395 317 3 431 317 349 3 349 317
241 3 349 241 281 3 391 349 281 3
391 281 329 3 1053 1073 1003 3 1053 1003
957 3 1073 1095 1039 3 1073 1039 1003 3
1003 1039 963 3 1003 963 933 3 957 1003
933 3 957 933 901 3 967 1017 923 3
967 923 895 3 1017 1053 957 3 1017 957
923 3 923 957 901 3 923 901 875 3
895 923 875 3 895 875 851 3 1117 1127
1081 3 1117 1081 1069 3 1127 1139 1089 3
1127 1089 1081 3 1081 1089 1045 3 1081 1045
1037 3 1069 1081 1037 3 1069 1037 1019 3
1133 1085 1091 3 1133 1091 1141 3 1085 1041
1047 3 1085 1047 1091 3 1091 1047 1045 3
1091 1045 1089 3 1141 1091 1089 3 1141 1089
1139 3 249 233 165 3 249 165 183 3
233 221 153 3 233 153 165 3 165 153
105 3 165 105 117 3 183 165 117 3
183 117 129 3 660 715 644 3 660 644
583 3 715 745 701 3 715 701 644 3
644 701 642 3 644 642 577 3 583 644
577 3 583 577 517 3 817 859 801 3
817 801 765 3 859 897 837 3 859 837
801 3 801 837 795 3 801 795 763 3
765 801 763 3 765 763 727 
CELL_DATA 25017
FIELD attributes 1
zone 1 25017 float
0 0 0 0 0 0 0 0 0 0 0
0 0 0 0 0 0 0 0 0 0
0 0 0 0 0 0 0 0 0 0
0 0 0 0 0 0 0 0 0 0
0 0 0 0 0 0 0 0 0 0
0 0 0 0 0 0 0 0 0 0
0 0 0 0 0 0 0 0 0 1
1 1 1 1 1 1 1 1 1 1
1 1 1 1 1 1 1 1 1 1
1 1 1 1 1 1 1 1 1 1
1 1 1 1 1 1 1 1 1 1
1 1 1 1 1 1 1 1 1 1
1 1 1 1 1 1 1 1 1 1
1 1 1 1 1 1 1 1 1 2
2 2 2 2 2 2 2 2 2 2
2 2 2 2 2 2 2 2 2 2
2 2 2 2 2 2 2 2 2 2
2 2 2 2 2 2 2 2 2 2
2 2 2 2 2 2 2 2 2 2
2 2 2 2 2 2 2 2 2 2
2 2 2 2 2 2 2 2 2 3
3 3 3 3 3 3 3 3 3 3
3 3 3 3 3 3 3 3 3 3
3 3 3 3 3 3 3 3 3 3
3 3 3 3 3 3 3 3 3 3
3 3 3 3 3 3 3 3 3 3
3 3 3 3 3 3 3 3 3 3
3 3 3 3 3 3 3 3 3 4
4 4 4 4 4 4 4 4 4 4
4 4 4 4 4 4 4 4 4 4
4 4 4 4 4 4 4 4 4 4
4 4 4 4 4 4 4 4 4 4
4 4 4 4 4 4 4 4 4 4
4 4 4 4 4 4 4 4 4 4
4 4 4 4 4 4 4 4 4 5
5 5 5 5 5 5 5 5 5 5
5 5 5 5 5 5 5 5 5 5
5 5 5 5 5 5 5 5 5 5
5 5 5 5 5 5 5 5 5 5
5 5 5 5 5 5 5 5 5 5
5 5 5 5 5 5 5 5 5 5
5 5 5 5 5 5 5 5 5 6
6 6 6 6 6 6 6 6 6 6
6 6 6 6 6 6 6 6 6 6
6 6 6 6 6 6 6 6 6 6
6 6 6 6 6 6 6 6 6 6
6 6 6 6 6 6 6 6 6 6
6 6 6 6 6 6 6 6 6 6
6 6 6 6 6 6 6 6 6 7
7 7 7 7 7 7 7 7 7 7
7 7 7 7 7 7 7 7 7 7
7 7 7 7 7 7 7 7 7 7
7 7 7 7 7 7 7 7 7 7
7 7 7 7 7 7 7 7 7 7
7 7 7 7 7 7 7 7 7 7
7 7 7 7 7 7 7 7 7 8
8 8 8 8 8 8 8 8 8 8
8 8 8 8 8 8 8 8 8 8
8 8 8 8 8 8 8 8 8 8
8 8 8 8 8 8 8 8 8 8
8 8 8 8 8 8 8 8 8 8
8 8 8 8 8 8 8 8 8 8
8 8 8 8 8 8 8 8 8 9
9 9 9 9 9 9 9 9 9 9
9 9 9 9 9 9 9 9 9 9
9 9 9 9 9 9 9 9 9 9
9 9 9 9 9 9 9 9 9 9
9 9 9 9 9 9 9 9 9 9
9 9 9 9 9 9 9 9 9 9
9 9 9 9 9 9 9 9 9 10
10 10 10 10 10 10 10 10 10 10
10 10 10 10 10 10 10 10 10 10
10 10 10 10 10 10 10 10 10 10
10 10 10 10 10 10 10 10 10 10
10 10 10 10 10 10 10 10 10 10
10 10 10 10 10 10 10 10 10 10
10 10 10 10 10 10 10 10 10 11
11 11 11 11 11 11 11 11 11 11
11 11 11 11 11 11 11 11 11 11
11 11 11 11 11 11 11 11 11 11
11 11 11 11 11 11 11 11 11 11
11 11 11 11 11 11 11 11 11 11
11 11 11 11 11 11 11 11 11 11
11 11 11 11 11 11 11 11 11 12
12 12 12 12 12 12 12 12 12 12
12 12 12 12 12 12 12 12 12 12
12 12 12 12 12 12 12 12 12 12
12 12 12 12 12 12 12 12 12 12
12 12 12 12 12 12 12 12 12 12
12 12 12 12 12 12 12 12 12 12
12 12 12 12 12 12 12 12 12 13
13 13 13 13 13 13 13 13 13 13
13 13 13 13 13 13 13 13 13 13
13 13 13 13 13 13 13 13 13 13
13 13 13 13 13 13 13 13 13 13
13 13 13 13 13 13 13 13 13 13
13 13 13 13 13 13 13 13 13 13
13 13 13 13 13 13 13 13 13 7
7 7 7 7 7 7 8 7 7 7
8 8 8 8 9 9 9 9 9 9
9 9 9 9 13 13 13 13 13 13
13 13 13 10 13 10 10 10 10 10
10 10 10 10 12 12 12 12 12 12
12 11 12 12 12 11 11 11 11 11
11 11 11 11 1 1 1 1 1 1
1 1 1 1 2 2 2 2 2 2
2 0 2 2 2 0 0 0 0 0
6 0 0 0 0 6 6 6 6 6
6 6 6 3 6 3 3 3 3 3
3 4 3 3 3 4 4 4 4 4
4 4 4 4 5 5 5 5 5 5
5 5 5 5 14 14 14 14 14 14
14 14 14 14 14 14 14 14 14 14
14 14 14 14 14 14 14 14 14 14
14 14 14 14 14 14 14 14 14 14
14 14 14 14 14 14 14 14 14 14
14 14 14 14 14 14 14 14 14 14
14 14 14 14 14 14 14 14 14 14
14 14 14 14 14 14 14 14 14 14
14 14 14 14 14 14 14 14 14 14
14 14 14 14 14 14 14 14 14 14
14 14 14 14 14 14 14 14 14 14
14 14 14 14 14 14 14 14 14 14
14 14 14 14 14 14 14 14 14 14
14 14 14 14 14 14 14 14 14 14
14 14 14 14 14 14 14 14 14 14
14 14 14 14 14 14 14 14 14 14
14 14 14 14 14 14 14 14 14 14
14 14 14 14 14 14 14 14 14 14
14 14 14 14 14 14 14 14 14 14
14 14 14 14 14 14 14 14 14 14
14 14 14 14 14 14 14 14 14 14
14 14 15 15 15 15 15 15 15 15
15 15 15 15 15 15 15 15 15 15
15 15 15 15 15 15 15 15 15 15
15 15 15 15 15 15 15 15 15 15
15 15 15 15 15 15 15 15 15 15
15 15 15 15 15 15 15 15 15 15
15 15 15 15 15 15 15 15 15 15
15 15 15 15 15 15 15 15 15 15
15 15 15 15 15 15 15 15 15 15
15 15 15 15 15 15 15 15 15 15
15 15 15 15 15 15 15 15 15 15
15 15 15 15 15 15 15 15 15 15
15 15 15 15 15 15 15 15 15 15
15 15 15 15 15 15 15 15 15 15
15 15 15 15 15 15 15 15 15 15
15 15 15 15 15 15 15 15 15 15
15 15 15 15 15 15 15 15 15 15
15 15 15 15 15 15 15 15 15 15
15 15 15 15 15 15 15 15 15 15
15 15 15 15 15 15 15 15 15 15
15 15 15 15 15 15 15 15 15 15
16 16 16 16 16 16 16 16 16 16
16 16 16 16 16 16 16 16 16 16
16 16 16 16 16 16 16 16 16 16
16 16 16 16 16 16 16 16 16 16
16 16 16 16 16 16 16 16 16 16
16 16 16 16 16 16 16 16 16 16
16 16 16 16 16 16 16 16 16 16
16 16 16 16 16 16 16 16 16 16
16 16 16 16 16 16 16 16 16 16
16 16 16 16 16 16 16 16 16 16
16 16 16 16 16 16 16 16 16 16
16 16 16 16 16 16 16 16 16 16
16 16 16 16 16 16 16 16 16 16
16 16 16 16 16 16 16 16 16 16
16 16 16 16 16 16 16 16 16 16
16 16 16 16 16 16 16 16 16 16
16 16 16 16 16 16 16 16 16 16
16 16 16 16 16 16 16 16 16 16
16 16 16 16 16 16 16 16 16 16
16 16 16 16 16 16 16 16 16 16
16 16 16 16 16 16 16 16 16 16
16 16 16 16 16 16 16 16 16 16
16 16 16 16 16 16 16 16 16 16
16 16 16 16 16 16 16 16 16 16
16 16 16 16 16 16 16 16 16 16
16 16 16 16 16 16 16 16 16 16
16 16 16 16 16 16 16 16 16 16
16 16 16 16 16 16 16 16 16 16
16 16 16 16 16 16 16 16 16 16
16 16 16 16 16 16 16 16 16 16
16 16 16 16 16 16 16 16 16 16
16 16 16 16 16 16 16 16 16 16
16 16 16 16 16 16 16 16 16 16
16 16 16 16 16 16 16 16 16 16
16 16 16 16 16 16 16 16 16 16
16 16 16 16 16 16 16 16 16 16
16 16 16 16 16 16 16 16 16 16
16 16 16 16 16 16 16 16 16 16
16 16 16 16 16 16 16 16 16 16
16 16 16 16 16 16 16 16 16 16
16 16 16 16 16 16 16 16 16 16
16 16 16 16 16 16 16 16 16 16
16 16 16 16 16 16 16 16 16 16
16 16 16 16 16 16 16 16 16 16
16 16 16 16 16 16 16 16 16 16
16 16 16 16 16 16 16 16 16 16
16 16 16 16 16 16 16 16 16 16
16 16 16 16 16 16 16 16 16 16
16 16 16 16 16 16 16 16 16 16
16 16 16 16 16 16 16 16 16 16
16 16 16 16 16 16 16 16 16 16
16 16 16 16 16 16 16 16 16 16
16 16 16 16 16 16 16 16 16 16
16 16 16 16 16 16 16 16 16 16
16 16 16 16 16 16 16 16 16 16
16 16 16 16 16 16 16 16 16 16
16 16 16 16 16 16 16 16 16 16
16 16 16 16 16 16 16 16 16 16
16 16 16 16 16 16 16 16 16 16
16 16 16 16 16 16 16 16 16 16
16 16 16 16 16 16 16 16 16 16
16 16 16 16 16 16 16 16 16 16
16 16 16 16 16 16 16 16 16 16
16 16 16 16 16 16 16 16 16 16
16 16 16 16 16 16 16 16 16 16
16 16 16 16 16 16 16 16 16 16
16 16 16 16 16 16 16 16 16 16
16 16 16 16 16 16 16 16 16 16
16 16 16 16 16 16 16 16 16 16
16 16 16 16 16 16 16 16 16 16
16 16 16 16 16 16 16 16 16 16
16 16 16 16 16 16 16 16 16 16
16 16 16 16 16 16 16 16 16 16
16 16 16 16 16 16 16 16 16 16
16 16 16 16 16 16 16 16 16 16
16 16 16 16 16 16 16 16 16 16
16 16 16 16 16 16 16 16 16 16
16 16 16 16 16 16 16 16 16 16
16 16 16 16 16 16 16 16 16 16
16 16 16 16 16 16 16 16 16 16
16 16 16 16 16 16 16 16 16 16
16 16 16 16 16 16 16 16 16 16
16 16 16 16 16 16 16 16 16 16
16 16 16 16 16 16 16 16 16 16
16 16 16 16 16 16 16 16 16 16
16 16 16 16 16 16 16 16 16 16
16 16 16 16 16 16 16 16 16 16
16 16 16 16 16 16 16 16 16 16
16 16 16 16 16 16 16 16 16 16
16 16 16 16 16 16 16 16 16 16
16 16 16 16 16 16 16 16 16 16
16 16 16 16 16 16 16 16 16 16
16 16 16 16 16 16 16 16 16 16
16 16 16 16 16 16 16 16 16 16
16 16 16 16 16 16 16 16 16 16
16 16 16 16 16 16 16 16 16 16
16 16 16 16 16 16 16 16 16 16
16 16 16 16 16 16 16 16 16 16
16 16 16 16 16 16 16 16 16 16
16 16 16 16 16 16 16 16 16 16
16 16 16 16 16 16 16 16 16 16
16 16 16 16 16 16 16 16 16 16
16 16 16 16 16 16 16 16 16 16
16 16 16 16 16 16 16 16 16 16
16 16 16 16 16 16 16 16 16 16
16 16 16 16 16 16 16 16 16 16
16 16 16 16 16 16 16 16 16 16
16 16 16 16 16 16 16 16 16 16
16 16 16 16 16 16 16 16 16 16
16 16 16 16 16 16 16 16 16 16
16 16 16 16 16 16 16 16 16 16
16 16 16 16 16 16 16 16 16 16
16 16 16 16 16 16 16 16 16 16
16 16 16 16 16 16 16 16 16 16
16 16 16 16 16 16 16 16 16 16
16 16 16 16 16 16 16 16 16 16
16 16 16 16 16 16 16 16 16 16
16 16 16 16 16 16 16 16 16 16
16 16 16 16 16 16 16 16 16 16
16 16 16 16 16 16 16 16 16 16
16 16 16 16 16 16 16 16 16 16
16 16 16 16 16 16 16 16 16 16
16 16 16 16 16 16 16 16 16 16
16 16 16 16 16 16 16 16 16 16
16 16 16 16 16 16 16 16 16 16
16 16 16 16 16 16 16 16 16 16
16 16 16 16 16 16 16 16 16 16
16 16 16 16 16 16 16 16 16 16
16 16 16 16 16 16 16 16 16 16
16 16 16 16 16 16 16 16 16 16
16 16 16 16 16 16 16 16 16 16
16 16 16 16 16 16 16 16 16 16
16 16 16 16 16 16 16 16 16 16
16 16 16 16 16 16 16 16 16 16
16 16 16 16 16 16 16 16 16 16
16 16 16 16 16 16 16 16 16 16
16 16 16 16 16 16 16 16 16 16
16 16 16 16 16 16 16 16 16 16
16 16 16 16 16 16 16 16 16 16
16 16 16 16 16 16 16 16 16 16
16 16 16 16 16 16 16 16 16 16
16 16 16 16 16 16 16 16 16 16
16 16 16 16 16 16 16 16 16 16
16 16 16 16 16 16 16 16 16 16
16 16 16 16 16 16 16 16 16 16
16 16 16 16 16 16 16 16 16 16
16 16 16 16 16 16 16 16 16 16
16 16 16 16 16 16 16 16 16 16
16 16 16 16 16 16 16 16 16 16
16 16 16 16 16 16 16 16 16 16
16 16 16 16 16 16 16 16 16 16
16 16 16 16 16 16 16 16 16 16
16 16 16 16 16 16 16 16 16 16
16 16 16 16 16 16 16 16 16 16
16 16 16 16 16 16 16 16 16 16
16 16 16 16 16 16 16 16 16 16
16 16 16 16 16 16 16 16 16 16
16 16 16 16 16 16 16 16 16 16
16 16 16 16 16 16 16 16 16 16
16 16 16 16 16 16 16 16 16 16
16 16 16 16 16 16 16 16 16 16
16 16 16 16 16 16 16 16 16 16
16 16 16 16 16 16 16 16 16 16
16 16 16 16 16 16 16 16 16 16
16 16 16 16 16 16 16 16 16 16
16 16 16 16 16 16 16 16 16 16
16 16 16 16 16 16 16 16 16 16
16 16 16 16 16 16 16 16 16 16
16 16 16 16 16 16 16 16 16 16
16 16 16 16 16 16 16 16 16 16
16 16 16 16 16 16 16 16 16 16
16 16 16 16 16 16 16 16 16 16
16 16 16 16 16 16 16 16 16 16
16 16 16 16 16 16 16 16 16 16
16 16 16 16 16 16 16 16 16 16
16 16 16 16 16 16 16 16 16 16
16 16 16 16 16 16 16 16 16 16
16 16 16 16 16 16 16 16 16 16
16 16 16 16 16 16 16 16 16 16
16 16 16 16 16 16 16 16 16 16
16 16 16 16 16 16 16 16 16 16
16 16 16 16 16 16 16 16 16 16
16 16 16 16 16 16 16 16 16 16
16 16 16 16 16 16 16 16 16 16
16 16 16 16 16 16 16 16 16 16
16 16 16 16 16 16 16 16 16 16
16 16 16 16 16 16 16 16 16 16
16 16 16 16 16 16 16 16 16 16
16 16 16 16 16 16 16 16 16 16
16 16 16 16 16 16 16 16 16 16
16 16 16 16 16 16 16 16 16 16
16 16 16 16 16 16 16 16 16 16
16 16 16 16 16 16 16 16 16 16
16 16 16 16 16 16 16 16 16 16
16 16 16 16 16 16 16 16 16 16
16 16 16 16 16 16 16 16 16 16
16 16 16 16 16 16 16 16 16 16
16 16 16 16 16 16 16 16 16 16
16 16 16 16 16 16 16 16 16 16
16 16 16 16 16 16 16 16 16 16
16 16 16 16 16 16 16 16 16 16
16 16 16 16 16 16 16 16 16 16
16 16 16 16 16 16 16 16 16 16
16 16 16 16 16 16 16 16 16 16
16 16 16 16 16 16 16 16 16 16
16 16 16 16 16 16 16 16 16 16
16 16 16 16 16 16 16 16 16 16
16 16 16 16 16 16 16 16 16 16
16 16 16 16 16 16 16 16 16 16
16 16 16 16 16 16 16 16 16 16
16 16 16 16 16 16 16 16 16 16
16 16 16 16 16 16 16 16 16 16
16 16 16 16 16 16 16 16 16 16
16 16 16 16 16 16 16 16 16 16
16 16 16 16 16 16 16 16 16 16
16 16 16 16 16 16 16 16 16 16
16 16 16 16 16 16 16 16 16 16
16 16 16 16 16 16 16 16 16 16
16 16 16 16 16 16 16 16 16 16
16 16 16 16 16 16 16 16 16 16
16 16 16 16 16 16 16 16 16 16
16 16 16 16 16 16 16 16 16 16
16 16 16 16 16 16 16 16 16 16
16 16 16 16 16 16 16 16 16 16
16 16 16 16 16 16 16 16 16 16
16 16 16 16 16 16 16 16 16 16
16 16 16 16 16 16 16 16 16 16
16 16 16 16 16 16 16 16 16 16
16 16 16 16 16 16 16 16 16 16
16 16 16 16 16 16 16 16 16 16
16 16 16 16 16 16 16 16 16 16
16 16 16 16 16 16 16 16 16 16
16 16 16 16 16 16 16 16 16 16
16 16 16 16 16 16 16 16 16 16
16 16 16 16 16 16 16 16 16 16
16 16 16 16 16 16 16 16 16 16
16 16 16 16 16 16 16 16 16 16
16 16 16 16 16 16 16 16 16 16
16 16 16 16 16 16 16 16 16 16
16 16 16 16 16 16 16 16 16 16
16 16 16 16 16 16 16 16 16 16
16 16 16 16 16 16 16 16 16 16
16 16 16 16 16 16 16 16 16 16
16 16 16 16 16 16 16 16 16 16
16 16 16 16 16 16 16 16 16 16
16 16 16 16 16 16 16 16 16 16
16 16 16 16 16 16 16 16 16 16
16 16 16 16 16 16 16 16 16 16
16 16 16 16 16 16 16 16 16 16
16 16 16 16 16 16 16 16 16 16
16 16 16 16 16 16 16 16 16 16
16 16 16 16 16 16 16 16 16 16
16 16 16 16 16 16 16 16 16 16
16 16 16 16 16 16 16 16 16 16
16 16 16 16 16 16 16 16 16 16
16 16 16 16 16 16 16 16 16 16
16 16 16 16 16 16 16 16 16 16
16 16 16 16 16 16 16 16 16 16
16 16 16 16 16 16 16 16 16 16
16 16 16 16 16 16 16 16 16 16
16 16 16 16 16 16 16 16 16 16
16 16 16 16 16 16 16 16 16 16
16 16 16 16 16 16 16 16 16 16
16 16 16 16 16 16 16 16 16 16
16 16 16 16 16 16 16 16 16 16
16 16 16 16 16 16 16 16 16 16
16 16 16 16 16 16 16 16 16 16
16 16 16 16 16 16 16 16 16 16
16 16 16 16 16 16 16 16 16 16
16 16 16 16 16 16 16 16 16 16
16 16 16 16 16 16 16 16 16 16
16 16 16 16 16 16 16 16 16 16
16 16 16 16 16 16 16 16 16 16
16 16 16 16 16 16 16 16 16 16
16 16 16 16 16 16 16 16 16 16
16 16 16 16 16 16 16 16 16 16
16 16 16 16 16 16 16 16 16 16
16 16 16 16 16 16 16 16 16 16
16 16 16 16 16 16 16 16 16 16
16 16 16 16 16 16 16 16 16 16
16 16 16 16 16 16 16 16 16 16
16 16 16 16 16 16 16 16 16 16
16 16 16 16 16 16 16 16 16 16
16 16 16 16 16 16 16 16 16 16
16 16 16 16 16 16 16 16 16 16
16 16 16 16 16 16 16 16 16 16
16 16 16 16 16 16 16 16 16 16
16 16 16 16 16 16 16 16 16 16
16 16 16 16 16 16 16 16 16 16
16 16 16 16 16 16 16 16 16 16
16 16 16 16 16 16 16 16 16 16
16 16 16 16 16 16 16 16 16 16
16 16 16 16 16 16 16 16 16 16
16 16 16 16 16 16 16 16 16 16
16 16 16 16 16 16 16 16 16 16
16 16 16 16 16 16 16 16 16 16
16 16 16 16 16 16 16 16 16 16
16 16 16 16 16 16 16 16 16 16
16 16 16 16 16 16 16 16 16 16
16 16 16 16 16 16 16 16 16 16
16 16 16 16 16 16 16 16 16 16
16 16 16 16 16 16 16 16 16 16
16 16 16 16 16 16 16 16 16 16
16 16 16 16 16 16 16 16 16 16
16 16 16 16 16 16 16 16 16 16
16 16 16 16 16 16 16 16 16 16
16 16 16 16 16 16 16 16 16 16
16 16 16 16 16 16 16 16 16 16
16 16 16 16 16 16 16 16 16 16
16 16 16 16 16 16 16 16 16 16
16 16 16 16 16 16 16 16 16 16
16 16 16 16 16 16 16 16 16 16
16 16 16 16 16 16 16 16 16 16
16 16 16 16 16 16 16 16 16 16
16 16 16 16 16 16 16 16 16 16
16 16 16 16 16 16 16 16 16 16
16 16 16 16 16 16 16 16 16 16
16 16 16 16 16 16 16 16 16 16
16 16 16 16 16 16 16 16 16 16
16 16 16 16 16 16 16 16 16 16
16 16 16 16 16 16 16 16 16 16
16 16 16 16 16 16 16 16 16 16
16 16 16 16 16 16 16 16 16 16
16 16 16 16 16 16 16 16 16 16
16 16 16 16 16 16 16 16 16 16
16 16 16 16 16 16 16 16 16 16
16 16 16 16 16 16 16 16 16 16
16 16 16 16 16 16 16 16 16 16
16 16 16 16 16 16 16 16 16 16
16 16 16 16 16 16 16 16 16 16
16 16 16 16 16 16 16 16 16 16
16 16 16 16 16 16 16 16 16 16
16 16 16 16 16 16 16 16 16 16
16 16 16 16 16 16 16 16 16 16
16 16 16 16 16 16 16 16 16 16
16 16 16 16 16 16 16 16 16 16
16 16 16 16 16 16 16 16 16 16
16 16 16 16 16 16 16 16 16 16
16 16 16 16 16 16 16 16 16 16
16 16 16 16 16 16 16 16 16 16
16 16 16 16 16 16 16 16 16 16
16 16 16 16 16 16 16 16 16 16
16 16 16 16 16 16 16 16 16 16
16 16 16 16 16 16 16 16 16 16
16 16 16 16 16 16 16 16 16 16
16 16 16 16 16 16 16 16 16 16
16 16 16 16 16 16 16 16 16 16
16 16 16 16 16 16 16 16 16 16
16 16 16 16 16 16 16 16 16 16
16 16 16 16 16 16 16 16 16 16
16 16 16 16 16 16 16 16 16 16
16 16 16 16 16 16 16 16 16 16
16 16 16 16 16 16 16 16 16 16
16 16 16 16 16 16 16 16 16 16
16 16 16 16 16 16 16 16 16 16
16 16 16 16 16 16 16 16 16 16
16 16 16 16 16 16 16 16 16 16
16 16 16 16 16 16 16 16 16 16
16 16 16 16 16 16 16 16 16 16
16 16 16 16 16 16 16 16 16 16
16 16 16 16 16 16 16 16 16 16
16 16 16 16 16 16 16 16 16 16
16 16 16 16 16 16 16 16 16 16
16 16 16 16 16 16 16 16 16 16
16 16 16 16 16 16 16 16 16 16
16 16 16 16 16 16 16 16 16 16
16 16 16 16 16 16 16 16 16 16
16 16 16 16 16 16 16 16 16 16
16 16 16 16 16 16 16 16 16 16
16 16 16 16 16 16 16 16 16 16
16 16 16 16 16 16 16 16 16 16
16 16 16 16 16 16 16 16 16 16
16 16 16 16 16 16 16 16 16 16
16 16 16 16 16 16 16 16 16 16
16 16 16 16 16 16 16 16 16 16
16 16 16 16 16 16 16 16 16 16
16 16 16 16 16 16 16 16 16 16
16 16 16 16 16 16 16 16 16 16
16 16 16 16 16 16 16 16 16 16
16 16 16 16 16 16 16 16 16 16
16 16 16 16 16 16 16 16 16 16
16 16 16 16 16 16 16 16 16 16
16 16 16 16 16 16 16 16 16 16
16 16 16 16 16 16 16 16 16 16
16 16 16 16 16 16 16 16 16 16
16 16 16 16 16 16 16 16 16 16
16 16 16 16 16 16 16 16 16 16
16 16 16 16 16 16 16 16 16 16
16 16 16 16 16 16 16 16 16 16
16 16 16 16 16 16 16 16 16 16
16 16 16 16 16 16 16 16 16 16
16 16 16 16 16 16 16 16 16 16
16 16 16 16 16 16 16 16 16 16
16 16 16 16 16 16 16 16 16 16
16 16 16 16 16 16 16 16 16 16
16 16 16 16 16 16 16 16 16 16
16 16 16 16 16 16 16 16 16 16
16 16 16 16 16 16 16 16 16 16
16 16 16 16 16 16 16 16 16 16
16 16 16 16 16 16 16 16 16 16
16 16 16 16 16 16 16 16 16 16
16 16 16 16 16 16 16 16 16 16
16 16 16 16 16 16 16 16 16 16
16 16 16 16 16 16 16 16 16 16
16 16 16 16 16 16 16 16 16 16
16 16 16 16 16 16 16 16 16 16
16 16 16 16 16 16 16 16 16 16
16 16 16 16 16 16 16 16 16 16
16 16 16 16 16 16 16 16 16 16
16 16 16 16 16 16 16 16 16 16
16 16 16 16 16 16 16 16 16 16
16 16 16 16 16 16 16 16 16 16
16 16 16 16 16 16 16 16 16 16
16 16 16 16 16 16 16 16 16 16
16 16 16 16 16 16 16 16 16 16
16 16 16 16 16 16 16 16 16 16
16 16 16 16 16 16 16 16 16 16
16 16 16 16 16 16 16 16 16 16
16 16 16 16 16 16 16 16 16 16
16 16 16 16 16 16 16 16 16 16
16 16 16 16 16 16 16 16 16 16
16 16 16 16 16 16 16 16 16 16
16 16 16 16 16 16 16 16 16 16
16 16 16 16 16 16 16 16 16 16
16 16 16 16 16 16 16 16 16 16
16 16 16 16 16 16 16 16 16 16
16 16 16 16 16 16 16 16 16 16
16 16 16 16 16 16 16 16 16 16
16 16 16 16 16 16 16 16 16 16
16 16 16 16 16 16 16 16 16 16
16 16 16 16 16 16 16 16 16 16
16 16 16 16 16 16 16 16 16 16
16 16 16 16 16 16 16 16 16 16
16 16 16 16 16 16 16 16 16 16
16 16 16 16 16 16 16 16 16 16
16 16 16 16 16 16 16 16 16 16
16 16 16 16 16 16 16 16 16 16
16 16 16 16 16 16 16 16 16 16
16 16 16 16 16 16 16 16 16 16
16 16 16 16 16 16 16 16 16 16
16 16 16 16 16 16 16 16 16 16
16 16 16 16 16 16 16 16 16 16
16 16 16 16 16 16 16 16 16 16
16 16 16 16 16 16 16 16 16 16
16 16 16 16 16 16 16 16 16 16
16 16 16 16 16 16 16 16 16 16
16 16 16 16 16 16 16 16 16 16
16 16 16 16 16 16 16 16 16 16
16 16 16 16 16 16 16 16 16 16
16 16 16 16 16 16 16 16 16 16
16 16 16 16 16 16 16 16 16 16
16 16 16 16 16 16 16 16 16 16
16 16 16 16 16 16 16 16 16 16
16 16 16 16 16 16 16 16 16 16
16 16 16 16 16 16 16 16 16 16
16 16 16 16 16 16 16 16 16 16
16 16 16 16 16 16 16 16 16 16
16 16 16 16 16 16 16 16 16 16
16 16 16 16 16 16 16 16 16 16
16 16 16 16 16 16 16 16 16 16
16 16 16 16 16 16 16 16 16 16
16 16 16 16 16 16 16 16 16 16
16 16 16 16 16 16 16 16 16 16
16 16 16 16 16 16 16 16 16 16
16 16 16 16 16 16 16 16 16 16
16 16 16 16 16 16 16 16 16 16
16 16 16 16 16 16 16 16 16 16
16 16 16 16 16 16 16 16 16 16
16 16 16 16 16 16 16 16 16 16
16 16 16 16 16 16 16 16 16 16
16 16 16 16 16 16 16 16 16 16
16 16 16 16 16 16 16 16 16 16
16 16 16 16 16 16 16 16 16 16
16 16 16 16 16 16 16 16 16 16
16 16 16 16 16 16 16 16 16 16
16 16 16 16 16 16 16 16 16 16
16 16 16 16 16 16 16 16 16 16
16 16 16 16 16 16 16 16 16 16
16 16 16 16 16 16 16 16 16 16
16 16 16 16 16 16 16 16 16 16
16 16 16 16 16 16 16 16 16 16
16 16 16 16 16 16 16 16 16 16
16 16 16 16 16 16 16 16 16 16
16 16 16 16 16 16 16 16 16 16
16 16 16 16 16 16 16 16 16 16
16 16 16 16 16 16 16 16 16 16
16 16 16 16 16 16 16 16 16 16
16 16 16 16 16 16 16 16 16 16
16 16 16 16 16 16 16 16 16 16
16 16 16 16 16 16 16 16 16 16
16 16 16 16 16 16 16 16 16 16
16 16 16 16 16 16 16 16 16 16
16 16 16 16 16 16 16 16 16 16
16 16 16 16 16 16 16 16 16 16
16 16 16 16 16 16 16 16 16 16
16 16 16 16 16 16 16 16 16 16
16 16 16 16 16 16 16 16 16 16
16 16 16 16 16 16 16 16 16 16
16 16 16 16 16 16 16 16 16 16
16 16 16 16 16 16 16 16 16 16
16 16 16 16 16 16 16 16 16 16
16 16 16 16 16 16 16 16 16 16
16 16 16 16 16 16 16 16 16 16
16 16 16 16 16 16 16 16 16 16
16 16 16 16 16 16 16 16 16 16
16 16 16 16 16 16 16 16 16 16
16 16 16 16 16 16 16 16 16 16
16 16 16 16 16 16 16 16 16 16
16 16 16 16 16 16 16 16 16 16
16 16 16 16 16 16 16 16 16 16
16 16 16 16 16 16 16 16 16 16
16 16 16 16 16 16 16 16 16 16
16 16 16 16 16 16 16 16 16 16
16 16 16 16 16 16 16 16 16 16
16 16 16 16 16 16 16 16 16 16
16 16 16 16 16 16 16 16 16 16
16 16 16 16 16 16 16 16 16 16
16 16 16 16 16 16 16 16 16 16
16 16 16 16 16 16 16 16 16 16
16 16 16 16 16 16 16 16 16 16
16 16 16 16 16 16 16 16 16 16
16 16 16 16 16 16 16 16 16 16
16 16 16 16 16 16 16 16 16 16
16 16 16 16 16 16 16 16 16 16
16 16 16 16 16 16 16 16 16 16
16 16 16 16 16 16 16 16 16 16
16 16 16 16 16 16 16 16 16 16
16 16 16 16 16 16 16 16 16 16
16 16 16 16 16 16 16 16 16 16
16 16 16 16 16 16 16 16 16 16
16 16 16 16 16 16 16 16 16 16
16 16 16 16 16 16 16 16 16 16
16 16 16 16 16 16 16 16 16 16
16 16 16 16 16 16 16 16 16 16
16 16 16 16 16 16 16 16 16 16
16 16 16 16 16 16 16 16 16 16
16 16 16 16 16 16 16 16 16 16
16 16 16 16 16 16 16 16 16 16
16 16 16 16 16 16 16 16 16 16
16 16 16 16 16 16 16 16 16 16
16 16 16 16 16 16 16 16 16 16
16 16 16 16 16 16 16 16 16 16
16 16 16 16 16 16 16 16 16 16
16 16 16 16 16 16 16 16 16 16
16 16 16 16 16 16 16 16 16 16
16 16 16 16 16 16 16 16 16 16
16 16 16 16 16 16 16 16 16 16
16 16 16 16 16 16 16 16 16 16
16 16 16 16 16 16 16 16 16 16
16 16 16 16 16 16 16 16 16 16
16 16 16 16 16 16 16 16 16 16
16 16 16 16 16 16 16 16 16 16
16 16 16 16 16 16 16 16 16 16
16 16 16 16 16 16 16 16 16 16
16 16 16 16 16 16 16 16 16 16
16 16 16 16 16 16 16 16 16 16
16 16 16 16 16 16 16 16 16 16
16 16 16 16 16 16 16 16 16 16
16 16 16 16 16 16 16 16 16 16
16 16 16 16 16 16 16 16 16 16
16 16 16 16 16 16 16 16 16 16
16 16 16 16 16 16 16 16 16 16
16 16 16 16 16 16 16 16 16 16
16 16 16 16 16 16 16 16 16 16
16 16 16 16 16 16 16 16 16 16
16 16 16 16 16 16 16 16 16 16
16 16 16 16 16 16 16 16 16 16
16 16 16 16 16 16 16 16 16 16
16 16 16 16 16 16 16 16 16 16
16 16 16 16 16 16 16 16 16 16
16 16 16 16 16 16 16 16 16 16
16 16 16 16 16 16 16 16 16 16
16 16 16 16 16 16 16 16 16 16
16 16 16 16 16 16 16 16 16 16
16 16 16 16 16 16 16 16 16 16
16 16 16 16 16 16 16 16 16 16
16 16 16 16 16 16 16 16 16 16
16 16 16 16 16 16 16 16 16 16
16 16 16 16 16 16 16 16 16 16
16 16 16 16 16 16 16 16 16 16
16 16 16 16 16 16 16 16 16 16
16 16 16 16 16 16 16 16 16 16
16 16 16 16 16 16 16 16 16 16
16 16 16 16 16 16 16 16 16 16
16 16 16 16 16 16 16 16 16 16
16 16 16 16 16 16 16 16 16 16
16 16 16 16 16 16 16 16 16 16
16 16 16 16 16 16 16 16 16 16
16 16 16 16 16 16 16 16 16 16
16 16 16 16 16 16 16 16 16 16
16 16 16 16 16 16 16 16 16 16
16 16 16 16 16 16 16 16 16 16
16 16 16 16 16 16 16 16 16 16
16 16 16 16 16 16 16 16 16 16
16 16 16 16 16 16 16 16 16 16
16 16 16 16 16 16 16 16 16 16
16 16 16 16 16 16 16 16 16 16
16 16 16 16 16 16 16 16 16 16
16 16 16 16 16 16 16 16 16 16
16 16 16 16 16 16 16 16 16 16
16 16 16 16 16 16 16 16 16 16
16 16 16 16 16 16 16 16 16 16
16 16 16 16 16 16 16 16 16 16
16 16 16 16 16 16 16 16 16 16
16 16 16 16 16 16 16 16 16 16
16 16 16 16 16 16 16 16 16 16
16 16 16 16 16 16 16 16 16 16
16 16 16 16 16 16 16 16 16 16
16 16 16 16 16 16 16 16 16 16
16 16 16 16 16 16 16 16 16 16
16 16 16 16 16 16 16 16 16 16
16 16 16 16 16 16 16 16 16 16
16 16 16 16 16 16 16 16 16 16
16 16 16 16 16 16 16 16 16 16
16 16 16 16 16 16 16 16 16 16
16 16 16 16 16 16 16 16 16 16
16 16 16 16 16 16 16 16 16 16
16 16 16 16 16 16 16 16 16 16
16 16 16 16 16 16 16 16 16 16
16 16 16 16 16 16 16 16 16 16
16 16 16 16 16 16 16 16 16 16
16 16 16 16 16 16 16 16 16 16
16 16 16 16 16 16 16 16 16 16
16 16 16 16 16 16 16 16 16 16
16 16 16 16 16 16 16 16 16 16
16 16 16 16 16 16 16 16 16 16
16 16 16 16 16 16 16 16 16 16
16 16 16 16 16 16 16 16 16 16
16 16 16 16 16 16 16 16 16 16
16 16 16 16 16 16 16 16 16 16
16 16 16 16 16 16 16 16 16 16
16 16 16 16 16 16 16 16 16 16
16 16 16 16 16 16 16 16 16 16
16 16 16 16 16 16 16 16 16 16
16 16 16 16 16 16 16 16 16 16
16 16 16 16 16 16 16 16 16 16
16 16 16 16 16 16 16 16 16 16
16 16 16 16 16 16 16 16 16 16
16 16 16 16 16 16 16 16 16 16
16 16 16 16 16 16 16 16 16 16
16 16 16 16 16 16 16 16 16 16
16 16 16 16 16 16 16 16 16 16
16 16 16 16 16 16 16 16 16 16
16 16 16 16 16 16 16 16 16 16
16 16 16 16 16 16 16 16 16 16
16 16 16 16 16 16 16 16 16 16
16 16 16 16 16 16 16 16 16 16
16 16 16 16 16 16 16 16 16 16
16 16 16 16 16 16 16 16 16 16
16 16 16 16 16 16 16 16 16 16
16 16 16 16 16 16 16 16 16 16
16 16 16 16 16 16 16 16 16 16
16 16 16 16 16 16 16 16 16 16
16 16 16 16 16 16 16 16 16 16
16 16 16 16 16 16 16 16 16 16
16 16 16 16 16 16 16 16 16 16
16 16 16 16 16 16 16 16 16 16
16 16 16 16 16 16 16 16 16 16
16 16 16 16 16 16 16 16 16 16
16 16 16 16 16 16 16 16 16 16
16 16 16 16 16 16 16 16 16 16
16 16 16 16 16 16 16 16 16 16
16 16 16 16 16 16 16 16 16 16
16 16 16 16 16 16 16 16 16 16
16 16 16 16 16 16 16 16 16 16
16 16 16 16 16 16 16 16 16 16
16 16 16 16 16 16 16 16 16 16
16 16 16 16 16 16 16 16 16 16
16 16 16 16 16 16 16 16 16 16
16 16 16 16 16 16 16 16 16 16
16 16 16 16 16 16 16 16 16 16
16 16 16 16 16 16 16 16 16 16
16 16 16 16 16 16 16 16 16 16
16 16 16 16 16 16 16 16 16 16
16 16 16 16 16 16 16 16 16 16
16 16 16 16 16 16 16 16 16 16
16 16 16 16 16 16 16 16 16 16
16 16 16 16 16 16 16 16 16 16
16 16 16 16 16 16 16 16 16 16
16 16 16 16 16 16 16 16 16 16
16 16 16 16 16 16 16 16 16 16
16 16 16 16 16 16 16 16 16 16
16 16 16 16 16 16 16 16 16 16
16 16 16 16 16 16 16 16 16 16
16 16 16 16 16 16 16 16 16 16
16 16 16 16 16 16 16 16 16 16
16 16 16 16 16 16 16 16 16 16
16 16 16 16 16 16 16 16 16 16
16 16 16 16 16 16 16 16 16 16
16 16 16 16 16 16 16 16 16 16
16 16 16 16 16 16 16 16 16 16
16 16 16 16 16 16 16 16 16 16
16 16 16 16 16 16 16 16 16 16
16 16 16 16 16 16 16 16 16 16
16 16 16 16 16 16 16 16 16 16
16 16 16 16 16 16 16 16 16 16
16 16 16 16 16 16 16 16 16 16
16 16 16 16 16 16 16 16 16 16
16 16 16 16 16 16 16 16 16 16
16 16 16 16 16 16 16 16 16 16
16 16 16 16 16 16 16 16 16 16
16 16 16 16 16 16 16 16 16 16
16 16 16 16 16 16 16 16 16 16
16 16 16 16 16 16 16 16 16 16
16 16 16 16 16 16 16 16 16 16
16 16 16 16 16 16 16 16 16 16
16 16 16 16 16 16 16 16 16 16
16 16 16 16 16 16 16 16 16 16
16 16 16 16 16 16 16 16 16 16
16 16 16 16 16 16 16 16 16 16
16 16 16 16 16 16 16 16 16 16
16 16 16 16 16 16 16 16 16 16
16 16 16 16 16 16 16 16 16 16
16 16 16 16 16 16 16 16 16 16
16 16 16 16 16 16 16 16 16 16
16 16 16 16 16 16 16 16 16 16
16 16 16 16 16 16 16 16 16 16
16 16 16 16 16 16 16 16 16 16
16 16 16 16 16 16 16 16 16 16
16 16 16 16 16 16 16 16 16 16
16 16 16 16 16 16 16 16 16 16
16 16 16 16 16 16 16 16 16 16
16 16 16 16 16 16 16 16 16 16
16 16 16 16 16 16 16 16 16 16
16 16 16 16 16 16 16 16 16 16
16 16 16 16 16 16 16 16 16 16
16 16 16 16 16 16 16 16 16 16
16 16 16 16 16 16 16 16 16 16
16 16 16 16 16 16 16 16 16 16
16 16 16 16 16 16 16 16 16 16
16 16 16 16 16 16 16 16 16 16
16 16 16 16 16 16 16 16 16 16
16 16 16 16 16 16 16 16 16 16
16 16 16 16 16 16 16 16 16 16
16 16 16 16 16 16 16 16 16 16
16 16 16 16 16 16 16 16 16 16
16 16 16 16 16 16 16 16 16 16
16 16 16 16 16 16 16 16 16 16
16 16 16 16 16 16 16 16 16 16
16 16 16 16 16 16 16 16 16 16
16 16 16 16 16 16 16 16 16 16
16 16 16 16 16 16 16 16 16 16
16 16 16 16 16 16 16 16 16 16
16 16 16 16 16 16 16 16 16 16
16 16 16 16 16 16 16 16 16 16
16 16 16 16 16 16 16 16 16 16
16 16 16 16 16 16 16 16 16 16
16 16 16 16 16 16 16 16 16 16
16 16 16 16 16 16 16 16 16 16
16 16 16 16 16 16 16 16 16 16
16 16 16 16 16 16 16 16 16 16
16 16 16 16 16 16 16 16 16 16
16 16 16 16 16 16 16 16 16 16
16 16 16 16 16 16 16 16 16 16
16 16 16 16 16 16 16 16 16 16
16 16 16 16 16 16 16 16 16 16
16 16 16 16 16 16 16 16 16 16
16 16 16 16 16 16 16 16 16 16
16 16 16 16 16 16 16 16 16 16
16 16 16 16 16 16 16 16 16 16
16 16 16 16 16 16 16 16 16 16
16 16 16 16 16 16 16 16 16 16
16 16 16 16 16 16 16 16 16 16
16 16 16 16 16 16 16 16 16 16
16 16 16 16 16 16 16 16 16 16
16 16 16 16 16 16 16 16 16 16
16 16 16 16 16 16 16 16 16 16
16 16 16 16 16 16 16 16 16 16
16 16 16 16 16 16 16 16 16 16
16 16 16 16 16 16 16 16 16 16
16 16 16 16 16 16 16 16 16 16
16 16 16 16 16 16 16 16 16 16
16 16 16 16 16 16 16 16 16 16
16 16 16 16 16 16 16 16 16 16
16 16 16 16 16 16 16 16 16 16
16 16 16 16 16 16 16 16 16 16
16 16 16 16 16 16 16 16 16 16
16 16 16 16 16 16 16 16 16 16
16 16 16 16 16 16 16 16 16 16
16 16 16 16 16 16 16 16 16 16
16 16 16 16 16 16 16 16 16 16
16 16 16 16 16 16 16 16 16 16
16 16 16 16 16 16 16 16 16 16
16 16 16 16 16 16 16 16 16 16
16 16 16 16 16 16 16 16 16 16
16 16 16 16 16 16 16 16 16 16
16 16 16 16 16 16 16 16 16 16
16 16 16 16 16 16 16 16 16 16
16 16 16 16 16 16 16 16 16 16
16 16 16 16 16 16 16 16 16 16
16 16 16 16 16 16 16 16 16 16
16 16 16 16 16 16 16 16 16 16
16 16 16 16 16 16 16 16 16 16
16 16 16 16 16 16 16 16 16 16
16 16 16 16 16 16 16 16 16 16
16 16 16 16 16 16 16 16 16 16
16 16 16 16 16 16 16 16 16 16
16 16 16 16 16 16 16 16 16 16
16 16 16 16 16 16 16 16 16 16
16 16 16 16 16 16 16 16 16 16
16 16 16 16 16 16 16 16 16 16
16 16 16 16 16 16 16 16 16 16
16 16 16 16 16 16 16 16 16 16
16 16 16 16 16 16 16 16 16 16
16 16 16 16 16 16 16 16 16 16
16 16 16 16 16 16 16 16 16 16
16 16 16 16 16 16 16 16 16 16
16 16 16 16 16 16 16 16 16 16
16 16 16 16 16 16 16 16 16 16
16 16 16 16 16 16 16 16 16 16
16 16 16 16 16 16 16 16 16 16
16 16 16 16 16 16 16 16 16 16
16 16 16 16 16 16 16 16 16 16
16 16 16 16 16 16 16 16 16 16
16 16 16 16 16 16 16 16 16 16
16 16 16 16 16 16 16 16 16 16
16 16 16 16 16 16 16 16 16 16
16 16 16 16 16 16 16 16 16 16
16 16 16 16 16 16 16 16 16 16
16 16 16 16 16 16 16 16 16 16
16 16 16 16 16 16 16 16 16 16
16 16 16 16 16 16 16 16 16 16
16 16 16 16 16 16 16 16 16 16
16 16 16 16 16 16 16 16 16 16
16 16 16 16 16 16 16 16 16 16
16 16 16 16 16 16 16 16 16 16
16 16 16 16 16 16 16 16 16 16
16 16 16 16 16 16 16 16 16 16
16 16 16 16 16 16 16 16 16 16
16 16 16 16 16 16 16 16 16 16
16 16 16 16 16 16 16 16 16 16
16 16 16 16 16 16 16 16 16 16
16 16 16 16 16 16 16 16 16 16
16 16 16 16 16 16 16 16 16 16
16 16 16 16 16 16 16 16 16 16
16 16 16 16 16 16 16 16 16 16
16 16 16 16 16 16 16 16 16 16
16 16 16 16 16 16 16 16 16 16
16 16 16 16 16 16 16 16 16 16
16 16 16 16 16 16 16 16 16 16
16 16 16 16 16 16 16 16 16 16
16 16 16 16 16 16 16 16 16 16
16 16 16 16 16 16 16 16 16 16
16 16 16 16 16 16 16 16 16 16
16 16 16 16 16 16 16 16 16 16
16 16 16 16 16 16 16 16 16 16
16 16 16 16 16 16 16 16 16 16
16 16 16 16 16 16 16 16 16 16
16 16 16 16 16 16 16 16 16 16
16 16 16 16 16 16 16 16 16 16
16 16 16 16 16 16 16 16 16 16
16 16 16 16 16 16 16 16 16 16
16 16 16 16 16 16 16 16 16 16
16 16 16 16 16 16 16 16 16 16
16 16 16 16 16 16 16 16 16 16
16 16 16 16 16 16 16 16 16 16
16 16 16 16 16 16 16 16 16 16
16 16 16 16 16 16 16 16 16 16
16 16 16 16 16 16 16 16 16 16
16 16 16 16 16 16 16 16 16 16
16 16 16 16 16 16 16 16 16 16
16 16 16 16 16 16 16 16 16 16
16 16 16 16 16 16 16 16 16 16
16 16 16 16 16 16 16 16 16 16
16 16 16 16 16 16 16 16 16 16
16 16 16 16 16 16 16 16 16 16
16 16 16 16 16 16 16 16 16 16
16 16 16 16 16 16 16 16 16 16
16 16 16 16 16 16 16 16 16 16
16 16 16 16 16 16 16 16 16 16
16 16 16 16 16 16 16 16 16 16
16 16 16 16 16 16 16 16 16 16
16 16 16 16 16 16 16 16 16 16
16 16 16 16 16 16 16 16 16 16
16 16 16 16 16 16 16 16 16 16
16 16 16 16 16 16 16 16 16 16
16 16 16 16 16 16 16 16 16 16
16 16 16 16 16 16 16 16 16 16
16 16 16 16 16 16 16 16 16 16
16 16 16 16 16 16 16 16 16 16
16 16 16 16 16 16 16 16 16 16
16 16 16 16 16 16 16 16 16 16
16 16 16 16 16 16 16 16 16 16
16 16 16 16 16 16 16 16 16 16
16 16 16 16 16 16 16 16 16 16
16 16 16 16 16 16 16 16 16 16
16 16 16 16 16 16 16 16 16 16
16 16 16 16 16 16 16 16 16 16
16 16 16 16 16 16 16 16 16 16
16 16 16 16 16 16 16 16 16 16
16 16 16 16 16 16 16 16 16 16
16 16 16 16 16 16 16 16 16 16
16 16 16 16 16 16 16 16 16 16
16 16 16 16 16 16 16 16 16 16
16 16 16 16 16 16 16 16 16 16
16 16 16 16 16 16 16 16 16 16
16 16 16 16 16 16 16 16 16 16
16 16 16 16 16 16 16 16 16 16
16 16 16 16 16 16 16 16 16 16
16 16 16 16 16 16 16 16 16 16
16 16 16 16 16 16 16 16 16 16
16 16 16 16 16 16 16 16 16 16
16 16 16 16 16 16 16 16 16 16
16 16 16 16 16 16 16 16 16 16
16 16 16 16 16 16 16 16 16 16
16 16 16 16 16 16 16 16 16 16
16 16 16 16 16 16 16 16 16 16
16 16 16 16 16 16 16 16 16 16
16 16 16 16 16 16 16 16 16 16
16 16 16 16 16 16 16 16 16 16
16 16 16 16 16 16 16 16 16 16
16 16 16 16 16 16 16 16 16 16
16 16 16 16 16 16 16 16 16 16
16 16 16 16 16 16 16 16 16 16
16 16 16 16 16 16 16 16 16 16
16 16 16 16 16 16 16 16 16 16
16 16 16 16 16 16 16 16 16 16
16 16 16 16 16 16 16 16 16 16
16 16 16 16 16 16 16 16 16 16
16 16 16 16 16 16 16 16 16 16
16 16 16 16 16 16 16 16 16 16
16 16 16 16 16 16 16 16 16 16
16 16 16 16 16 16 16 16 16 16
16 16 16 16 16 16 16 16 16 16
16 16 16 16 16 16 16 16 16 16
16 16 16 16 16 16 16 16 16 16
16 16 16 16 16 16 16 16 16 16
16 16 16 16 16 16 16 16 16 16
16 16 16 16 16 16 16 16 16 16
16 16 16 16 16 16 16 16 16 16
16 16 16 16 16 16 16 16 16 16
16 16 16 16 16 16 16 16 16 16
16 16 16 16 16 16 16 16 16 16
16 16 16 16 16 16 16 16 16 16
16 16 16 16 16 16 16 16 16 16
16 16 16 16 16 16 16 16 16 16
16 16 16 16 16 16 16 16 16 16
16 16 16 16 16 16 16 16 16 16
16 16 16 16 16 16 16 16 16 16
16 16 16 16 16 16 16 16 16 16
16 16 16 16 16 16 16 16 16 16
16 16 16 16 16 16 16 16 16 16
16 16 16 16 16 16 16 16 16 16
16 16 16 16 16 16 16 16 16 16
16 16 16 16 16 16 16 16 16 16
16 16 16 16 16 16 16 16 16 16
16 16 16 16 16 16 16 16 16 16
16 16 16 16 16 16 16 16 16 16
16 16 16 16 16 16 16 16 16 16
16 16 16 16 16 16 16 16 16 16
16 16 16 16 16 16 16 16 16 16
16 16 16 16 16 16 16 16 16 16
16 16 16 16 16 16 16 16 16 16
16 16 16 16 16 16 16 16 16 16
16 16 16 16 16 16 16 16 16 16
16 16 16 16 16 16 16 16 16 16
16 16 16 16 16 16 16 16 16 16
16 16 16 16 16 16 16 16 16 16
16 16 16 16 16 16 16 16 16 16
16 16 16 16 16 16 16 16 16 16
16 16 16 16 16 16 16 16 16 16
16 16 16 16 16 16 16 16 16 16
16 16 16 16 16 16 16 16 16 16
16 16 16 16 16 16 16 16 16 16
16 16 16 16 16 16 16 16 16 16
16 16 16 16 16 16 16 16 16 16
16 16 16 16 16 16 16 16 16 16
16 16 16 16 16 16 16 16 16 16
16 16 16 16 16 16 16 16 16 16
16 16 16 16 16 16 16 16 16 16
16 16 16 16 16 16 16 16 16 16
16 16 16 16 16 16 16 16 16 16
16 16 16 16 16 16 16 16 16 16
16 16 16 16 16 16 16 16 16 16
16 16 16 16 16 16 16 16 16 16
16 16 16 16 16 16 16 16 16 16
16 16 16 16 16 16 16 16 16 16
16 16 16 16 16 16 16 16 16 16
16 16 16 16 16 16 16 16 16 16
16 16 16 16 16 16 16 16 16 16
16 16 16 16 16 16 16 16 16 16
16 16 16 16 16 16 16 16 16 16
16 16 16 16 16 16 16 16 16 16
16 16 16 16 16 16 16 16 16 16
16 16 16 16 16 16 16 16 16 16
16 16 16 16 16 16 16 16 16 16
16 16 16 16 16 16 16 16 16 16
16 16 16 16 16 16 16 16 16 16
16 16 16 16 16 16 16 16 16 16
16 16 16 16 16 16 16 16 16 16
16 16 16 16 16 16 16 16 16 16
16 16 16 16 16 16 16 16 16 16
16 16 16 16 16 16 16 16 16 16
16 16 16 16 16 16 16 16 16 16
16 16 16 16 16 16 16 16 16 16
16 16 16 16 16 16 16 16 16 16
16 16 16 16 16 16 16 16 16 16
16 16 16 16 16 16 16 16 16 16
16 16 16 16 16 16 16 16 16 16
16 16 16 16 16 16 16 16 16 16
16 16 16 16 16 16 16 16 16 16
16 16 16 16 16 16 16 16 16 16
16 16 16 16 16 16 16 16 16 16
16 16 16 16 16 16 16 16 16 16
16 16 16 16 16 16 16 16 16 16
16 16 16 16 16 16 16 16 16 16
16 16 16 16 16 16 16 16 16 16
16 16 16 16 16 16 16 16 16 16
16 16 16 16 16 16 16 16 16 16
16 16 16 16 16 16 16 16 16 16
16 16 16 16 16 16 16 16 16 16
16 16 16 16 16 16 16 16 16 16
16 16 16 16 16 16 16 16 16 16
16 16 16 16 16 16 16 16 16 16
16 16 16 16 16 16 16 16 16 16
16 16 16 16 16 16 16 16 16 16
16 16 16 16 16 16 16 16 16 16
16 16 16 16 16 16 16 16 16 16
16 16 16 16 16 16 16 16 16 16
16 16 16 16 16 16 16 16 16 16
16 16 16 16 16 16 16 16 16 16
16 16 16 16 16 16 16 16 16 16
16 16 16 16 16 16 16 16 16 16
16 16 16 16 16 16 16 16 16 16
16 16 16 16 16 16 16 16 16 16
16 16 16 16 16 16 16 16 16 16
16 16 16 16 16 16 16 16 16 16
16 16 16 16 16 16 16 16 16 16
16 16 16 16 16 16 16 16 16 16
16 16 16 16 16 16 16 16 16 16
16 16 16 16 16 16 16 16 16 16
16 16 16 16 16 16 16 16 16 16
16 16 16 16 16 16 16 16 16 16
16 16 16 16 16 16 16 16 16 16
16 16 16 16 16 16 16 16 16 16
16 16 16 16 16 16 16 16 16 16
16 16 16 16 16 16 16 16 16 16
16 16 16 16 16 16 16 16 16 16
16 16 16 16 16 16 16 16 16 16
16 16 16 16 16 16 16 16 16 16
16 16 16 16 16 16 16 16 16 16
16 16 16 16 16 16 16 16 16 16
16 16 16 16 16 16 16 16 16 16
16 16 16 16 16 16 16 16 16 16
16 16 16 16 16 16 16 16 16 16
16 16 16 16 16 16 16 16 16 16
16 16 16 16 16 16 16 16 16 16
16 16 16 16 16 16 16 16 16 16
16 16 16 16 16 16 16 16 16 16
16 16 16 16 16 16 16 16 16 16
16 16 16 16 16 16 16 16 16 16
16 16 16 16 16 16 16 16 16 16
16 16 16 16 16 16 16 16 16 16
16 16 16 16 16 16 16 16 16 16
16 16 16 16 16 16 16 16 16 16
16 16 16 16 16 16 16 16 16 16
16 16 16 16 16 16 16 16 16 16
16 16 16 16 16 16 16 16 16 16
16 16 16 16 16 16 16 16 16 16
16 16 16 16 16 16 16 16 16 16
16 16 16 16 16 16 16 16 16 16
16 16 16 16 16 16 16 16 16 16
16 16 16 16 16 16 16 16 16 16
16 16 16 16 16 16 16 16 16 16
16 16 16 16 16 16 16 16 16 16
16 16 16 16 16 16 16 16 16 16
16 16 16 16 16 16 16 16 16 16
16 16 16 16 16 16 16 16 16 16
16 16 16 16 16 16 16 16 16 16
16 16 16 16 16 16 16 16 16 16
16 16 16 16 16 16 16 16 16 16
16 16 16 16 16 16 16 16 16 16
16 16 16 16 16 16 16 16 16 16
16 16 16 16 16 16 16 16 16 16
16 16 16 16 16 16 16 16 16 16
16 16 16 16 16 16 16 16 16 16
16 16 16 16 16 16 16 16 16 16
16 16 16 16 16 16 16 16 16 16
16 16 16 16 16 16 16 16 16 16
16 16 16 16 16 16 16 16 16 16
16 16 16 16 16 16 16 16 16 16
16 16 16 16 16 16 16 16 16 16
16 16 16 16 16 16 16 16 16 16
16 16 16 16 16 16 16 16 16 16
16 16 16 16 16 16 16 16 16 16
16 16 16 16 16 16 16 16 16 16
16 16 16 16 16 16 16 16 16 16
16 16 16 16 16 16 16 16 16 16
16 16 16 16 16 16 16 16 16 16
16 16 16 16 16 16 16 16 16 16
16 16 16 16 16 16 16 16 16 16
16 16 16 16 16 16 16 16 16 16
16 16 16 16 16 16 16 16 16 16
16 16 16 16 16 16 16 16 16 16
16 16 16 16 16 16 16 16 16 16
16 16 16 16 16 16 16 16 16 16
16 16 16 16 16 16 16 16 16 16
16 16 16 16 16 16 16 16 16 16
16 16 16 16 16 16 16 16 16 16
16 16 16 16 16 16 16 16 16 16
16 16 16 16 16 16 16 16 16 16
16 16 16 16 16 16 16 16 16 16
16 16 16 16 16 16 16 16 16 16
16 16 16 16 16 16 16 16 16 16
16 16 16 16 16 16 16 16 16 16
16 16 16 16 16 16 16 16 16 16
16 16 16 16 16 16 16 16 16 16
16 16 16 16 16 16 16 16 16 16
16 16 16 16 16 16 16 16 16 16
16 16 16 16 16 16 16 16 16 16
16 16 16 16 16 16 16 16 16 16
16 16 16 16 16 16 16 16 16 16
16 16 16 16 16 16 16 16 16 16
16 16 16 16 16 16 16 16 16 16
16 16 16 16 16 16 16 16 16 16
16 16 16 16 16 16 16 16 16 16
16 16 16 16 16 16 16 16 16 16
16 16 16 16 16 16 16 16 16 16
16 16 16 16 16 16 16 16 16 16
16 16 16 16 16 16 16 16 16 16
16 16 16 16 16 16 16 16 16 16
16 16 16 16 16 16 16 16 16 16
16 16 16 16 16 16 16 16 16 16
16 16 16 16 16 16 16 16 16 16
16 16 16 16 16 16 16 16 16 16
16 16 16 16 16 16 16 16 16 16
16 16 16 16 16 16 16 16 16 16
16 16 16 16 16 16 16 16 16 16
16 16 16 16 16 16 16 16 16 16
16 16 16 16 16 16 16 16 16 16
16 16 16 16 16 16 16 16 16 16
16 16 16 16 16 16 16 16 16 16
16 16 16 16 16 16 16 16 16 16
16 16 16 16 16 16 16 16 16 16
16 16 16 16 16 16 16 16 16 16
16 16 16 16 16 16 16 16 16 16
16 16 16 16 16 16 16 16 16 16
16 16 16 16 16 16 16 16 16 16
16 16 16 16 16 16 16 16 16 16
16 16 16 16 16 16 16 16 16 16
16 16 16 16 16 16 16 16 16 16
16 16 16 16 16 16 16 16 16 16
16 16 16 16 16 16 16 16 16 16
16 16 16 16 16 16 16 16 16 16
16 16 16 16 16 16 16 16 16 16
16 16 16 16 16 16 16 16 16 16
16 16 16 16 16 16 16 16 16 16
16 16 16 16 16 16 16 16 16 16
16 16 16 16 16 16 16 16 16 16
16 16 16 16 16 16 16 16 16 16
16 16 16 16 16 16 16 16 16 16
16 16 16 16 16 16 16 16 16 16
16 16 16 16 16 16 16 16 16 16
16 16 16 16 16 16 16 16 16 16
16 16 16 16 16 16 16 16 16 16
16 16 16 16 16 16 16 16 16 16
16 16 16 16 16 16 16 16 16 16
16 16 16 16 16 16 16 16 16 16
16 16 16 16 16 16 16 16 16 16
16 16 16 16 16 16 16 16 16 16
16 16 16 16 16 16 16 16 16 16
16 16 16 16 16 16 16 16 16 16
16 16 16 16 16 16 16 16 16 16
16 16 16 16 16 16 16 16 16 16
16 16 16 16 16 16 16 16 16 16
16 16 16 16 16 16 16 16 16 16
16 16 16 16 16 16 16 16 16 16
16 16 16 16 16 16 16 16 16 16
16 16 16 16 16 16 16 16 16 16
16 16 16 16 16 16 16 16 16 16
16 16 16 16 16 16 16 16 16 16
16 16 16 16 16 16 16 16 16 16
16 16 16 16 16 16 16 16 16 16
16 16 16 16 16 16 16 16 16 16
16 16 16 16 16 16 16 16 16 16
16 16 16 16 16 16 16 16 16 16
16 16 16 16 16 16 16 16 16 16
16 16 16 16 16 16 16 16 16 16
16 16 16 16 16 16 16 16 16 16
16 16 16 16 16 16 16 16 16 16
16 16 16 16 16 16 16 16 16 16
16 16 16 16 16 16 16 16 16 16
16 16 16 16 16 16 16 16 16 16
16 16 16 16 16 16 16 16 16 16
16 16 16 16 16 16 16 16 16 16
16 16 16 16 16 16 16 16 16 16
16 16 16 16 16 16 16 16 16 16
16 16 16 16 16 16 16 16 16 16
16 16 16 16 16 16 16 16 16 16
16 16 16 16 16 16 16 16 16 16
16 16 16 16 16 16 16 16 16 16
16 16 16 16 16 16 16 16 16 16
16 16 16 16 16 16 16 16 16 16
16 16 16 16 16 16 16 16 16 16
16 16 16 16 16 16 16 16 16 16
16 16 16 16 16 16 16 16 16 16
16 16 16 16 16 16 16 16 16 16
16 16 16 16 16 16 16 16 16 16
16 16 16 16 16 16 16 16 16 16
16 16 16 16 16 16 16 16 16 16
16 16 16 16 16 16 16 16 16 16
16 16 16 16 16 16 16 16 16 16
16 16 16 16 16 16 16 16 16 16
16 16 16 16 16 16 16 16 16 16
16 16 16 16 16 16 16 16 16 16
16 16 16 16 16 16 16 16 16 16
16 16 16 16 16 16 16 16 16 16
16 16 16 16 16 16 16 16 16 16
16 16 16 16 16 16 16 16 16 16
16 16 16 16 16 16 16 16 16 16
16 16 16 16 16 16 16 16 16 16
16 16 16 16 16 16 16 16 16 16
16 16 16 16 16 16 16 16 16 16
16 16 16 16 16 16 16 16 16 16
16 16 16 16 16 16 16 16 16 16
16 16 16 16 16 16 16 16 16 16
16 16 16 16 16 16 16 16 16 16
16 16 16 16 16 16 16 16 16 16
16 16 16 16 16 16 16 16 16 16
16 16 16 16 16 16 16 16 16 16
16 16 16 16 16 16 16 16 16 16
16 16 16 16 16 16 16 16 16 16
16 16 16 16 16 16 16 16 16 16
16 16 16 16 16 16 16 16 16 16
16 16 16 16 16 16 16 16 16 16
16 16 16 16 16 16 16 16 16 16
16 16 16 16 16 16 16 16 16 16
16 16 16 16 16 16 16 16 16 16
16 16 16 16 16 16 16 16 16 16
16 16 16 16 16 16 16 16 16 16
16 16 16 16 16 16 16 16 16 16
16 16 16 16 16 16 16 16 16 16
16 16 16 16 16 16 16 16 16 16
16 16 16 16 16 16 16 16 16 16
16 16 16 16 16 16 16 16 16 16
16 16 16 16 16 16 16 16 16 16
16 16 16 16 16 16 16 16 16 16
16 16 16 16 16 16 16 16 16 16
16 16 16 16 16 16 16 16 16 16
16 16 16 16 16 16 16 16 16 16
16 16 16 16 16 16 16 16 16 16
16 16 16 16 16 16 16 16 16 16
16 16 16 16 16 16 16 16 16 16
16 16 16 16 16 16 16 16 16 16
16 16 16 16 16 16 16 16 16 16
16 16 16 16 16 16 16 16 16 16
16 16 16 16 16 16 16 16 16 16
16 16 16 16 16 16 16 16 16 16
16 16 16 16 16 16 16 16 16 16
16 16 16 16 16 16 16 16 16 16
16 16 16 16 16 16 16 16 16 16
16 16 16 16 16 16 16 16 16 16
16 16 16 16 16 16 16 16 16 16
16 16 16 16 16 16 16 16 16 16
16 16 16 16 16 16 16 16 16 16
16 16 16 16 16 16 16 16 16 16
16 16 16 16 16 16 16 16 16 16
16 16 16 16 16 16 16 16 16 16
16 16 16 16 16 16 16 16 16 16
16 16 16 16 16 16 16 16 16 16
16 16 16 16 16 16 16 16 16 16
16 16 16 16 16 16 16 16 16 16
16 16 16 16 16 16 16 16 16 16
16 16 16 16 16 16 16 16 16 16
16 16 16 16 16 16 16 16 16 16
16 16 16 16 16 16 16 16 16 16
16 16 16 16 16 16 16 16 16 16
16 16 16 16 16 16 16 16 16 16
16 16 16 16 16 16 16 16 16 16
16 16 16 16 16 16 16 16 16 16
16 16 16 16 16 16 16 16 16 16
16 16 16 16 16 16 16 16 16 16
16 16 16 16 16 16 16 16 16 16
16 16 16 16 16 16 16 16 16 16
16 16 16 16 16 16 16 16 16 16
16 16 16 16 16 16 16 16 16 16
16 16 16 16 16 16 16 16 16 16
16 16 16 16 16 16 16 16 16 16
16 16 16 16 16 16 16 16 16 16
16 16 16 16 16 16 16 16 16 16
16 16 16 16 16 16 16 16 16 16
16 16 16 16 16 16 16 16 16 16
16 16 16 16 16 16 16 16 16 16
16 16 16 16 16 16 16 16 16 16
16 16 16 16 16 16 16 16 16 16
16 16 16 16 16 16 16 16 16 16
16 16 16 16 16 16 16 16 16 16
16 16 16 16 16 16 16 16 16 16
16 16 16 16 16 16 16 16 16 16
16 16 16 16 16 16 16 16 16 16
16 16 16 16 16 16 16 16 16 16
16 16 16 16 16 16 16 16 16 16
16 16 16 16 16 16 16 16 16 16
16 16 16 16 16 16 16 16 16 16
16 16 16 16 16 16 16 16 16 16
16 16 16 16 16 16 16 16 16 16
16 16 16 16 16 16 16 16 16 16
16 16 16 16 16 16 16 16 16 16
16 16 16 16 16 16 16 16 16 16
16 16 16 16 16 16 16 16 16 16
16 16 16 16 16 16 16 16 16 16
16 16 16 16 16 16 16 16 16 16
16 16 16 16 16 16 16 16 16 16
16 16 16 16 16 16 16 16 16 16
16 16 16 16 16 16 16 16 16 16
16 16 16 16 16 16 16 16 16 16
16 16 16 16 16 16 16 16 16 16
16 16 16 16 16 16 16 16 16 16
16 16 16 16 16 16 16 16 16 16
16 16 16 16 16 16 16 16 16 16
16 16 16 16 16 16 16 16 16 16
16 16 16 16 16 16 16 16 16 16
16 16 16 16 16 16 16 16 16 16
16 16 16 16 16 16 16 16 16 16
16 16 16 16 16 16 16 16 16 16
16 16 16 16 16 16 16 16 16 16
16 16 16 16 16 16 16 16 16 16
16 16 16 16 16 16 16 16 16 16
16 16 16 16 16 16 16 16 16 16
16 16 16 16 16 16 16 16 16 16
16 16 16 16 16 16 16 16 16 16
16 16 16 16 16 16 16 16 16 16
16 16 16 16 16 16 16 16 16 16
16 16 16 16 16 16 16 16 16 16
16 16 16 16 16 16 16 16 16 16
16 16 16 16 16 16 16 16 16 16
16 16 16 16 16 16 16 16 16 16
16 16 16 16 16 16 16 16 16 16
16 16 16 16 16 16 16 16 16 16
16 16 16 16 16 16 16 16 16 16
16 16 16 16 16 16 16 16 16 16
16 16 16 16 16 16 16 16 16 16
16 16 16 16 16 16 16 16 16 16
16 16 16 16 16 16 16 16 16 16
16 16 16 16 16 16 16 16 16 16
16 16 16 16 16 16 16 16 16 16
16 16 16 16 16 16 16 16 16 16
16 16 16 16 16 16 16 16 16 16
16 16 16 16 16 16 16 16 16 16
16 16 16 16 16 16 16 16 16 16
16 16 16 16 16 16 16 16 16 16
16 16 16 16 16 16 16 16 16 16
16 16 16 16 16 16 16 16 16 16
16 16 16 16 16 16 16 16 16 16
16 16 16 16 16 16 16 16 16 16
16 16 16 16 16 16 16 16 16 16
16 16 16 16 16 16 16 16 16 16
16 16 16 16 16 16 16 16 16 16
16 16 16 16 16 16 16 16 16 16
16 16 16 16 16 16 16 16 16 16
16 16 16 16 16 16 16 16 16 16
16 16 16 16 16 16 16 16 16 16
16 16 16 16 16 16 16 16 16 16
16 16 16 16 16 16 16 16 16 16
16 16 16 16 16 16 16 16 16 16
16 16 16 16 16 16 16 16 16 16
16 16 16 16 16 16 16 16 16 16
16 16 16 16 16 16 16 16 16 16
16 16 16 16 16 16 16 16 16 16
16 16 16 16 16 16 16 16 16 16
16 16 16 16 16 16 16 16 16 16
16 16 16 16 16 16 16 16 16 16
16 16 16 16 16 16 16 16 16 16
16 16 16 16 16 16 16 16 16 16
16 16 16 16 16 16 16 16 16 16
16 16 16 16 16 16 16 16 16 16
16 16 16 16 16 16 16 16 16 16
16 16 16 16 16 16 16 16 16 16
16 16 16 16 16 16 16 16 16 16
16 16 16 16 16 16 16 16 16 16
16 16 16 16 16 16 16 16 16 16
16 16 16 16 16 16 16 16 16 16
16 16 16 16 16 16 16 16 16 16
16 16 16 16 16 16 16 16 16 16
16 16 16 16 16 16 16 16 16 16
16 16 16 16 16 16 16 16 16 16
16 16 16 16 16 16 16 16 16 16
16 16 16 16 16 16 16 16 16 16
16 16 16 16 16 16 16 16 16 16
16 16 16 16 16 16 16 16 16 16
16 16 16 16 16 16 16 16 16 16
16 16 16 16 16 16 16 16 16 16
16 16 16 16 16 16 16 16 16 16
16 16 16 16 16 16 16 16 16 16
16 16 16 16 16 16 16 16 16 16
16 16 16 16 16 16 16 16 16 16
16 16 16 16 16 16 16 16 16 16
16 16 16 16 16 16 16 16 16 16
16 16 16 16 16 16 16 16 16 16
16 16 16 16 16 16 16 16 16 16
16 16 16 16 16 16 16 16 16 16
16 16 16 16 16 16 16 16 16 16
16 16 16 16 16 16 16 16 16 16
16 16 16 16 16 16 16 16 16 16
16 16 16 16 16 16 16 16 16 16
16 16 16 16 16 16 16 16 16 16
16 16 16 16 16 16 16 16 16 16
16 16 16 16 16 16 16 16 16 16
16 16 16 16 16 16 16 16 16 16
16 16 16 16 16 16 16 16 16 16
16 16 16 16 16 16 16 16 16 16
16 16 16 16 16 16 16 16 16 16
16 16 16 16 16 16 16 16 16 16
16 16 16 16 16 16 16 16 16 16
16 16 16 16 16 16 16 16 16 16
16 16 16 16 16 16 16 16 16 16
16 16 16 16 16 16 16 16 16 16
16 16 16 16 16 16 16 16 16 16
16 16 16 16 16 16 16 16 16 16
16 16 16 16 16 16 16 16 16 16
16 16 16 16 16 16 16 16 16 16
16 16 16 16 16 16 16 16 16 16
16 16 16 16 16 16 16 16 16 16
16 16 16 16 16 16 16 16 16 16
16 16 16 16 16 16 16 16 16 16
16 16 16 16 16 16 16 16 16 16
16 16 16 16 16 16 16 16 16 16
16 16 16 16 16 16 16 16 16 16
16 16 16 16 16 16 16 16 16 16
16 16 16 16 16 16 16 16 16 16
16 16 16 16 16 16 16 16 16 16
16 16 16 16 16 16 16 16 16 16
16 16 16 16 16 16 16 16 16 16
16 16 16 16 16 16 16 16 16 16
16 16 16 16 16 16 16 16 16 16
16 16 16 16 16 16 16 16 16 16
16 16 16 16 16 16 16 16 16 16
16 16 16 16 16 16 16 16 16 16
16 16 16 16 16 16 16 16 16 16
16 16 16 16 16 16 16 16 16 16
16 16 16 16 16 16 16 16 16 16
16 16 16 16 16 16 16 16 16 16
16 16 16 16 16 16 16 16 16 16
16 16 16 16 16 16 16 16 16 16
16 16 16 16 16 16 16 16 16 16
16 16 16 16 16 16 16 16 16 16
16 16 16 16 16 16 16 16 16 16
16 16 16 16 16 16 16 16 16 16
16 16 16 16 16 16 16 16 16 16
16 16 16 16 16 16 16 16 16 16
16 16 16 16 16 16 16 16 16 16
16 16 16 16 16 16 16 16 16 16
16 16 16 16 16 16 16 16 16 16
16 16 16 16 16 16 16 16 16 16
16 16 16 16 16 16 16 16 16 16
16 16 16 16 16 16 16 16 16 16
16 16 16 16 16 16 16 16 16 16
16 16 16 16 16 16 16 16 16 16
16 16 16 16 16 16 16 16 16 16
16 16 16 16 16 16 16 16 16 16
16 16 16 16 16 16 16 16 16 16
16 16 16 16 16 16 16 16 16 16
16 16 16 16 16 16 16 16 16 16
16 16 16 16 16 16 16 16 16 16
16 16 16 16 16 16 16 16 16 16
16 16 16 16 16 16 16 16 16 16
16 16 16 16 16 16 16 16 16 16
16 16 16 16 16 16 16 16 16 16
16 16 16 16 16 16 16 16 16 16
16 16 16 16 16 16 16 16 16 16
16 16 16 16 16 16 16 16 16 16
16 16 16 16 16 16 16 16 16 16
16 16 16 16 16 16 16 16 16 16
16 16 16 16 16 16 16 16 16 16
16 16 16 16 16 16 16 16 16 16
16 16 16 16 16 16 16 16 16 16
16 16 16 16 16 16 16 16 16 16
16 16 16 16 16 16 16 16 16 16
16 16 16 16 16 16 16 16 16 16
16 16 16 16 16 16 16 16 16 16
16 16 16 16 16 16 16 16 16 16
16 16 16 16 16 16 16 16 16 16
16 16 16 16 16 16 16 16 16 16
16 16 16 16 16 16 16 16 16 16
16 16 16 16 16 16 16 16 16 16
16 16 16 16 16 16 16 16 16 16
16 16 16 16 16 16 16 16 16 16
16 16 16 16 16 16 16 16 16 16
16 16 16 16 16 16 16 16 16 16
16 16 16 16 16 16 16 16 16 16
16 16 16 16 16 16 16 16 16 16
16 16 16 16 16 16 16 16 16 16
16 16 16 16 16 16 16 16 16 16
16 16 16 16 16 16 16 16 16 16
16 16 16 16 16 16 16 16 16 16
16 16 16 16 16 16 16 16 16 16
16 16 16 16 16 16 16 16 16 16
16 16 16 16 16 16 16 16 16 16
16 16 16 16 16 16 16 16 16 16
16 16 16 16 16 16 16 16 16 16
16 16 16 16 16 16 16 16 16 16
16 16 16 16 16 16 16 16 16 16
16 16 16 16 16 16 16 16 16 16
16 16 16 16 16 16 16 16 16 16
16 16 16 16 16 16 16 16 16 16
16 16 16 16 16 16 16 16 16 16
16 16 16 16 16 16 16 16 16 16
16 16 16 16 16 16 16 16 16 16
16 16 16 16 16 16 16 16 16 16
16 16 16 16 16 16 16 16 16 16
16 16 16 16 16 16 16 16 16 16
16 16 16 16 16 16 16 16 16 16
16 16 16 16 16 16 16 16 16 16
16 16 16 16 16 16 16 16 16 16
16 16 16 16 16 16 16 16 16 16
16 16 16 16 16 16 16 16 16 16
16 16 16 16 16 16 16 16 16 16
16 16 16 16 16 16 16 16 16 16
16 16 16 16 16 16 16 16 16 16
16 16 16 16 16 16 16 16 16 16
16 16 16 16 16 16 16 16 16 16
16 16 16 16 16 16 16 16 16 16
16 16 16 16 16 16 16 16 16 16
16 16 16 16 16 16 16 16 16 16
16 16 16 16 16 16 16 16 16 16
16 16 16 16 16 16 16 16 16 16
16 16 16 16 16 16 16 16 16 16
16 16 16 16 16 16 16 16 16 16
16 16 16 16 16 16 16 16 16 16
16 16 16 16 16 16 16 16 16 16
16 16 16 16 16 16 16 16 16 16
16 16 16 16 16 16 16 16 16 16
16 16 16 16 16 16 16 16 16 16
16 16 16 16 16 16 16 16 16 16
16 16 16 16 16 16 16 16 16 16
16 16 16 16 16 16 16 16 16 16
16 16 16 16 16 16 16 16 16 16
16 16 16 16 16 16 16 16 16 16
16 16 16 16 16 16 16 16 16 16
16 16 16 16 16 16 16 16 16 16
16 16 16 16 16 16 16 16 16 16
16 16 16 16 16 16 16 16 16 16
16 16 16 16 16 16 16 16 16 16
16 16 16 16 16 16 16 16 16 16
16 16 16 16 16 16 16 16 16 16
16 16 16 16 16 16 16 16 16 16
16 16 16 16 16 16 16 16 16 16
16 16 16 16 16 16 16 16 16 16
16 16 16 16 16 16 16 16 16 16
16 16 16 16 16 16 16 16 16 16
16 16 16 16 16 16 16 16 16 16
16 16 16 16 16 16 16 16 16 16
16 16 16 16 16 16 16 16 16 16
16 16 16 16 16 16 16 16 16 16
16 16 16 16 16 16 16 16 16 16
16 16 16 16 16 16 16 16 16 16
16 16 16 16 16 16 16 16 16 16
16 16 16 16 16 16 16 16 16 16
16 16 16 16 16 16 16 16 16 16
16 16 16 16 16 16 16 16 16 16
16 16 16 16 16 16 16 16 16 16
16 16 16 16 16 16 16 16 16 16
16 16 16 16 16 16 16 16 16 16
16 16 16 16 16 16 16 16 16 16
16 16 16 16 16 16 16 16 16 16
16 16 16 16 16 16 16 16 16 16
16 16 16 16 16 16 16 16 16 16
16 16 16 16 16 16 16 16 16 16
16 16 16 16 16 16 16 16 16 16
16 16 16 16 16 16 16 16 16 16
16 16 16 16 16 16 16 16 16 16
16 16 16 16 16 16 16 16 16 16
16 16 16 16 16 16 16 16 16 16
16 16 16 16 16 16 16 16 16 16
16 16 16 16 16 16 16 16 16 16
16 16 16 16 16 16 16 16 16 16
16 16 16 16 16 16 16 16 16 16
16 16 16 16 16 16 16 16 16 16
16 16 16 16 16 16 16 16 16 16
16 16 16 16 16 16 16 16 16 16
16 16 16 16 16 16 16 16 16 16
16 16 16 16 16 16 16 16 16 16
16 16 16 16 16 16 16 16 16 16
16 16 16 16 16 16 16 16 16 16
16 16 16 16 16 16 16 16 16 16
16 16 16 16 16 16 16 16 16 16
16 16 16 16 16 16 16 16 16 16
16 16 16 16 16 16 16 16 16 16
16 16 16 16 16 16 16 16 16 16
16 16 16 16 16 16 16 16 16 16
16 16 16 16 16 16 16 16 16 16
16 16 16 16 16 16 16 16 16 16
16 16 16 16 16 16 16 16 16 16
16 16 16 16 16 16 16 16 16 16
16 16 16 16 16 16 16 16 16 16
16 16 16 16 16 16 16 16 16 16
16 16 16 16 16 16 16 16 16 16
16 16 16 16 16 16 16 16 16 16
16 16 16 16 16 16 16 16 16 16
16 16 16 16 16 16 16 16 16 16
16 16 16 16 16 16 16 16 16 16
16 16 16 16 16 16 16 16 16 16
16 16 16 16 16 16 16 16 16 16
16 16 16 16 16 16 16 16 16 16
16 16 16 16 16 16 16 16 16 16
16 16 16 16 16 16 16 16 16 16
16 16 16 16 16 16 16 16 16 16
16 16 16 16 16 16 16 16 16 16
16 16 16 16 16 16 16 16 16 16
16 16 16 16 16 16 16 16 16 16
16 16 16 16 16 16 16 16 16 16
16 16 16 16 16 16 16 16 16 16
16 16 16 16 16 16 16 16 16 16
16 16 16 16 16 16 16 16 16 16
16 16 16 16 16 16 16 16 16 16
16 16 16 16 16 16 16 16 16 16
16 16 16 16 16 16 16 16 16 16
16 16 16 16 16 16 16 16 16 16
16 16 16 16 16 16 16 16 16 16
16 16 16 16 16 16 16 16 16 16
16 16 16 16 16 16 16 16 16 16
16 16 16 16 16 16 16 16 16 16
16 16 16 16 16 16 16 16 16 16
16 16 16 16 16 16 16 16 16 16
16 16 16 16 16 16 16 16 16 16
16 16 16 16 16 16 16 16 16 16
16 16 16 16 16 16 16 16 16 16
16 16 16 16 16 16 16 16 16 16
16 16 16 16 16 16 16 16 16 16
16 16 16 16 16 16 16 16 16 16
16 16 16 16 16 16 16 16 16 16
16 16 16 16 16 16 16 16 16 16
16 16 16 16 16 16 16 16 16 16
16 16 16 16 16 16 16 16 16 16
16 16 16 16 16 16 16 16 16 16
16 16 16 16 16 16 16 16 16 16
16 16 16 16 16 16 16 16 16 16
16 16 16 16 16 16 16 16 16 16
16 16 16 16 16 16 16 16 16 16
16 16 16 16 16 16 16 16 16 16
16 16 16 16 16 16 16 16 16 16
16 16 16 16 16 16 16 16 16 16
16 16 16 16 16 16 16 16 16 16
16 16 16 16 16 16 16 16 16 16
16 16 16 16 16 16 16 16 16 16
16 16 16 16 16 16 16 16 16 16
16 16 16 16 16 16 16 16 16 16
16 16 16 16 16 16 16 16 16 16
16 16 16 16 16 16 16 16 16 16
16 16 16 16 16 16 16 16 16 16
16 16 16 16 16 16 16 16 16 16
16 16 16 16 16 16 16 16 16 16
16 16 16 16 16 16 16 16 16 16
16 16 16 16 16 16 16 16 16 16
16 16 16 16 16 16 16 16 16 16
16 16 16 16 16 16 16 16 16 16
16 16 16 16 16 16 16 16 16 16
16 16 16 16 16 16 16 16 16 16
16 16 16 16 16 16 16 16 16 16
16 16 16 16 16 16 16 16 16 16
16 16 16 16 16 16 16 16 16 16
16 16 16 16 16 16 16 16 16 16
16 16 16 16 16 16 16 16 16 16
16 16 16 16 16 16 16 16 16 16
16 16 16 16 16 16 16 16 16 16
16 16 16 16 16 16 16 16 16 16
16 16 16 16 16 16 16 16 16 16
16 16 16 16 16 16 16 16 16 16
16 16 16 16 16 16 16 16 16 16
16 16 16 16 16 16 16 16 16 16
16 16 16 16 16 16 16 16 16 16
16 16 16 16 16 16 16 16 16 16
16 16 16 16 16 16 16 16 16 16
16 16 16 16 16 16 16 16 16 16
16 16 16 16 16 16 16 16 16 16
16 16 16 16 16 16 16 16 16 16
16 16 16 16 16 16 16 16 16 16
16 16 16 16 16 16 16 16 16 16
16 16 16 16 16 16 16 16 16 16
16 16 16 16 16 16 16 16 16 16
16 16 16 16 16 16 16 16 16 16
16 16 16 16 16 16 16 16 16 16
16 16 16 16 16 16 16 16 16 16
16 16 16 16 16 16 16 16 16 16
16 16 16 16 16 16 16 16 16 16
16 16 16 16 16 16 16 16 16 16
16 16 16 16 16 16 16 16 16 16
16 16 16 16 16 16 16 16 16 16
16 16 16 16 16 16 16 16 16 16
16 16 16 16 16 16 16 16 16 16
16 16 16 16 16 16 16 16 16 16
16 16 16 16 16 16 16 16 16 16
16 16 16 16 16 16 16 16 16 16
16 16 16 16 16 16 16 16 16 16
16 16 16 16 16 16 16 16 16 16
16 16 16 16 16 16 16 16 16 16
16 16 16 16 16 16 16 16 16 16
16 16 16 16 16 16 16 16 16 16
16 16 16 16 16 16 16 16 16 16
16 16 16 16 16 16 16 16 16 16
16 16 16 16 16 16 16 16 16 16
16 16 16 16 16 16 16 16 16 16
16 16 16 16 16 16 16 16 16 16
16 16 16 16 16 16 16 16 16 16
16 16 16 16 16 16 16 16 16 16
16 16 16 16 16 16 16 16 16 16
16 16 16 16 16 16 16 16 16 16
16 16 16 16 16 16 16 16 16 16
16 16 16 16 16 16 16 16 16 16
16 16 16 16 16 16 16 16 16 16
16 16 16 16 16 16 16 16 16 16
16 16 16 16 16 16 16 16 16 16
16 16 16 16 16 16 16 16 16 16
16 16 16 16 16 16 16 16 16 16
16 16 16 16 16 16 16 16 16 16
16 16 16 16 16 16 16 16 16 16
16 16 16 16 16 16 16 16 16 16
16 16 16 16 16 16 16 16 16 16
16 16 16 16 16 16 16 16 16 16
16 16 16 16 16 16 16 16 16 16
16 16 16 16 16 16 16 16 16 16
16 16 16 16 16 16 16 16 16 16
16 16 16 16 16 16 16 16 16 16
16 16 16 16 16 16 16 16 16 16
16 16 16 16 16 16 16 16 16 16
16 16 16 16 16 16 16 16 16 16
16 16 16 16 16 16 16 16 16 16
16 16 16 16 16 16 16 16 16 16
16 16 16 16 16 16 16 16 16 16
16 16 16 16 16 16 16 16 16 16
16 16 16 16 16 16 16 16 16 16
16 16 16 16 16 16 16 16 16 16
16 16 16 16 16 16 16 16 16 16
16 16 16 16 16 16 16 16 16 16
16 16 16 16 16 16 16 16 16 16
16 16 16 16 16 16 16 16 16 16
16 16 16 16 16 16 16 16 16 16
16 16 16 16 16 16 16 16 16 16
16 16 16 16 16 16 16 16 16 16
16 16 16 16 16 16 16 16 16 16
16 16 16 16 16 16 16 16 16 16
16 16 16 16 16 16 16 16 16 16
16 16 16 16 16 16 16 16 16 16
16 16 16 16 16 16 16 16 16 16
16 16 16 16 16 16 16 16 16 16
16 16 16 16 16 16 16 16 16 16
16 16 16 16 16 16 16 16 16 16
16 16 16 16 16 16 16 16 16 16
16 16 16 16 16 16 16 16 16 16
16 16 16 16 16 16 16 16 16 16
16 16 16 16 16 16 16 16 16 16
16 16 16 16 16 16 16 16 16 16
16 16 16 16 16 16 16 16 16 16
16 16 16 16 16 16 16 16 16 16
16 16 16 16 16 16 16 16 16 16
16 16 16 16 16 16 16 16 16 16
16 16 16 16 16 16 16 16 16 16
16 16 16 16 16 16 16 16 16 16
16 16 16 16 16 16 16 16 16 16
16 16 16 16 16 16 16 16 16 16
16 16 16 16 16 16 16 16 16 16
16 16 16 16 16 16 16 16 16 16
16 16 16 16 16 16 16 16 16 16
16 16 16 16 16 16 16 16 16 16
16 16 16 16 16 16 16 16 16 16
16 16 16 16 16 16 16 16 16 16
16 16 16 16 16 16 16 16 16 16
16 16 16 16 16 16 16 16 16 16
16 16 16 16 16 16 16 16 16 16
16 16 16 16 16 16 16 16 16 16
16 16 16 16 16 16 16 16 16 16
16 16 16 16 16 16 16 16 16 16
16 16 16 16 16 16 16 16 16 16
16 16 16 16 16 16 16 16 16 16
16 16 16 16 16 16 16 16 16 16
16 16 16 16 16 16 16 16 16 16
16 16 16 16 16 16 16 16 16 16
16 16 16 16 16 16 16 16 16 16
16 16 16 16 16 16 16 16 16 16
16 16 16 16 16 16 16 16 16 16
16 16 16 16 16 16 16 16 16 16
16 16 16 16 16 16 16 16 16 16
16 16 16 16 16 16 16 16 16 16
16 16 16 16 16 16 16 16 16 16
16 16 16 16 16 16 16 16 16 16
16 16 16 16 16 16 16 16 16 16
16 16 16 16 16 16 16 16 16 16
16 16 16 16 16 16 16 16 16 16
16 16 16 16 16 16 16 16 16 16
16 16 16 16 16 16 16 16 16 16
16 16 16 16 16 16 16 16 16 16
16 16 16 16 16 16 16 16 16 16
16 16 16 16 16 16 16 16 16 16
16 16 16 16 16 16 16 16 16 16
16 16 16 16 16 16 16 16 16 16
16 16 16 16 16 16 16 16 16 16
16 16 16 16 16 16 16 16 16 16
16 16 16 16 16 16 16 16 16 16
16 16 16 16 16 16 16 16 16 16
16 16 16 16 16 16 16 16 16 16
16 16 16 16 16 16 16 16 16 16
16 16 16 16 16 16 16 16 16 16
16 16 16 16 16 16 16 16 16 16
16 16 16 16 16 16 16 16 16 16
16 16 16 16 16 16 16 16 16 16
16 16 16 16 16 16 16 16 16 16
16 16 16 16 16 16 16 16 16 16
16 16 16 16 16 16 16 16 16 16
16 16 16 16 16 16 16 16 16 16
16 16 16 16 16 16 16 16 16 16
16 16 16 16 16 16 16 16 16 16
16 16 16 16 16 16 16 16 16 16
16 16 16 16 16 16 16 16 16 16
16 16 16 16 16 16 16 16 16 16
16 16 16 16 16 16 16 16 16 16
16 16 16 16 16 16 16 16 16 16
16 16 16 16 16 16 16 16 16 16
16 16 16 16 16 16 16 16 16 16
16 16 16 16 16 16 16 16 16 16
16 16 16 16 16 16 16 16 16 16
16 16 16 16 16 16 16 16 16 16
16 16 16 16 16 16 16 16 16 16
16 16 16 16 16 16 16 16 16 16
16 16 16 16 16 16 16 16 16 16
16 16 16 16 16 16 16 16 16 16
16 16 16 16 16 16 16 16 16 16
16 16 16 16 16 16 16 16 16 16
16 16 16 16 16 16 16 16 16 16
16 16 16 16 16 16 16 16 16 16
16 16 16 16 16 16 16 16 16 16
16 16 16 16 16 16 16 16 16 16
16 16 16 16 16 16 16 16 16 16
16 16 16 16 16 16 16 16 16 16
16 16 16 16 16 16 16 16 16 16
16 16 16 16 16 16 16 16 16 16
16 16 16 16 16 16 16 16 16 16
16 16 16 16 16 16 16 16 16 16
16 16 16 16 16 16 16 16 16 16
16 16 16 16 16 16 16 16 16 16
16 16 16 16 16 16 16 16 16 16
16 16 16 16 16 16 16 16 16 16
16 16 16 16 16 16 16 16 16 16
16 16 16 16 16 16 16 16 16 16
16 16 16 16 16 16 16 16 16 16
16 16 16 16 16 16 16 16 16 16
16 16 16 16 16 16 16 16 16 16
16 16 16 16 16 16 16 16 16 16
16 16 16 16 16 16 16 16 16 16
16 16 16 16 16 16 16 16 16 16
16 16 16 16 16 16 16 16 16 16
16 16 16 16 16 16 16 16 16 16
16 16 16 16 16 16 16 16 16 16
16 16 16 16 16 16 16 16 16 16
16 16 16 16 16 16 16 16 16 16
16 16 16 16 16 16 16 16 16 16
16 16 16 16 16 16 16 16 16 16
16 16 16 16 16 16 16 16 16 16
16 16 16 16 16 16 16 16 16 16
16 16 16 16 16 16 16 16 16 16
16 16 16 16 16 16 16 16 16 16
16 16 16 16 16 16 16 16 16 16
16 16 16 16 16 16 16 16 16 16
16 16 16 16 16 16 16 16 16 16
16 16 16 16 16 16 16 16 16 16
16 16 16 16 16 16 16 16 16 16
16 16 16 16 16 16 16 16 16 16
16 16 16 16 16 16 16 16 16 16
16 16 16 16 16 16 16 16 16 16
16 16 16 16 16 16 16 16 16 16
16 16 16 16 16 16 16 16 16 16
16 16 16 16 16 16 16 16 16 16
16 16 16 16 16 16 16 16 16 16
16 16 16 16 16 16 16 16 16 16
16 16 16 16 16 16 16 16 16 16
16 16 16 16 16 16 16 16 16 16
16 16 16 16 16 16 16 16 16 16
16 16 16 16 16 16 16 16 16 16
16 16 16 16 16 16 16 16 16 16
16 16 16 16 16 16 16 16 16 16
16 16 16 16 16 16 16 16 16 16
16 16 16 16 16 16 16 16 16 16
16 16 16 16 16 16 16 16 16 16
16 16 16 16 16 16 16 16 16 16
16 16 16 16 16 16 16 16 16 16
16 16 16 16 16 16 16 16 16 16
16 16 16 16 16 16 16 16 16 16
16 16 16 16 16 16 16 16 16 16
16 16 16 16 16 16 16 16 16 16
16 16 16 16 16 16 16 16 16 16
16 16 16 16 16 16 16 16 16 16
16 16 16 16 16 16 16 16 16 16
16 16 16 16 16 16 16 16 16 16
16 16 16 16 16 16 16 16 16 16
16 16 16 16 16 16 16 16 16 16
16 16 16 16 16 16 16 16 16 16
16 16 16 16 16 16 16 16 16 16
16 16 16 16 16 16 16 16 16 16
16 16 16 16 16 16 16 16 16 16
16 16 16 16 16 16 16 16 16 16
16 16 16 16 16 16 16 16 16 16
16 16 16 16 16 16 16 16 16 16
16 16 16 16 16 16 16 16 16 16
16 16 16 16 16 16 16 16 16 16
16 16 16 16 16 16 16 16 16 16
16 16 16 16 16 16 16 16 16 16
16 16 16 16 16 16 16 16 16 16
16 16 16 16 16 16 16 16 16 16
16 16 16 16 16 16 16 16 16 16
16 16 16 16 16 16 16 16 16 16
16 16 16 16 16 16 16 16 16 16
16 16 16 16 16 16 16 16 16 16
16 16 16 16 16 16 16 16 16 16
16 16 16 16 16 16 16 16 16 16
16 16 16 16 16 16 16 16 16 16
16 16 16 16 16 16 16 16 16 16
16 16 16 16 16 16 16 16 16 16
16 16 16 16 16 16 16 16 16 16
16 16 16 16 16 16 16 16 16 16
16 16 16 16 16 16 16 16 16 16
16 16 16 16 16 16 16 16 16 16
16 16 16 16 16 16 16 16 16 16
16 16 16 16 16 16 16 16 16 16
16 16 16 16 16 16 16 16 16 16
16 16 16 16 16 16 16 16 16 16
16 16 16 16 16 16 16 16 16 16
16 16 16 16 16 16 16 16 16 16
16 16 16 16 16 16 16 16 16 16
16 16 16 16 16 16 16 16 16 16
16 16 16 16 16 16 16 16 16 16
16 16 16 16 16 16 16 16 16 16
16 16 16 16 16 16 16 16 16 16
16 16 16 16 16 16 16 16 16 16
16 16 16 16 16 16 16 16 16 16
16 16 16 16 16 16 16 16 16 16
16 16 16 16 16 16 16 16 16 16
16 16 16 16 16 16 16 16 16 16
16 16 16 16 16 16 16 16 16 16
16 16 16 16 16 16 16 16 16 16
16 16 16 16 16 16 16 16 16 16
16 16 16 16 16 16 16 16 16 16
16 16 16 16 16 16 16 16 16 16
16 16 16 16 16 16 16 16 16 16
16 16 16 16 16 16 16 16 17 17
17 17 17 17 17 17 17 17 17 17
17 17 17 17 17 17 17 17 17 17
17 17 17 17 17 17 17 17 17 17
17 17 17 17 17 17 17 17 17 17
17 17 17 17 17 17 17 17 17 17
17 17 17 17 17 17 17 17 17 17
17 17 17 17 17 17 17 17 17 17
17 17 17 17 17 17 17 17 17 17
17 17 17 17 17 17 17 17 17 17
17 17 17 17 17 17 17 17 17 17
17 17 17 17 17 17 17 17 17 17
17 17 17 17 17 17 17 17 17 17
17 17 17 17 17 17 17 17 17 17
17 17 17 17 17 17 17 17 17 17
17 17 17 17 17 17 17 17 17 17
17 17 17 17 17 17 17 17 17 17
17 17 17 17 17 17 17 17 17 17
17 17 17 17 17 17 17 17 17 17
17 17 17 17 17 17 17 17 17 17
17 17 17 17 17 17 17 17 17 17
17 17 17 17 17 17 17 17 17 17
17 17 17 17 17 17 17 17 17 17
17 17 17 17 17 17 17 17 17 17
17 17 17 17 17 17 17 17 17 17
17 17 17 17 17 17 17 17 17 17
17 17 17 17 17 17 17 17 17 17
17 17 17 17 17 17 17 17 17 17
17 17 17 17 17 17 17 17 17 17
17 17 17 17 17 17 17 17 17 17
17 17 17 17 17 17 17 17 17 17
17 17 17 17 17 17 17 17 17 17
17 17 17 17 17 17 17 17 17 17
17 17 17 17 17 17 17 17 17 17
17 17 17 17 17 17 17 17 17 17
17 17 17 17 17 17 17 17 17 17
17 17 17 17 17 17 17 17 17 17
17 17 17 17 17 17 17 17 17 17
17 17 17 17 17 17 17 17 17 17
17 17 17 17 17 17 17 17 17 17
17 17 17 17 17 17 17 17 17 17
17 17 17 17 17 17 17 17 17 17
17 17 17 17 17 17 17 17 17 17
17 17 17 17 17 17 17 17 17 17
17 17 17 17 17 17 17 17 17 17
17 17 17 17 17 17 17 17 17 17
17 17 17 17 17 17 17 17 17 17
17 17 17 17 17 17 17 17 17 17
17 17 17 17 17 17 17 17 17 17
17 17 17 17 17 17 17 17 17 17
17 17 17 17 17 17 17 17 17 17
17 17 17 17 17 17 17 17 17 17
17 17 17 17 17 17 17 17 17 17
17 17 17 17 17 17 17 17 17 17
17 17 17 17 17 17 17 17 17 17
17 17 17 17 17 17 17 17 17 17
17 17 17 17 17 17 17 17 17 17
17 17 17 17 17 17 17 17 17 17
17 17 17 17 17 17 17 17 17 17
17 17 17 17 17 17 17 17 17 17
17 17 17 17 17 17 17 17 17 17
17 17 17 17 17 17 17 17 17 17
17 17 17 17 17 17 17 17 17 17
17 17 17 17 17 17 17 17 17 17
17 17 17 17 17 17 17 17 17 17
17 17 17 17 17 17 17 17 17 17
17 17 17 17 17 17 17 17 17 17
17 17 17 17 17 17 17 17 17 17
17 17 17 17 17 17 17 17 17 17
17 17 17 17 17 17 17 17 17 17
17 17 17 17 17 17 17 17 17 17
17 17 17 17 17 17 17 17 17 17
17 17 17 17 17 17 17 17 17 17
17 17 17 17 17 17 17 17 17 17
17 17 17 17 17 17 17 17 17 17
17 17 17 17 17 17 17 17 17 17
17 17 17 17 17 17 17 17 17 17
17 17 17 17 17 17 17 17 17 17
17 17 17 17 17 17 17 17 17 17
17 17 17 17 17 17 17 17 17 17
17 17 17 17 17 17 17 17 17 17
17 17 17 17 17 17 17 17 17 17
17 17 17 17 17 17 17 17 17 17
17 17 17 17 17 17 17 17 17 17
17 17 17 17 17 17 17 17 17 17
17 17 17 17 17 17 17 17 17 17
17 17 17 17 17 17 17 17 17 17
17 17 17 17 17 17 17 17 17 17
17 17 17 17 17 17 17 17 17 17
17 17 17 17 17 17 17 17 17 17
17 17 17 17 17 17 17 17 17 17
17 17 17 17 17 17 17 17 17 17
17 17 17 17 17 17 17 17 17 17
17 17 17 17 17 17 17 17 17 17
17 17 17 17 17 17 17 17 17 17
17 17 17 17 17 17 17 17 17 17
17 17 17 17 17 17 17 17 17 17
17 17 17 17 17 17 17 17 17 17
17 17 17 17 17 17 17 17 17 17
17 17 17 17 17 17 17 17 17 17
17 17 17 17 17 17 17 17 17 17
17 17 17 17 17 17 17 17 17 17
17 17 17 17 17 17 17 17 17 17
17 17 17 17 17 17 17 17 17 17
17 17 17 17 17 17 17 17 17 17
17 17 17 17 17 17 17 17 17 17
17 17 17 17 17 17 17 17 17 17
17 17 17 17 17 17 17 17 17 17
17 17 17 17 17 17 17 17 17 17
17 17 17 17 17 17 17 17 17 17
17 17 17 17 17 17 17 17 17 17
17 17 17 17 17 17 17 17 17 17
17 17 17 17 17 17 17 17 17 17
17 17 17 17 17 17 17 17 17 17
17 17 17 17 17 17 17 17 17 17
17 17 17 17 17 17 17 17 17 17
17 17 17 17 17 17 17 17 17 17
17 17 17 17 17 17 17 17 17 17
17 17 17 17 17 17 17 17 17 17
17 17 17 17 17 17 17 17 17 17
17 17 17 17 17 17 17 17 17 17
17 17 17 17 17 17 17 17 17 17
17 17 17 17 17 17 17 17 17 17
17 17 17 17 17 17 17 17 17 17
17 17 17 17 17 17 17 17 17 17
17 17 17 17 17 17 17 17 17 17
17 17 17 17 17 17 17 17 17 17
17 17 17 17 17 17 17 17 17 17
17 17 17 17 17 17 17 17 17 17
17 17 17 17 17 17 17 17 17 17
17 17 17 17 17 17 17 17 17 17
17 17 17 17 17 17 17 17 17 17
17 17 17 17 17 17 17 17 17 17
17 17 17 17 17 17 17 17 17 17
17 17 17 17 17 17 17 17 17 17
17 17 17 17 17 17 17 17 17 17
17 17 17 17 17 17 17 17 17 17
17 17 17 17 17 17 17 17 17 17
17 17 17 17 17 17 17 17 17 17
17 17 17 17 17 17 17 17 17 17
17 17 17 17 17 17 17 17 17 17
17 17 17 17 17 17 17 17 17 17
17 17 17 17 17 17 17 17 17 17
17 17 17 17 17 17 17 17 17 17
17 17 17 17 17 17 17 17 17 17
17 17 17 17 17 17 17 17 17 17
17 17 17 17 17 17 17 17 17 17
17 17 17 17 17 17 17 17 17 17
17 17 17 17 17 17 17 17 17 17
17 17 17 17 17 17 17 17 17 17
17 17 17 17 17 17 17 17 17 17
17 17 17 17 17 17 17 17 17 17
17 17 17 17 17 17 17 17 17 17
17 17 17 17 17 17 17 17 17 17
17 17 17 17 17 17 17 17 17 17
17 17 17 17 17 17 17 17 17 17
17 17 17 17 17 17 17 17 17 17
17 17 17 17 17 17 17 17 17 17
17 17 17 17 17 17 17 17 17 17
17 17 17 17 17 17 17 17 17 17
17 17 17 17 17 17 17 17 17 17
17 17 17 17 17 17 17 17 17 17
17 17 17 17 17 17 17 17 17 17
17 17 17 17 17 17 17 17 17 17
17 17 17 17 17 17 17 17 17 17
17 17 17 17 17 17 17 17 17 17
17 17 17 17 17 17 17 17 17 17
17 17 17 17 17 17 17 17 17 17
17 17 17 17 17 17 17 17 17 17
17 17 17 17 17 17 17 17 17 17
17 17 17 17 17 17 17 17 17 17
17 17 17 17 17 17 17 17 17 17
17 17 17 17 17 17 17 17 17 17
17 17 17 17 17 17 17 17 17 17
17 17 17 17 17 17 17 17 17 17
17 17 17 17 17 17 17 17 17 17
17 17 17 17 17 17 17 17 17 17
17 17 17 17 17 17 17 17 17 17
17 17 17 17 17 17 17 17 17 17
17 17 17 17 17 17 17 17 17 17
17 17 17 17 17 17 17 17 17 17
17 17 17 17 17 17 17 17 17 17
17 17 17 17 17 17 17 17 17 17
17 17 17 17 17 17 17 17 17 17
17 17 17 17 17 17 17 17 17 17
17 17 17 17 17 17 17 17 17 17
17 17 17 17 17 17 17 17 17 17
17 17 17 17 17 17 17 17 17 17
17 17 17 17 17 17 17 17 17 17
17 17 17 17 17 17 17 17 17 17
17 17 17 17 17 17 17 17 17 17
17 17 17 17 17 17 17 17 17 17
17 17 17 17 17 17 17 17 17 17
17 17 17 17 17 17 17 17 17 17
17 17 17 17 17 17 17 17 17 17
17 17 17 17 17 17 17 17 17 17
17 17 17 17 17 17 17 17 17 17
17 17 17 17 17 17 17 17 17 17
17 17 17 17 17 17 17 17 17 17
17 17 17 17 17 17 17 17 17 17
17 17 17 17 17 17 17 17 17 17
17 17 17 17 17 17 17 17 17 17
17 17 17 17 17 17 17 17 17 17
17 17 17 17 17 17 17 17 17 17
17 17 17 17 17 17 17 17 17 17
17 17 17 17 17 17 17 17 17 17
17 17 17 17 17 17 17 17 17 17
17 17 17 17 17 17 17 17 17 17
17 17 17 17 17 17 17 17 17 17
17 17 17 17 17 17 17 17 17 17
17 17 17 17 17 17 17 17 17 17
17 17 17 17 17 17 17 17 17 17
17 17 17 17 17 17 17 17 17 17
17 17 17 17 17 17 17 17 17 17
17 17 17 17 17 17 17 17 17 17
18 18 18 18 18 18 18 18 18 18
18 18 18 18 18 18 18 18 18 18
18 18 18 18 18 18 18 18 18 18
18 18 18 18 18 18 18 18 18 18
18 18 18 18 18 18 18 18 18 18
18 18 18 18 18 18 18 18 18 18
18 18 18 18 18 18 18 18 18 18
18 18 18 18 18 18 18 18 18 18
18 18 18 18 18 18 18 18 18 18
18 18 18 18 18 18 18 18 18 18
18 18 18 18 18 18 18 18 18 18
18 18 18 18 18 18 18 18 18 18
18 18 18 18 18 18 18 18 18 18
18 18 18 18 18 18 18 18 18 18
18 18 18 18 18 18 18 18 18 18
18 18 18 18 18 18 18 18 18 18
18 18 18 18 18 18 18 18 18 18
18 18 18 18 18 18 18 18 18 18
18 18 18 18 18 18 18 18 18 18
18 18 18 18 18 18 18 18 18 18
18 18 18 18 18 18 18 18 18 18
18 18 18 18 18 18 18 18 18 18
18 18 18 18 18 18 18 18 18 18
18 18 18 18 18 18 18 18 18 18
18 18 18 18 18 18 18 18 18 18
18 18 18 18 18 18 18 18 18 18
18 18 18 18 18 18 18 18 18 18
18 18 18 18 18 18 18 18 18 18
18 18 18 18 18 18 18 18 18 18
18 18 18 18 18 18 18 18 18 18
18 18 18 18 18 18 18 18 18 18
18 18 18 18 18 18 18 18 18 18
18 18 18 18 18 18 18 18 18 18
18 18 18 18 18 18 18 18 18 18
18 18 18 18 18 18 18 18 18 18
18 18 18 18 18 18 18 18 18 18
18 18 18 18 18 18 18 18 18 18
18 18 18 18 18 18 18 18 18 18
18 18 18 18 18 18 18 18 18 18
18 18 18 18 18 18 18 18 18 18
18 18 18 18 18 18 18 18 18 18
18 18 18 18 18 18 18 18 18 18
18 18 18 18 18 18 18 18 18 18
18 18 18 18 18 18 18 18 18 18
18 18 18 18 18 18 18 18 18 18
18 18 18 18 18 18 18 18 18 18
18 18 18 18 18 18 18 18 18 18
18 18 18 18 18 18 18 18 18 18
18 18 18 18 18 18 18 18 18 18
18 18 18 18 18 18 18 18 18 18
18 18 18 18 18 18 18 18 18 18
18 18 18 18 18 18 18 18 18 18
18 18 18 18 18 18 18 18 18 18
18 18 18 18 18 18 18 18 18 18
18 18 18 18 18 18 18 18 18 18
18 18 18 18 18 18 18 18 18 18
18 18 18 18 18 18 18 18 18 18
18 18 18 18 18 18 18 18 18 18
18 18 18 18 18 18 18 18 18 18
18 18 18 18 18 18 18 18 18 18
18 18 18 18 18 18 18 18 18 18
18 18 18 18 18 18 18 18 18 18
18 18 18 18 18 18 18 18 18 18
18 18 18 18 18 18 18 18 18 18
18 18 18 18 18 18 18 18 18 18
18 18 18 18 18 18 18 18 18 18
18 18 18 18 18 18 18 18 18 18
18 18 18 18 18 18 18 18 18 18
18 18 18 18 18 18 18 18 18 18
18 18 18 18 18 18 18 18 18 18
18 18 18 18 18 18 18 18 18 18
18 18 18 18 18 18 18 18 18 18
18 18 18 18 18 18 18 18 18 18
18 18 18 18 18 18 18 18 18 18
18 18 18 18 18 18 18 18 18 18
18 18 18 18 18 18 18 18 18 18
18 18 18 18 18 18 18 18 18 18
18 18 18 18 18 18 18 18 18 18
18 18 18 18 18 18 18 18 18 18
18 18 18 18 18 18 18 18 18 18
18 18 18 18 18 18 18 18 18 18
18 18 18 18 18 18 18 18 18 18
18 18 18 18 18 18 18 18 18 18
18 18 18 18 18 18 18 18 18 18
18 18 18 18 18 18 18 18 18 18
18 18 18 18 18 18 18 18 18 18
18 18 18 18 18 18 18 18 18 18
18 18 18 18 18 18 18 18 18 18
18 18 18 18 18 18 18 18 18 18
18 18 18 18 18 18 18 18 18 18
18 18 18 18 18 18 18 18 18 18
18 18 18 18 18 18 18 18 18 18
18 18 18 18 18 18 18 18 18 18
18 18 18 18 18 18 18 18 18 18
18 18 18 18 18 18 18 18 18 18
18 18 18 18 18 18 18 18 18 18
18 18 18 18 18 18 18 18 18 18
18 18 18 18 18 18 18 18 18 18
18 18 18 18 18 18 18 18 18 18
18 18 18 18 18 18 18 18 18 18
18 18 18 18 18 18 18 18 19 19
19 19 19 19 19 19 19 19 19 19
19 19 19 19 19 19 19 19 19 19
19 19 19 19 19 19 19 19 19 19
19 19 19 19 19 19 19 19 19 19
19 19 19 19 19 19 19 19 19 19
19 19 19 19 19 19 19 19 19 19
19 19 19 19 19 19 19 19 19 19
19 19 19 19 19 19 19 19 19 19
19 19 19 19 19 19 19 19 19 19
19 19 19 19 19 19 19 19 19 19
19 19 19 19 19 19 19 19 19 19
19 19 19 19 19 19 19 19 19 19
19 19 19 19 19 19 19 19 19 19
19 19 19 19 19 19 19 19 19 19
19 19 19 19 19 19 19 19 19 19
19 19 19 19 19 19 19 19 19 19
19 19 19 19 19 19 19 19 19 19
19 19 19 19 19 19 19 19 19 19
19 19 19 19 19 19 19 19 19 19
19 19 19 19 19 19 19 19 19 19
19 19 19 19 19 19 19 19 19 19
19 19 19 19 19 19 19 19 19 19
19 19 19 19 19 19 19 19 19 19
19 19 19 19 19 19 19 19 19 19
19 19 19 19 19 19 19 19 19 19
19 19 19 19 19 19 19 19 19 19
19 19 19 19 19 19 19 19 19 19
19 19 19 19 19 19 19 19 19 19
19 19 19 19 19 19 19 19 19 19
19 19 19 19 19 19 19 19 19 19
19 19 19 19 19 19 19 19 19 19
19 19 19 19 19 19 19 19 19 19
19 19 19 19 19 19 19 19 19 19
19 19 19 19 19 19 19 19 19 19
19 19 19 19 19 19 19 19 19 19
19 19 19 19 19 19 19 19 19 19
19 19 19 19 19 19 19 19 19 19
19 19 19 19 19 19 19 19 19 19
19 19 19 19 19 19 19 19 19 19
19 19 19 19 19 19 19 19 19 19
19 19 19 19 19 19 19 19 19 19
19 19 19 19 19 19 19 19 19 19
19 19 19 19 19 19 19 19 19 19
19 19 19 19 19 19 19 19 19 19
19 19 19 19 19 19 19 19 19 19
19 19 19 19 19 19 19 19 19 19
19 19 19 19 19 19 19 19 19 19
19 19 19 19 19 19 19 19 19 19
19 19 19 19 19 19 19 19 19 19
19 19 19 19 19 19 19 19 19 19
19 19 19 19 19 19 19 19 19 19
19 19 19 19 19 19 19 19 19 19
19 19 19 19 19 19 19 19 19 19
19 19 19 19 19 19 19 19 19 19
19 19 19 19 19 19 19 19 19 19
19 19 19 19 19 19 19 19 19 19
19 19 19 19 19 19 19 19 19 19
19 19 19 19 19 19 19 19 19 19
19 19 19 19 19 19 19 19 19 19
19 19 19 19 19 19 19 19 19 19
19 19 19 19 19 19 19 19 19 19
19 19 19 19 19 19 19 19 19 19
19 19 19 19 19 19 19 19 19 19
19 19 19 19 19 19 19 19 19 19
19 19 19 19 19 19 19 19 19 19
19 19 19 19 19 19 19 19 19 19
19 19 19 19 19 19 19 19 19 19
19 19 19 19 19 19 19 19 19 19
19 19 19 19 19 19 19 19 19 19
19 19 19 19 19 19 19 19 19 19
19 19 19 19 19 19 19 19 19 19
19 19 19 19 19 19 19 19 19 19
19 19 19 19 19 19 19 19 19 19
19 19 19 19 19 19 19 19 19 19
19 19 19 19 19 19 19 19 19 19
19 19 19 19 19 19 19 19 19 19
19 19 19 19 19 19 19 19 19 19
19 19 19 19 19 19 19 19 19 19
19 19 19 19 19 19 19 19 19 19
19 19 19 19 19 19 19 19 19 19
19 19 19 19 19 19 19 19 19 19
19 19 19 19 19 19 19 19 19 19
19 19 19 19 19 19 19 19 19 19
19 19 19 19 19 19 19 19 19 19
19 19 19 19 19 19 19 19 19 19
19 19 19 19 19 19 19 19 19 19
19 19 19 19 19 19 19 19 19 19
19 19 19 19 19 19 19 19 19 19
19 19 19 19 19 19 19 19 19 19
19 19 19 19 19 19 19 19 19 19
19 19 19 19 19 19 19 19 19 19
19 19 19 19 19 19 19 19 19 19
19 19 19 19 19 19 19 19 19 19
19 19 19 19 19 19 19 19 19 19
19 19 19 19 19 19 19 19 19 19
19 19 19 19 19 19 19 19 19 19
19 19 19 19 19 19 19 19 19 19
19 19 19 19 19 19 19 19 19 19
19 19 19 19 19 19 19 19 19 19
19 19 19 19 19 19 19 19 19 19
19 19 19 19 19 19 
